{
    "system_colors": [
        {
            "_id": "primary",
            "title": "Primary",
            "color": "#289C28"
        },
        {
            "_id": "secondary",
            "title": "Secondary",
            "color": "#289C28"
        },
        {
            "_id": "text",
            "title": "Text",
            "color": "#666666"
        },
        {
            "_id": "accent",
            "title": "Accent",
            "color": "#000001"
        }
    ],
    "custom_colors": [],
    "system_typography": [
        {
            "_id": "primary",
            "title": "Primary",
            "typography_typography": "custom"
        },
        {
            "_id": "secondary",
            "title": "Secondary",
            "typography_typography": "custom"
        },
        {
            "_id": "text",
            "title": "Text",
            "typography_typography": "custom"
        },
        {
            "_id": "accent",
            "title": "Accent",
            "typography_typography": "custom"
        }
    ],
    "custom_typography": [],
    "default_generic_fonts": "Sans-serif",
    "site_name": "Smartic",
    "site_description": "Just another WordPress site",
    "page_title_selector": "h1.entry-title",
    "activeItemIndex": 1,
    "body_typography_typography": "custom",
    "button_typography_typography": "custom",
    "button_typography_font_size": {
        "unit": "px",
        "size": 14,
        "sizes": []
    },
    "button_typography_font_weight": "700",
    "button_border_width": {
        "unit": "px",
        "top": "1",
        "right": "1",
        "bottom": "1",
        "left": "1",
        "isLinked": true
    },
    "button_border_radius": {
        "unit": "px",
        "top": "4",
        "right": "4",
        "bottom": "4",
        "left": "4",
        "isLinked": true
    },
    "button_padding": {
        "unit": "px",
        "top": "15",
        "right": "45",
        "bottom": "15",
        "left": "45",
        "isLinked": false
    },
    "__globals__": {
        "button_background_color": "globals\/colors?id=primary"
    },
    "button_hover_background_color": "#248D24",
    "container_width": {
        "unit": "px",
        "size": 1290,
        "sizes": []
    },
    "space_between_widgets": {
        "unit": "px",
        "size": 0,
        "sizes": []
    },
    "button_typography_line_height": {
        "unit": "em",
        "size": 1.5,
        "sizes": []
    },
    "lightbox_enable_counter": "",
    "lightbox_enable_share": "",
    "viewport_md": 768,
    "viewport_lg": 1025
}