{"sidebar-blog":{"search-2":{"title":""},"categories-3":{"title":"Blog Categories","count":0,"hierarchical":0,"dropdown":0},"recent-posts-2":{"title":"","number":5,"show_date":true},"woocommerce_product_tag_cloud-2":{"title":"Product tags"}},"sidebar-single":{"search-4":{"title":""},"categories-2":{"title":"Blog Categories","count":0,"hierarchical":0,"dropdown":0},"recent-posts-4":{"title":"Latest Posts","number":5,"show_date":true},"woocommerce_product_tag_cloud-3":{"title":"Product tags"}},"sidebar-woocommerce-shop":{"woocommerce_product_categories-1":{"title":"Product categories","orderby":"name","dropdown":0,"count":1,"hierarchical":1,"show_children_only":0,"hide_empty":0,"max_depth":""},"woocommerce_price_filter-1":{"title":"Filter by price"},"woocommerce_product_tag_cloud-1":{"title":"Product tags"}}}