<?xml version="1.0" encoding="UTF-8"?>
<!--
 This is a WordPress eXtended RSS file generated by WordPress as an export of your site.
 It contains information about your site's posts, pages, comments, categories, and other content.
 You may use this file to transfer that content from one site to another.
 This file is not intended to serve as a complete backup of your site.

 To import this information into a WordPress site follow these steps:
 1. Log in to that site as an administrator.
 2. Go to Tools: Import in the WordPress admin panel.
 3. Install the "WordPress" importer from the list.
 4. Activate & Run Importer.
 5. Upload this file using the form provided on that page.
 6. You will first be asked to map the authors in this export file to users
    on the site. For each author, you may choose to map to an
    existing user on the site or to create a new user.
 7. WordPress will then import each of the posts, pages, comments, categories, etc.
    contained in this file into your site.
-->
<!-- generator="WordPress/6.2" created="2023-04-27 03:58" -->
<rss version="2.0" xmlns:excerpt="http://wordpress.org/export/1.2/excerpt/" xmlns:content="http://purl.org/rss/1.0/modules/content/" xmlns:wfw="http://wellformedweb.org/CommentAPI/" xmlns:dc="http://purl.org/dc/elements/1.1/" xmlns:wp="http://wordpress.org/export/1.2/">
  <channel>
<title>Smartic</title>
<link>https://demo2wpopal.b-cdn.net/smartic</link>
<description>Just another WordPress site</description>
<pubDate>Thu, 27 Apr 2023 03:58:31 +0000</pubDate>
<language>en-US</language>
<wp:wxr_version>1.2</wp:wxr_version>
<wp:base_site_url>https://demo2wpopal.b-cdn.net/smartic</wp:base_site_url>
<wp:base_blog_url>https://demo2wpopal.b-cdn.net/smartic</wp:base_blog_url>
<generator>https://wordpress.org/?v=6.2</generator>
<item>
  <title><![CDATA[Home 36]]></title>
  <link>https://demo2wpopal.b-cdn.net/smartic/home-36/</link>
  <pubDate>Fri, 09 Apr 2021 07:44:00 +0000</pubDate>
  <dc:creator>admin</dc:creator>
  <guid isPermaLink="false">https://demo2wpopal.b-cdn.net/smartic/?page_id=11413</guid>
  <description/>
  <content:encoded><![CDATA[[rev_slider alias="home_36_bikey" slidertitle="Home 36 Bikey"][/rev_slider]		
				<h3>
						LIGHT					
				</h3>
									<p>
						Our engineers apply innovative thinking, well thought-through design and vast years of experience to ensure exceptional performance and quality​					</p>
				<h3>
						FAST					
				</h3>
									<p>
						Lorem ipsum dolor sit amet, consectetur adipisicing elit, sed do eiusmod tempor incididunt ut labore et dolore magna aliqua. Ut enim ad minim​					</p>
				<h3>
						SAFE					
				</h3>
									<p>
						Ut enim ad minim veniam, quis nostrud exercitation ullamco laboris nisi ut aliquip ex ea commodo consequat ullamco  laboris nisi ut aliquip. ​					</p>
            <a role="button" href="https://www.youtube.com/watch?v=B7UrfNzPkFg" data-effect="mfp-zoom-in">
                            </a>
		The world’s best<p>Bike</p>		
												<img width="612" height="354" src="https://demo2wpopal.b-cdn.net/smartic/wp-content/uploads/2021/04/home36_banner1.png" alt="" loading="lazy" srcset="https://demo2wpopal.b-cdn.net/smartic/wp-content/uploads/2021/04/home36_banner1.png 612w, https://demo2wpopal.b-cdn.net/smartic/wp-content/uploads/2021/04/home36_banner1-300x174.png 300w, https://demo2wpopal.b-cdn.net/smartic/wp-content/uploads/2021/04/home36_banner1-500x289.png 500w" sizes="(max-width: 612px) 100vw, 612px" />														
		[rev_slider alias="home_36_bikey2" slidertitle="Home 36 Bikey2"][/rev_slider]Get ready for a greatjourney
												<img width="704" height="395" src="https://demo2wpopal.b-cdn.net/smartic/wp-content/uploads/2021/04/home36-banner1.jpg" alt="" loading="lazy" srcset="https://demo2wpopal.b-cdn.net/smartic/wp-content/uploads/2021/04/home36-banner1.jpg 704w, https://demo2wpopal.b-cdn.net/smartic/wp-content/uploads/2021/04/home36-banner1-300x168.jpg 300w, https://demo2wpopal.b-cdn.net/smartic/wp-content/uploads/2021/04/home36-banner1-500x281.jpg 500w" sizes="(max-width: 704px) 100vw, 704px" />														
			<a href="https://demo2wpopal.b-cdn.net/smartic/product/a-new-way-to-ride/" role="button">
						Order Now
					</a>
		Or Call us at<br>
+844 - 1800 3355NewsletterSubscribe TodayStay up-to-date on the latest news and events!]]></content:encoded>
  <excerpt:encoded><![CDATA[]]></excerpt:encoded>
  <wp:post_id>11413</wp:post_id>
  <wp:post_date>2021-04-09 07:44:00</wp:post_date>
  <wp:post_date_gmt>2021-04-09 07:44:00</wp:post_date_gmt>
  <wp:post_modified>2023-04-18 08:04:52</wp:post_modified>
  <wp:post_modified_gmt>2023-04-18 08:04:52</wp:post_modified_gmt>
  <wp:comment_status>closed</wp:comment_status>
  <wp:ping_status>closed</wp:ping_status>
  <wp:post_name>home-36</wp:post_name>
  <wp:status>publish</wp:status>
  <wp:post_parent>0</wp:post_parent>
  <wp:menu_order>0</wp:menu_order>
  <wp:post_type>page</wp:post_type>
  <wp:post_password/>
  <wp:is_sticky>0</wp:is_sticky>
  <wp:postmeta>
    <wp:meta_key>inline_featured_image</wp:meta_key>
    <wp:meta_value><![CDATA[0]]></wp:meta_value>
  </wp:postmeta>
  <wp:postmeta>
    <wp:meta_key>_edit_last</wp:meta_key>
    <wp:meta_value><![CDATA[5]]></wp:meta_value>
  </wp:postmeta>
  <wp:postmeta>
    <wp:meta_key>_wp_page_template</wp:meta_key>
    <wp:meta_value><![CDATA[template-homepage.php]]></wp:meta_value>
  </wp:postmeta>
  <wp:postmeta>
    <wp:meta_key>_elementor_edit_mode</wp:meta_key>
    <wp:meta_value><![CDATA[builder]]></wp:meta_value>
  </wp:postmeta>
  <wp:postmeta>
    <wp:meta_key>_elementor_template_type</wp:meta_key>
    <wp:meta_value><![CDATA[wp-page]]></wp:meta_value>
  </wp:postmeta>
  <wp:postmeta>
    <wp:meta_key>_elementor_version</wp:meta_key>
    <wp:meta_value><![CDATA[3.12.1]]></wp:meta_value>
  </wp:postmeta>
  <wp:postmeta>
    <wp:meta_key>_elementor_pro_version</wp:meta_key>
    <wp:meta_value><![CDATA[3.12.2]]></wp:meta_value>
  </wp:postmeta>
  <wp:postmeta>
    <wp:meta_key>_elementor_data</wp:meta_key>
    <wp:meta_value><![CDATA[[{"id":"a63fde6","elType":"section","settings":{"gap":"no","stretch_section":"section-stretched","border_border":"solid","border_width":{"unit":"px","top":"1","right":"0","bottom":"0","left":"0","isLinked":false},"border_color":"#FFFFFF1F","margin":{"unit":"px","top":"110","right":0,"bottom":"60","left":0,"isLinked":false},"padding":{"unit":"px","top":"0","right":"0","bottom":"0","left":"0","isLinked":false},"margin_tablet":{"unit":"px","top":"85","right":0,"bottom":"0","left":0,"isLinked":false},"html_tag":"div"},"elements":[{"id":"8218959","elType":"column","settings":{"_column_size":100,"_inline_size":null,"space_between_widgets":0},"elements":[{"id":"d653f54","elType":"widget","settings":{"revslidertitle":"Home 36 Bikey","shortcode":"[rev_slider alias=\"home_36_bikey\" slidertitle=\"Home 36 Bikey\"][\/rev_slider]"},"elements":[],"widgetType":"slider_revolution"}],"isInner":false}],"isInner":false},{"id":"201fd63","elType":"section","settings":{"structure":"30","content_delay_time":"0.50","background_background":"classic","background_color":"#ffffff","gap":"no","animation":"opal-move-up","animation_duration":"fast","html_tag":"div"},"elements":[{"id":"b39f75d","elType":"column","settings":{"_column_size":33,"_inline_size":null,"padding":{"unit":"px","top":"0","right":"0","bottom":"0","left":"0","isLinked":true},"space_between_widgets":0,"border_border":"solid","border_width":{"unit":"px","top":"0","right":"1","bottom":"0","left":"0","isLinked":false},"border_color":"#e5e5e5"},"elements":[{"id":"0b946f3","elType":"widget","settings":{"icon":"opal-icon-bike","title_text":"LIGHT","description_text":"Our engineers apply innovative thinking, well thought-through design and vast years of experience to ensure exceptional performance and quality\u200b","primary_color":"#000000","icon_space":{"unit":"px","size":30,"sizes":[]},"text_align":"center","content_vertical_alignment":"middle","title_color":"#000000","title_typography_typography":"custom","title_typography_font_weight":"600","_padding":{"unit":"px","top":"70","right":"50","bottom":"90","left":"50","isLinked":false},"icon_size":{"unit":"px","size":60,"sizes":[]},"title_typography_font_size":{"unit":"px","size":16,"sizes":[]},"title_typography_letter_spacing":{"unit":"px","size":0,"sizes":[]},"description_typography_font_size":{"unit":"px","size":14,"sizes":[]},"description_typography_line_height":{"unit":"px","size":24,"sizes":[]},"selected_icon":{"value":"smartic-icon- smartic-icon-ride","library":"smartic-icon-new"},"hover_animation":"grow","description_color":"#666666","__fa4_migrated":{"selected_icon":true},"icon_space_mobile":{"unit":"px","size":0,"sizes":[]},"_padding_tablet":{"unit":"px","top":"30","right":"15","bottom":"30","left":"15","isLinked":false},"_padding_mobile":{"unit":"px","top":"40","right":"15","bottom":"15","left":"15","isLinked":false}},"elements":[],"widgetType":"icon-box"}],"isInner":false},{"id":"9d01e84","elType":"column","settings":{"_column_size":33,"_inline_size":null,"padding":{"unit":"px","top":"0","right":"0","bottom":"0","left":"0","isLinked":true},"space_between_widgets":0,"border_border":"solid","border_width":{"unit":"px","top":"0","right":"1","bottom":"0","left":"0","isLinked":false},"border_color":"#e5e5e5"},"elements":[{"id":"24579f6","elType":"widget","settings":{"icon":"opal-icon-fast_clock","title_text":"FAST","description_text":"Lorem ipsum dolor sit amet, consectetur adipisicing elit, sed do eiusmod tempor incididunt ut labore et dolore magna aliqua. Ut enim ad minim\u200b","primary_color":"#000000","icon_space":{"unit":"px","size":30,"sizes":[]},"text_align":"center","content_vertical_alignment":"middle","title_color":"#000000","title_typography_typography":"custom","title_typography_font_weight":"600","_padding":{"unit":"px","top":"70","right":"50","bottom":"90","left":"50","isLinked":false},"icon_size":{"unit":"px","size":60,"sizes":[]},"title_typography_font_size":{"unit":"px","size":16,"sizes":[]},"title_typography_letter_spacing":{"unit":"px","size":0,"sizes":[]},"description_typography_font_size":{"unit":"px","size":14,"sizes":[]},"description_typography_line_height":{"unit":"px","size":24,"sizes":[]},"selected_icon":{"value":"smartic-icon- smartic-icon-fast","library":"smartic-icon-new"},"hover_animation":"grow","description_color":"#666666","__fa4_migrated":{"selected_icon":true},"icon_space_mobile":{"unit":"px","size":10,"sizes":[]},"_padding_tablet":{"unit":"px","top":"30","right":"15","bottom":"30","left":"15","isLinked":false}},"elements":[],"widgetType":"icon-box"}],"isInner":false},{"id":"d17586d","elType":"column","settings":{"_column_size":33,"_inline_size":null,"padding":{"unit":"px","top":"0","right":"0","bottom":"0","left":"0","isLinked":true},"space_between_widgets":0},"elements":[{"id":"127729c","elType":"widget","settings":{"icon":"opal-icon-safe","title_text":"SAFE","description_text":"Ut enim ad minim veniam, quis nostrud exercitation ullamco laboris nisi ut aliquip ex ea commodo consequat ullamco  laboris nisi ut aliquip. \u200b","primary_color":"#000000","icon_space":{"unit":"px","size":30,"sizes":[]},"text_align":"center","content_vertical_alignment":"middle","title_color":"#000000","title_typography_typography":"custom","title_typography_font_weight":"600","_padding":{"unit":"px","top":"70","right":"50","bottom":"90","left":"50","isLinked":false},"icon_size":{"unit":"px","size":60,"sizes":[]},"title_typography_font_size":{"unit":"px","size":16,"sizes":[]},"title_typography_letter_spacing":{"unit":"px","size":0,"sizes":[]},"description_typography_font_size":{"unit":"px","size":14,"sizes":[]},"description_typography_line_height":{"unit":"px","size":24,"sizes":[]},"selected_icon":{"value":"smartic-icon- smartic-icon-safe-2","library":"smartic-icon-new"},"hover_animation":"grow","description_color":"#666666","__fa4_migrated":{"selected_icon":true},"icon_space_mobile":{"unit":"px","size":10,"sizes":[]},"_padding_tablet":{"unit":"px","top":"30","right":"15","bottom":"30","left":"15","isLinked":false},"_padding_mobile":{"unit":"px","top":"15","right":"15","bottom":"40","left":"15","isLinked":false}},"elements":[],"widgetType":"icon-box"}],"isInner":false}],"isInner":false},{"id":"2f1662e","elType":"section","settings":{"content_delay_time":"0.50","background_background":"classic","background_image":{"id":13836,"url":"https:\/\/demo2wpopal.b-cdn.net\/smartic\/wp-content\/uploads\/2021\/04\/home-17_niche_17_banner1.jpg"},"padding":{"unit":"px","top":"230","right":"0","bottom":"230","left":"0","isLinked":false},"section_parallax_on":"yes","margin":{"unit":"px","top":"0","right":0,"bottom":"80","left":0,"isLinked":false},"gap":"no","padding_tablet":{"unit":"px","top":"150","right":"0","bottom":"150","left":"0","isLinked":false},"html_tag":"div"},"elements":[{"id":"637faf3","elType":"column","settings":{"_column_size":100},"elements":[{"id":"c49cb6d","elType":"widget","settings":{"video_link":"https:\/\/www.youtube.com\/watch?v=B7UrfNzPkFg","icon_font":"fa fa-play-circle","video_size":{"unit":"px","size":70,"sizes":[]},"video_color":"#FFFFFF","border_video_border":"solid","border_video_width":{"unit":"px","top":"1","right":"1","bottom":"1","left":"1","isLinked":true},"border_video_color":"#FFFFFF45","video_border_radius":{"unit":"px","top":"100","right":"100","bottom":"100","left":"100","isLinked":true},"video_padding":{"unit":"px","top":"10","right":"10","bottom":"10","left":"10","isLinked":true},"__globals__":{"video_hover_color":"globals\/colors?id=primary"},"_animation":"opal-move-up","animation_duration":"fast"},"elements":[],"widgetType":"smartic-video-popup"}],"isInner":false}],"isInner":false},{"id":"5be3221","elType":"section","settings":{"gap":"no","margin":{"unit":"px","top":"0","right":0,"bottom":"100","left":0,"isLinked":false},"margin_mobile":{"unit":"px","top":"0","right":0,"bottom":"0","left":0,"isLinked":false},"html_tag":"div"},"elements":[{"id":"edac0ac","elType":"column","settings":{"_column_size":100,"_inline_size":null,"space_between_widgets":0},"elements":[{"id":"e437914","elType":"widget","settings":{"editor":"The world\u2019s best","align":"center","text_color":"#FFFFFF","typography_typography":"custom","typography_font_size":{"unit":"px","size":30,"sizes":[]},"typography_font_weight":"600","_animation":"opal-move-up","animation_duration":"fast"},"elements":[],"widgetType":"text-editor"},{"id":"cab96b0","elType":"widget","settings":{"editor":"<p>Bike<\/p>","align":"center","typography_typography":"custom","typography_font_family":"Poppins","typography_font_size":{"unit":"px","size":240,"sizes":[]},"typography_font_weight":"900","typography_text_transform":"uppercase","typography_line_height":{"unit":"px","size":240,"sizes":[]},"typography_letter_spacing":{"unit":"px","size":40,"sizes":[]},"__globals__":{"text_color":"globals\/colors?id=primary"},"typography_font_size_tablet":{"unit":"px","size":220,"sizes":[]},"typography_font_size_mobile":{"unit":"px","size":115,"sizes":[]},"typography_letter_spacing_mobile":{"unit":"px","size":5,"sizes":[]},"_animation":"opal-move-up","animation_duration":"fast","_animation_delay":200},"elements":[],"widgetType":"text-editor"},{"id":"56e6389","elType":"widget","settings":{"image":{"url":"https:\/\/demo2wpopal.b-cdn.net\/smartic\/wp-content\/uploads\/2021\/04\/home36_banner1.png","id":13970},"image_size":"full","_element_width":"auto","_position":"absolute","_offset_x":{"unit":"%","size":25,"sizes":[]},"_offset_y":{"unit":"%","size":30,"sizes":[]},"_offset_x_tablet":{"unit":"%","size":5,"sizes":[]},"animation_duration":"fast","_animation_delay":300,"motion_fx_motion_fx_mouse":"yes","motion_fx_mouseTrack_effect":"yes"},"elements":[],"widgetType":"image"}],"isInner":false}],"isInner":false},{"id":"fa64f6a","elType":"section","settings":{"gap":"no","animation_duration":"fast","animation_delay":400,"html_tag":"div"},"elements":[{"id":"94d51b0","elType":"column","settings":{"_column_size":100,"_inline_size":null,"space_between_widgets":0},"elements":[{"id":"0275a49","elType":"widget","settings":{"revslidertitle":"Home 36 Bikey2","shortcode":"[rev_slider alias=\"home_36_bikey2\" slidertitle=\"Home 36 Bikey2\"][\/rev_slider]"},"elements":[],"widgetType":"slider_revolution"}],"isInner":false}],"isInner":false},{"id":"e5a206d","elType":"section","settings":{"stretch_section":"section-stretched","layout":"full_width","gap":"no","content_delay_time":"0.50","background_background":"classic","background_image":{"id":13837,"url":"https:\/\/demo2wpopal.b-cdn.net\/smartic\/wp-content\/uploads\/2021\/04\/home-17_niche_17_banner3.png"},"margin":{"unit":"px","top":"-80","right":0,"bottom":"0","left":0,"isLinked":false},"padding":{"unit":"px","top":"220","right":"0","bottom":"170","left":"0","isLinked":false},"z_index":0,"background_position":"center center","background_repeat":"no-repeat","parallax_type":"scale","content_position":"middle","padding_tablet":{"unit":"px","top":"150","right":"0","bottom":"150","left":"0","isLinked":false},"padding_mobile":{"unit":"px","top":"80","right":"15","bottom":"80","left":"15","isLinked":false},"background_motion_fx_translateY_speed":{"unit":"px","size":2,"sizes":[]},"html_tag":"div"},"elements":[{"id":"faf59cb","elType":"column","settings":{"_column_size":100},"elements":[{"id":"b3fd5b5","elType":"widget","settings":{"editor":"Get ready for a great","align":"center","text_color":"#ffffff","typography_typography":"custom","typography_font_size":{"unit":"px","size":30},"typography_font_weight":"600","typography_letter_spacing":{"unit":"px","size":""},"_z_index":1,"typography_font_size_tablet":{"unit":"px","size":26},"typography_font_size_mobile":{"unit":"px","size":26},"typography_line_height":{"unit":"px","size":70,"sizes":[]},"_animation":"opal-move-up","animation_duration":"fast","_margin":{"unit":"px","top":"0","right":"0","bottom":"20","left":"0","isLinked":false}},"elements":[],"widgetType":"text-editor"},{"id":"6492365","elType":"widget","settings":{"editor":"journey\n","align":"center","text_color":"#ffffff","typography_typography":"custom","typography_font_size":{"unit":"px","size":100},"typography_font_weight":"900","typography_text_transform":"uppercase","typography_line_height":{"unit":"px","size":70},"typography_letter_spacing":{"unit":"px","size":20},"_z_index":1,"typography_font_size_tablet":{"unit":"px","size":50},"typography_line_height_tablet":{"unit":"px","size":16},"typography_font_size_mobile":{"unit":"px","size":46},"typography_letter_spacing_mobile":{"unit":"px","size":5,"sizes":[]},"_animation":"opal-move-up","animation_duration":"fast"},"elements":[],"widgetType":"text-editor"}],"isInner":false}],"isInner":false},{"id":"7f5f6f4","elType":"section","settings":{"gap":"no","background_background":"classic","background_color":"#FFFFFF","padding":{"unit":"px","top":"130","right":"30","bottom":"90","left":"30","isLinked":false},"padding_mobile":{"unit":"px","top":"40","right":"15","bottom":"40","left":"15","isLinked":false},"html_tag":"div"},"elements":[{"id":"f8f672a","elType":"column","settings":{"_column_size":100,"_inline_size":null,"space_between_widgets":0,"align":"center"},"elements":[{"id":"5b35e4d","elType":"widget","settings":{"image":{"url":"https:\/\/demo2wpopal.b-cdn.net\/smartic\/wp-content\/uploads\/2021\/04\/home36-banner1.jpg","id":13945},"image_size":"full","_margin":{"unit":"px","top":"0","right":"0","bottom":"90","left":"0","isLinked":false},"_margin_mobile":{"unit":"px","top":"0","right":"0","bottom":"40","left":"0","isLinked":false},"_animation":"opal-scale-up","animation_duration":"fast","motion_fx_motion_fx_mouse":"yes","motion_fx_mouseTrack_effect":"yes"},"elements":[],"widgetType":"image"},{"id":"31f04dd","elType":"widget","settings":{"text":"Order Now","_margin":{"unit":"px","top":"0","right":"30","bottom":"0","left":"0","isLinked":false},"_element_width":"auto","_margin_tablet":{"unit":"px","top":"0","right":"10","bottom":"0","left":"0","isLinked":false},"_animation":"opal-move-right","animation_duration":"fast","__globals__":{"button_background_hover_color":""},"_margin_mobile":{"unit":"px","top":"0","right":"0","bottom":"10","left":"0","isLinked":false},"link":{"url":"https:\/\/demo2wpopal.b-cdn.net\/smartic\/product\/a-new-way-to-ride\/","is_external":"","nofollow":"","custom_attributes":""}},"elements":[],"widgetType":"button"},{"id":"b834f15","elType":"widget","settings":{"editor":"<span style=\"font-size: 14px;\">Or Call us at<\/span><br>\n<span style=\"color: #000000;\">+844 - 1800 3355<\/span>","text_color":"#999999","typography_typography":"custom","typography_font_size":{"unit":"px","size":24,"sizes":[]},"typography_font_weight":"600","typography_line_height":{"unit":"px","size":24,"sizes":[]},"_element_width":"auto","_animation":"opal-move-left","animation_duration":"fast","align_mobile":"center"},"elements":[],"widgetType":"text-editor"}],"isInner":false}],"isInner":false},{"id":"8e403c3","elType":"section","settings":{"gap":"no","padding":{"unit":"px","top":"80","right":"0","bottom":"80","left":"0","isLinked":false},"border_border":"solid","border_width":{"unit":"px","top":"0","right":"0","bottom":"1","left":"0","isLinked":false},"border_color":"#404040","html_tag":"div"},"elements":[{"id":"3e410d7","elType":"column","settings":{"_column_size":100,"_inline_size":null,"align":"center","space_between_widgets":0},"elements":[{"id":"2c17833","elType":"widget","settings":{"editor":"Newsletter","align":"center","text_color":"#FFFFFF0A","typography_typography":"custom","typography_font_family":"Poppins","typography_font_size":{"unit":"px","size":140,"sizes":[]},"typography_font_weight":"900","typography_text_transform":"uppercase","typography_letter_spacing":{"unit":"px","size":28,"sizes":[]},"_z_index":1,"_position":"absolute","typography_font_size_mobile":{"unit":"px","size":38,"sizes":[]},"typography_letter_spacing_mobile":{"unit":"px","size":5,"sizes":[]}},"elements":[],"widgetType":"text-editor"},{"id":"6c391a6","elType":"widget","settings":{"editor":"Subscribe Today","align":"center","typography_typography":"custom","typography_font_size":{"unit":"px","size":30,"sizes":[]},"typography_font_weight":"600","_z_index":2,"__globals__":{"text_color":"globals\/colors?id=primary"},"_animation":"opal-move-up","animation_duration":"fast"},"elements":[],"widgetType":"text-editor"},{"id":"86ab25b","elType":"widget","settings":{"editor":"Stay up-to-date on the latest news and events! ","align":"center","text_color":"#FFFFFF","_margin":{"unit":"px","top":"0","right":"0","bottom":"20","left":"0","isLinked":false},"_z_index":2,"_animation":"opal-move-up","animation_duration":"fast"},"elements":[],"widgetType":"text-editor"},{"id":"518153c","elType":"widget","settings":{"form_name":"New Form","form_fields":[{"custom_id":"email","field_type":"email","required":"true","field_label":"Email","placeholder":"Your email...","width":"80","_id":"59f5165","width_mobile":"80"}],"show_labels":"","button_width":"20","step_next_label":"Next","step_previous_label":"Previous","button_text":"Subscribe","email_to":"admin@admin.com","email_subject":"New message from \"Smartic\"","email_content":"[all-fields]","email_from":"email@dev.wpopal.com","email_from_name":"Smartic","email_to_2":"admin@admin.com","email_subject_2":"New message from \"Smartic\"","email_content_2":"[all-fields]","email_from_2":"email@dev.wpopal.com","email_from_name_2":"Smartic","email_reply_to_2":"admin@admin.com","mailchimp_fields_map":[],"drip_fields_map":[],"activecampaign_fields_map":[],"getresponse_fields_map":[],"convertkit_fields_map":[],"mailerlite_fields_map":[],"success_message":"The form was sent successfully.","error_message":"An error occurred.","required_field_message":"This field is required.","invalid_message":"There's something wrong. The form is invalid.","column_gap":{"unit":"px","size":"","sizes":[]},"row_gap":{"unit":"px","size":"","sizes":[]},"field_text_color":"#000000","field_typography_typography":"custom","field_typography_font_size":{"unit":"px","size":14,"sizes":[]},"field_typography_line_height":{"unit":"px","size":0,"sizes":[]},"field_typography_letter_spacing":{"unit":"px","size":0,"sizes":[]},"field_background_color":"#FFFFFF00","field_border_width":{"unit":"px","top":"0","right":"0","bottom":"0","left":"0","isLinked":true},"field_text_padding":{"unit":"px","top":"0","right":"0","bottom":"0","left":"20","isLinked":false},"button_typography_typography":"custom","button_typography_font_size":{"unit":"px","size":14,"sizes":[]},"_padding":{"unit":"px","top":"3","right":"3","bottom":"3","left":"3","isLinked":true},"_background_background":"classic","_background_color":"#FFFFFF","_border_radius":{"unit":"px","top":"5","right":"5","bottom":"5","left":"5","isLinked":true},"_element_width":"initial","_element_custom_width":{"unit":"px","size":700,"sizes":[]},"__globals__":{"field_text_color":"globals\/colors?id=accent","button_background_color":"","button_text_color":""},"button_width_mobile":"20","button_text_padding":{"unit":"px","top":"15","right":"20","bottom":"15","left":"20","isLinked":false},"button_align_mobile":"end","button_text_color":"#FFFFFF","_z_index":2,"_animation":"opal-move-up","animation_duration":"fast","server_message":"Your submission failed because of a server error."},"elements":[],"widgetType":"form"}],"isInner":false}],"isInner":false}]]]></wp:meta_value>
  </wp:postmeta>
  <wp:postmeta>
    <wp:meta_key>_elementor_page_settings</wp:meta_key>
    <wp:meta_value><![CDATA[a:2:{s:21:"background_background";s:7:"classic";s:16:"background_color";s:7:"#2A2A2A";}]]></wp:meta_value>
  </wp:postmeta>
  <wp:postmeta>
    <wp:meta_key>_elementor_controls_usage</wp:meta_key>
    <wp:meta_value><![CDATA[a:9:{s:17:"smartic-revslider";a:3:{s:5:"count";i:2;s:15:"control_percent";i:0;s:8:"controls";a:1:{s:7:"content";a:1:{s:10:"rev_slider";a:1:{s:9:"rev_alias";i:2;}}}}s:6:"column";a:3:{s:5:"count";i:10;s:15:"control_percent";i:1;s:8:"controls";a:3:{s:6:"layout";a:1:{s:6:"layout";a:3:{s:12:"_inline_size";i:8;s:21:"space_between_widgets";i:8;s:5:"align";i:2;}}s:8:"advanced";a:1:{s:16:"section_advanced";a:1:{s:7:"padding";i:3;}}s:5:"style";a:1:{s:14:"section_border";a:3:{s:13:"border_border";i:2;s:12:"border_width";i:2;s:12:"border_color";i:2;}}}}s:7:"section";a:3:{s:5:"count";i:8;s:15:"control_percent";i:1;s:8:"controls";a:3:{s:6:"layout";a:2:{s:14:"section_layout";a:4:{s:3:"gap";i:8;s:15:"stretch_section";i:2;s:6:"layout";i:1;s:16:"content_position";i:1;}s:17:"section_structure";a:1:{s:9:"structure";i:1;}}s:5:"style";a:2:{s:14:"section_border";a:3:{s:13:"border_border";i:2;s:12:"border_width";i:2;s:12:"border_color";i:2;}s:18:"section_background";a:6:{s:21:"background_background";i:4;s:16:"background_color";i:2;s:16:"background_image";i:2;s:19:"background_position";i:1;s:17:"background_repeat";i:1;s:37:"background_motion_fx_translateY_speed";i:1;}}s:8:"advanced";a:2:{s:16:"section_advanced";a:7:{s:6:"margin";i:4;s:7:"padding";i:5;s:13:"margin_tablet";i:1;s:14:"padding_tablet";i:2;s:13:"margin_mobile";i:1;s:7:"z_index";i:1;s:14:"padding_mobile";i:2;}s:15:"section_effects";a:3:{s:9:"animation";i:1;s:18:"animation_duration";i:2;s:15:"animation_delay";i:1;}}}}s:8:"icon-box";a:3:{s:5:"count";i:3;s:15:"control_percent";i:7;s:8:"controls";a:3:{s:7:"content";a:1:{s:12:"section_icon";a:3:{s:10:"title_text";i:3;s:16:"description_text";i:3;s:13:"selected_icon";i:3;}}s:5:"style";a:2:{s:18:"section_style_icon";a:5:{s:13:"primary_color";i:3;s:10:"icon_space";i:3;s:9:"icon_size";i:3;s:15:"hover_animation";i:3;s:17:"icon_space_mobile";i:3;}s:21:"section_style_content";a:11:{s:10:"text_align";i:3;s:26:"content_vertical_alignment";i:3;s:11:"title_color";i:3;s:27:"title_typography_typography";i:3;s:28:"title_typography_font_weight";i:3;s:26:"title_typography_font_size";i:3;s:28:"title_typography_line_height";i:3;s:31:"title_typography_letter_spacing";i:3;s:32:"description_typography_font_size";i:3;s:34:"description_typography_line_height";i:3;s:17:"description_color";i:3;}}s:8:"advanced";a:1:{s:14:"_section_style";a:3:{s:8:"_padding";i:3;s:15:"_padding_tablet";i:3;s:15:"_padding_mobile";i:2;}}}}s:19:"smartic-video-popup";a:3:{s:5:"count";i:1;s:15:"control_percent";i:3;s:8:"controls";a:3:{s:7:"content";a:1:{s:14:"section_videos";a:2:{s:10:"video_link";i:1;s:9:"icon_font";i:1;}}s:5:"style";a:1:{s:19:"section_video_style";a:7:{s:10:"video_size";i:1;s:11:"video_color";i:1;s:19:"border_video_border";i:1;s:18:"border_video_width";i:1;s:18:"border_video_color";i:1;s:19:"video_border_radius";i:1;s:13:"video_padding";i:1;}}s:8:"advanced";a:1:{s:15:"section_effects";a:2:{s:10:"_animation";i:1;s:18:"animation_duration";i:1;}}}}s:11:"text-editor";a:3:{s:5:"count";i:8;s:15:"control_percent";i:2;s:8:"controls";a:3:{s:7:"content";a:1:{s:14:"section_editor";a:1:{s:6:"editor";i:8;}}s:5:"style";a:1:{s:13:"section_style";a:14:{s:5:"align";i:7;s:10:"text_color";i:6;s:21:"typography_typography";i:7;s:20:"typography_font_size";i:7;s:22:"typography_font_weight";i:7;s:22:"typography_font_family";i:2;s:25:"typography_text_transform";i:3;s:22:"typography_line_height";i:5;s:25:"typography_letter_spacing";i:4;s:27:"typography_font_size_tablet";i:3;s:27:"typography_font_size_mobile";i:4;s:32:"typography_letter_spacing_mobile";i:3;s:29:"typography_line_height_tablet";i:1;s:12:"align_mobile";i:1;}}s:8:"advanced";a:3:{s:15:"section_effects";a:3:{s:10:"_animation";i:7;s:18:"animation_duration";i:7;s:16:"_animation_delay";i:1;}s:14:"_section_style";a:2:{s:8:"_z_index";i:5;s:7:"_margin";i:2;}s:17:"_section_position";a:2:{s:14:"_element_width";i:1;s:9:"_position";i:1;}}}}s:5:"image";a:3:{s:5:"count";i:2;s:15:"control_percent";i:2;s:8:"controls";a:2:{s:7:"content";a:1:{s:13:"section_image";a:2:{s:5:"image";i:2;s:10:"image_size";i:2;}}s:8:"advanced";a:3:{s:17:"_section_position";a:5:{s:14:"_element_width";i:1;s:9:"_position";i:1;s:9:"_offset_x";i:1;s:9:"_offset_y";i:1;s:16:"_offset_x_tablet";i:1;}s:15:"section_effects";a:5:{s:18:"animation_duration";i:2;s:16:"_animation_delay";i:1;s:25:"motion_fx_motion_fx_mouse";i:2;s:27:"motion_fx_mouseTrack_effect";i:2;s:10:"_animation";i:1;}s:14:"_section_style";a:2:{s:7:"_margin";i:1;s:14:"_margin_mobile";i:1;}}}}s:6:"button";a:3:{s:5:"count";i:1;s:15:"control_percent";i:2;s:8:"controls";a:2:{s:7:"content";a:1:{s:14:"section_button";a:2:{s:4:"text";i:1;s:4:"link";i:1;}}s:8:"advanced";a:3:{s:14:"_section_style";a:3:{s:7:"_margin";i:1;s:14:"_margin_tablet";i:1;s:14:"_margin_mobile";i:1;}s:17:"_section_position";a:1:{s:14:"_element_width";i:1;}s:15:"section_effects";a:2:{s:10:"_animation";i:1;s:18:"animation_duration";i:1;}}}}s:4:"form";a:3:{s:5:"count";i:1;s:15:"control_percent";i:5;s:8:"controls";a:3:{s:7:"content";a:5:{s:19:"section_form_fields";a:2:{s:11:"form_fields";i:1;s:11:"show_labels";i:1;}s:15:"section_buttons";a:4:{s:12:"button_width";i:1;s:11:"button_text";i:1;s:19:"button_width_mobile";i:1;s:19:"button_align_mobile";i:1;}s:13:"section_email";a:1:{s:13:"email_subject";i:1;}s:15:"section_email_2";a:1:{s:15:"email_subject_2";i:1;}s:20:"section_form_options";a:1:{s:15:"invalid_message";i:1;}}s:5:"style";a:3:{s:18:"section_form_style";a:2:{s:10:"column_gap";i:1;s:7:"row_gap";i:1;}s:19:"section_field_style";a:8:{s:16:"field_text_color";i:1;s:27:"field_typography_typography";i:1;s:26:"field_typography_font_size";i:1;s:28:"field_typography_line_height";i:1;s:31:"field_typography_letter_spacing";i:1;s:22:"field_background_color";i:1;s:18:"field_border_width";i:1;s:18:"field_text_padding";i:1;}s:20:"section_button_style";a:4:{s:28:"button_typography_typography";i:1;s:27:"button_typography_font_size";i:1;s:19:"button_text_padding";i:1;s:17:"button_text_color";i:1;}}s:8:"advanced";a:5:{s:14:"_section_style";a:2:{s:8:"_padding";i:1;s:8:"_z_index";i:1;}s:19:"_section_background";a:2:{s:22:"_background_background";i:1;s:17:"_background_color";i:1;}s:15:"_section_border";a:1:{s:14:"_border_radius";i:1;}s:17:"_section_position";a:2:{s:14:"_element_width";i:1;s:21:"_element_custom_width";i:1;}s:15:"section_effects";a:2:{s:10:"_animation";i:1;s:18:"animation_duration";i:1;}}}}}]]></wp:meta_value>
  </wp:postmeta>
  <wp:postmeta>
    <wp:meta_key>_elementor_page_assets</wp:meta_key>
    <wp:meta_value><![CDATA[a:1:{s:6:"styles";a:15:{i:0;s:12:"e-animations";i:1;s:12:"e-animations";i:2;s:12:"e-animations";i:3;s:12:"e-animations";i:4;s:12:"e-animations";i:5;s:12:"e-animations";i:6;s:12:"e-animations";i:7;s:12:"e-animations";i:8;s:12:"e-animations";i:9;s:12:"e-animations";i:10;s:12:"e-animations";i:11;s:12:"e-animations";i:12;s:12:"e-animations";i:13;s:12:"e-animations";i:14;s:12:"e-animations";}}]]></wp:meta_value>
  </wp:postmeta>
</item>
<item>
  <title><![CDATA[niche_17_slide1.png]]></title>
  <link>https://demo2wpopal.b-cdn.net/smartic/home-36/niche-17-slide1-png/</link>
  <pubDate>Tue, 13 Apr 2021 06:52:17 +0000</pubDate>
  <dc:creator>admin</dc:creator>
  <guid isPermaLink="false">https://demo2wpopal.b-cdn.net/smartic/wp-content/uploads/revslider/niche_17_slide1.png</guid>
  <description/>
  <content:encoded><![CDATA[]]></content:encoded>
  <excerpt:encoded><![CDATA[]]></excerpt:encoded>
  <wp:post_id>13798</wp:post_id>
  <wp:post_date>2021-04-13 06:52:17</wp:post_date>
  <wp:post_date_gmt>2021-04-13 06:52:17</wp:post_date_gmt>
  <wp:post_modified>2021-04-19 09:36:07</wp:post_modified>
  <wp:post_modified_gmt>2021-04-19 09:36:07</wp:post_modified_gmt>
  <wp:comment_status>closed</wp:comment_status>
  <wp:ping_status>closed</wp:ping_status>
  <wp:post_name>niche-17-slide1-png</wp:post_name>
  <wp:status>inherit</wp:status>
  <wp:post_parent>11413</wp:post_parent>
  <wp:menu_order>0</wp:menu_order>
  <wp:post_type>attachment</wp:post_type>
  <wp:post_password/>
  <wp:is_sticky>0</wp:is_sticky>
  <wp:attachment_url>https://demo2wpopal.b-cdn.net/smartic/wp-content/uploads/revslider/niche_17_slide1.png</wp:attachment_url>
  <wp:postmeta>
    <wp:meta_key>_wp_attached_file</wp:meta_key>
    <wp:meta_value><![CDATA[revslider/niche_17_slide1.png]]></wp:meta_value>
  </wp:postmeta>
  <wp:postmeta>
    <wp:meta_key>_wp_attachment_metadata</wp:meta_key>
    <wp:meta_value><![CDATA[a:6:{s:5:"width";i:1204;s:6:"height";i:752;s:4:"file";s:29:"revslider/niche_17_slide1.png";s:8:"filesize";i:325768;s:5:"sizes";a:11:{s:6:"medium";a:5:{s:4:"file";s:27:"niche_17_slide1-300x187.png";s:5:"width";i:300;s:6:"height";i:187;s:9:"mime-type";s:9:"image/png";s:8:"filesize";i:74802;}s:5:"large";a:5:{s:4:"file";s:28:"niche_17_slide1-1024x640.png";s:5:"width";i:1024;s:6:"height";i:640;s:9:"mime-type";s:9:"image/png";s:8:"filesize";i:631152;}s:9:"thumbnail";a:5:{s:4:"file";s:27:"niche_17_slide1-150x150.png";s:5:"width";i:150;s:6:"height";i:150;s:9:"mime-type";s:9:"image/png";s:8:"filesize";i:36134;}s:12:"medium_large";a:5:{s:4:"file";s:27:"niche_17_slide1-768x480.png";s:5:"width";i:768;s:6:"height";i:480;s:9:"mime-type";s:9:"image/png";s:8:"filesize";i:387673;}s:14:"post-thumbnail";a:5:{s:4:"file";s:28:"niche_17_slide1-1000x565.png";s:5:"width";i:1000;s:6:"height";i:565;s:9:"mime-type";s:9:"image/png";s:8:"filesize";i:588088;}s:17:"smartic-post-grid";a:5:{s:4:"file";s:27:"niche_17_slide1-500x330.png";s:5:"width";i:500;s:6:"height";i:330;s:9:"mime-type";s:9:"image/png";s:8:"filesize";i:200635;}s:21:"woocommerce_thumbnail";a:6:{s:4:"file";s:27:"niche_17_slide1-500x312.png";s:5:"width";i:500;s:6:"height";i:312;s:9:"mime-type";s:9:"image/png";s:8:"filesize";i:184210;s:9:"uncropped";b:1;}s:18:"woocommerce_single";a:5:{s:4:"file";s:27:"niche_17_slide1-800x500.png";s:5:"width";i:800;s:6:"height";i:500;s:9:"mime-type";s:9:"image/png";s:8:"filesize";i:415386;}s:29:"woocommerce_gallery_thumbnail";a:5:{s:4:"file";s:27:"niche_17_slide1-100x100.png";s:5:"width";i:100;s:6:"height";i:100;s:9:"mime-type";s:9:"image/png";s:8:"filesize";i:17847;}s:29:"variation_swatches_image_size";a:5:{s:4:"file";s:25:"niche_17_slide1-50x50.png";s:5:"width";i:50;s:6:"height";i:50;s:9:"mime-type";s:9:"image/png";s:8:"filesize";i:5601;}s:31:"variation_swatches_tooltip_size";a:5:{s:4:"file";s:27:"niche_17_slide1-100x100.png";s:5:"width";i:100;s:6:"height";i:100;s:9:"mime-type";s:9:"image/png";s:8:"filesize";i:17847;}}s:10:"image_meta";a:12:{s:8:"aperture";s:1:"0";s:6:"credit";s:0:"";s:6:"camera";s:0:"";s:7:"caption";s:0:"";s:17:"created_timestamp";s:1:"0";s:9:"copyright";s:0:"";s:12:"focal_length";s:1:"0";s:3:"iso";s:1:"0";s:13:"shutter_speed";s:1:"0";s:5:"title";s:0:"";s:11:"orientation";s:1:"0";s:8:"keywords";a:0:{}}}]]></wp:meta_value>
  </wp:postmeta>
</item>
<item>
  <title><![CDATA[niche_17_slide2.png]]></title>
  <link>https://demo2wpopal.b-cdn.net/smartic/home-36/niche-17-slide2-png/</link>
  <pubDate>Tue, 13 Apr 2021 06:52:19 +0000</pubDate>
  <dc:creator>admin</dc:creator>
  <guid isPermaLink="false">https://demo2wpopal.b-cdn.net/smartic/wp-content/uploads/revslider/niche_17_slide2.png</guid>
  <description/>
  <content:encoded><![CDATA[]]></content:encoded>
  <excerpt:encoded><![CDATA[]]></excerpt:encoded>
  <wp:post_id>13799</wp:post_id>
  <wp:post_date>2021-04-13 06:52:19</wp:post_date>
  <wp:post_date_gmt>2021-04-13 06:52:19</wp:post_date_gmt>
  <wp:post_modified>2021-04-19 09:36:07</wp:post_modified>
  <wp:post_modified_gmt>2021-04-19 09:36:07</wp:post_modified_gmt>
  <wp:comment_status>closed</wp:comment_status>
  <wp:ping_status>closed</wp:ping_status>
  <wp:post_name>niche-17-slide2-png</wp:post_name>
  <wp:status>inherit</wp:status>
  <wp:post_parent>11413</wp:post_parent>
  <wp:menu_order>0</wp:menu_order>
  <wp:post_type>attachment</wp:post_type>
  <wp:post_password/>
  <wp:is_sticky>0</wp:is_sticky>
  <wp:attachment_url>https://demo2wpopal.b-cdn.net/smartic/wp-content/uploads/revslider/niche_17_slide2.png</wp:attachment_url>
  <wp:postmeta>
    <wp:meta_key>_wp_attached_file</wp:meta_key>
    <wp:meta_value><![CDATA[revslider/niche_17_slide2.png]]></wp:meta_value>
  </wp:postmeta>
  <wp:postmeta>
    <wp:meta_key>_wp_attachment_metadata</wp:meta_key>
    <wp:meta_value><![CDATA[a:6:{s:5:"width";i:1204;s:6:"height";i:752;s:4:"file";s:29:"revslider/niche_17_slide2.png";s:8:"filesize";i:335150;s:5:"sizes";a:11:{s:6:"medium";a:5:{s:4:"file";s:27:"niche_17_slide2-300x187.png";s:5:"width";i:300;s:6:"height";i:187;s:9:"mime-type";s:9:"image/png";s:8:"filesize";i:84044;}s:5:"large";a:5:{s:4:"file";s:28:"niche_17_slide2-1024x640.png";s:5:"width";i:1024;s:6:"height";i:640;s:9:"mime-type";s:9:"image/png";s:8:"filesize";i:663343;}s:9:"thumbnail";a:5:{s:4:"file";s:27:"niche_17_slide2-150x150.png";s:5:"width";i:150;s:6:"height";i:150;s:9:"mime-type";s:9:"image/png";s:8:"filesize";i:40625;}s:12:"medium_large";a:5:{s:4:"file";s:27:"niche_17_slide2-768x480.png";s:5:"width";i:768;s:6:"height";i:480;s:9:"mime-type";s:9:"image/png";s:8:"filesize";i:410584;}s:14:"post-thumbnail";a:5:{s:4:"file";s:28:"niche_17_slide2-1000x565.png";s:5:"width";i:1000;s:6:"height";i:565;s:9:"mime-type";s:9:"image/png";s:8:"filesize";i:618712;}s:17:"smartic-post-grid";a:5:{s:4:"file";s:27:"niche_17_slide2-500x330.png";s:5:"width";i:500;s:6:"height";i:330;s:9:"mime-type";s:9:"image/png";s:8:"filesize";i:217194;}s:21:"woocommerce_thumbnail";a:6:{s:4:"file";s:27:"niche_17_slide2-500x312.png";s:5:"width";i:500;s:6:"height";i:312;s:9:"mime-type";s:9:"image/png";s:8:"filesize";i:199662;s:9:"uncropped";b:1;}s:18:"woocommerce_single";a:5:{s:4:"file";s:27:"niche_17_slide2-800x500.png";s:5:"width";i:800;s:6:"height";i:500;s:9:"mime-type";s:9:"image/png";s:8:"filesize";i:439327;}s:29:"woocommerce_gallery_thumbnail";a:5:{s:4:"file";s:27:"niche_17_slide2-100x100.png";s:5:"width";i:100;s:6:"height";i:100;s:9:"mime-type";s:9:"image/png";s:8:"filesize";i:19518;}s:29:"variation_swatches_image_size";a:5:{s:4:"file";s:25:"niche_17_slide2-50x50.png";s:5:"width";i:50;s:6:"height";i:50;s:9:"mime-type";s:9:"image/png";s:8:"filesize";i:5823;}s:31:"variation_swatches_tooltip_size";a:5:{s:4:"file";s:27:"niche_17_slide2-100x100.png";s:5:"width";i:100;s:6:"height";i:100;s:9:"mime-type";s:9:"image/png";s:8:"filesize";i:19518;}}s:10:"image_meta";a:12:{s:8:"aperture";s:1:"0";s:6:"credit";s:0:"";s:6:"camera";s:0:"";s:7:"caption";s:0:"";s:17:"created_timestamp";s:1:"0";s:9:"copyright";s:0:"";s:12:"focal_length";s:1:"0";s:3:"iso";s:1:"0";s:13:"shutter_speed";s:1:"0";s:5:"title";s:0:"";s:11:"orientation";s:1:"0";s:8:"keywords";a:0:{}}}]]></wp:meta_value>
  </wp:postmeta>
</item>
<item>
  <title><![CDATA[home-17_niche_17_banner1.jpg]]></title>
  <link>https://demo2wpopal.b-cdn.net/smartic/home-36/home-17_niche_17_banner1-jpg/</link>
  <pubDate>Tue, 13 Apr 2021 07:06:10 +0000</pubDate>
  <dc:creator>admin</dc:creator>
  <guid isPermaLink="false">https://demo2wpopal.b-cdn.net/smartic/wp-content/uploads/2021/04/home-17_niche_17_banner1.jpg</guid>
  <description/>
  <content:encoded><![CDATA[]]></content:encoded>
  <excerpt:encoded><![CDATA[]]></excerpt:encoded>
  <wp:post_id>13836</wp:post_id>
  <wp:post_date>2021-04-13 07:06:10</wp:post_date>
  <wp:post_date_gmt>2021-04-13 07:06:10</wp:post_date_gmt>
  <wp:post_modified>2021-04-19 09:36:07</wp:post_modified>
  <wp:post_modified_gmt>2021-04-19 09:36:07</wp:post_modified_gmt>
  <wp:comment_status>open</wp:comment_status>
  <wp:ping_status>closed</wp:ping_status>
  <wp:post_name>home-17_niche_17_banner1-jpg</wp:post_name>
  <wp:status>inherit</wp:status>
  <wp:post_parent>11413</wp:post_parent>
  <wp:menu_order>0</wp:menu_order>
  <wp:post_type>attachment</wp:post_type>
  <wp:post_password/>
  <wp:is_sticky>0</wp:is_sticky>
  <wp:attachment_url>https://demo2wpopal.b-cdn.net/smartic/wp-content/uploads/2021/04/home-17_niche_17_banner1.jpg</wp:attachment_url>
  <wp:postmeta>
    <wp:meta_key>_wp_attached_file</wp:meta_key>
    <wp:meta_value><![CDATA[2021/04/home-17_niche_17_banner1.jpg]]></wp:meta_value>
  </wp:postmeta>
  <wp:postmeta>
    <wp:meta_key>_wp_attachment_metadata</wp:meta_key>
    <wp:meta_value><![CDATA[a:6:{s:5:"width";i:1170;s:6:"height";i:600;s:4:"file";s:36:"2021/04/home-17_niche_17_banner1.jpg";s:8:"filesize";i:121387;s:5:"sizes";a:11:{s:6:"medium";a:5:{s:4:"file";s:36:"home-17_niche_17_banner1-300x154.jpg";s:5:"width";i:300;s:6:"height";i:154;s:9:"mime-type";s:10:"image/jpeg";s:8:"filesize";i:11748;}s:5:"large";a:5:{s:4:"file";s:37:"home-17_niche_17_banner1-1024x525.jpg";s:5:"width";i:1024;s:6:"height";i:525;s:9:"mime-type";s:10:"image/jpeg";s:8:"filesize";i:84821;}s:9:"thumbnail";a:5:{s:4:"file";s:36:"home-17_niche_17_banner1-150x150.jpg";s:5:"width";i:150;s:6:"height";i:150;s:9:"mime-type";s:10:"image/jpeg";s:8:"filesize";i:6966;}s:12:"medium_large";a:5:{s:4:"file";s:36:"home-17_niche_17_banner1-768x394.jpg";s:5:"width";i:768;s:6:"height";i:394;s:9:"mime-type";s:10:"image/jpeg";s:8:"filesize";i:53569;}s:14:"post-thumbnail";a:5:{s:4:"file";s:37:"home-17_niche_17_banner1-1000x565.jpg";s:5:"width";i:1000;s:6:"height";i:565;s:9:"mime-type";s:10:"image/jpeg";s:8:"filesize";i:91035;}s:17:"smartic-post-grid";a:5:{s:4:"file";s:36:"home-17_niche_17_banner1-500x330.jpg";s:5:"width";i:500;s:6:"height";i:330;s:9:"mime-type";s:10:"image/jpeg";s:8:"filesize";i:34906;}s:21:"woocommerce_thumbnail";a:6:{s:4:"file";s:36:"home-17_niche_17_banner1-500x256.jpg";s:5:"width";i:500;s:6:"height";i:256;s:9:"mime-type";s:10:"image/jpeg";s:8:"filesize";i:26422;s:9:"uncropped";b:1;}s:18:"woocommerce_single";a:5:{s:4:"file";s:36:"home-17_niche_17_banner1-800x410.jpg";s:5:"width";i:800;s:6:"height";i:410;s:9:"mime-type";s:10:"image/jpeg";s:8:"filesize";i:57519;}s:29:"woocommerce_gallery_thumbnail";a:5:{s:4:"file";s:36:"home-17_niche_17_banner1-100x100.jpg";s:5:"width";i:100;s:6:"height";i:100;s:9:"mime-type";s:10:"image/jpeg";s:8:"filesize";i:3799;}s:29:"variation_swatches_image_size";a:5:{s:4:"file";s:34:"home-17_niche_17_banner1-50x50.jpg";s:5:"width";i:50;s:6:"height";i:50;s:9:"mime-type";s:10:"image/jpeg";s:8:"filesize";i:1678;}s:31:"variation_swatches_tooltip_size";a:5:{s:4:"file";s:36:"home-17_niche_17_banner1-100x100.jpg";s:5:"width";i:100;s:6:"height";i:100;s:9:"mime-type";s:10:"image/jpeg";s:8:"filesize";i:3799;}}s:10:"image_meta";a:12:{s:8:"aperture";s:1:"0";s:6:"credit";s:0:"";s:6:"camera";s:0:"";s:7:"caption";s:0:"";s:17:"created_timestamp";s:1:"0";s:9:"copyright";s:0:"";s:12:"focal_length";s:1:"0";s:3:"iso";s:1:"0";s:13:"shutter_speed";s:1:"0";s:5:"title";s:0:"";s:11:"orientation";s:1:"0";s:8:"keywords";a:0:{}}}]]></wp:meta_value>
  </wp:postmeta>
  <wp:postmeta>
    <wp:meta_key>_elementor_source_image_hash</wp:meta_key>
    <wp:meta_value><![CDATA[94d778260c26bcf57f8e5163c24d55f1746299bd]]></wp:meta_value>
  </wp:postmeta>
</item>
<item>
  <title><![CDATA[home-17_niche_17_banner3.png]]></title>
  <link>https://demo2wpopal.b-cdn.net/smartic/home-36/home-17_niche_17_banner3-png/</link>
  <pubDate>Tue, 13 Apr 2021 07:06:11 +0000</pubDate>
  <dc:creator>admin</dc:creator>
  <guid isPermaLink="false">https://demo2wpopal.b-cdn.net/smartic/wp-content/uploads/2021/04/home-17_niche_17_banner3.png</guid>
  <description/>
  <content:encoded><![CDATA[]]></content:encoded>
  <excerpt:encoded><![CDATA[]]></excerpt:encoded>
  <wp:post_id>13837</wp:post_id>
  <wp:post_date>2021-04-13 07:06:11</wp:post_date>
  <wp:post_date_gmt>2021-04-13 07:06:11</wp:post_date_gmt>
  <wp:post_modified>2021-04-19 09:36:07</wp:post_modified>
  <wp:post_modified_gmt>2021-04-19 09:36:07</wp:post_modified_gmt>
  <wp:comment_status>open</wp:comment_status>
  <wp:ping_status>closed</wp:ping_status>
  <wp:post_name>home-17_niche_17_banner3-png</wp:post_name>
  <wp:status>inherit</wp:status>
  <wp:post_parent>11413</wp:post_parent>
  <wp:menu_order>0</wp:menu_order>
  <wp:post_type>attachment</wp:post_type>
  <wp:post_password/>
  <wp:is_sticky>0</wp:is_sticky>
  <wp:attachment_url>https://demo2wpopal.b-cdn.net/smartic/wp-content/uploads/2021/04/home-17_niche_17_banner3.png</wp:attachment_url>
  <wp:postmeta>
    <wp:meta_key>_wp_attached_file</wp:meta_key>
    <wp:meta_value><![CDATA[2021/04/home-17_niche_17_banner3.png]]></wp:meta_value>
  </wp:postmeta>
  <wp:postmeta>
    <wp:meta_key>_wp_attachment_metadata</wp:meta_key>
    <wp:meta_value><![CDATA[a:6:{s:5:"width";i:1706;s:6:"height";i:568;s:4:"file";s:36:"2021/04/home-17_niche_17_banner3.png";s:8:"filesize";i:298709;s:5:"sizes";a:12:{s:6:"medium";a:5:{s:4:"file";s:36:"home-17_niche_17_banner3-300x100.png";s:5:"width";i:300;s:6:"height";i:100;s:9:"mime-type";s:9:"image/png";s:8:"filesize";i:45161;}s:5:"large";a:5:{s:4:"file";s:37:"home-17_niche_17_banner3-1024x341.png";s:5:"width";i:1024;s:6:"height";i:341;s:9:"mime-type";s:9:"image/png";s:8:"filesize";i:402204;}s:9:"thumbnail";a:5:{s:4:"file";s:36:"home-17_niche_17_banner3-150x150.png";s:5:"width";i:150;s:6:"height";i:150;s:9:"mime-type";s:9:"image/png";s:8:"filesize";i:41870;}s:12:"medium_large";a:5:{s:4:"file";s:36:"home-17_niche_17_banner3-768x256.png";s:5:"width";i:768;s:6:"height";i:256;s:9:"mime-type";s:9:"image/png";s:8:"filesize";i:239310;}s:9:"1536x1536";a:5:{s:4:"file";s:37:"home-17_niche_17_banner3-1536x511.png";s:5:"width";i:1536;s:6:"height";i:511;s:9:"mime-type";s:9:"image/png";s:8:"filesize";i:826701;}s:14:"post-thumbnail";a:5:{s:4:"file";s:37:"home-17_niche_17_banner3-1000x565.png";s:5:"width";i:1000;s:6:"height";i:565;s:9:"mime-type";s:9:"image/png";s:8:"filesize";i:758098;}s:17:"smartic-post-grid";a:5:{s:4:"file";s:36:"home-17_niche_17_banner3-500x330.png";s:5:"width";i:500;s:6:"height";i:330;s:9:"mime-type";s:9:"image/png";s:8:"filesize";i:256601;}s:21:"woocommerce_thumbnail";a:6:{s:4:"file";s:36:"home-17_niche_17_banner3-500x166.png";s:5:"width";i:500;s:6:"height";i:166;s:9:"mime-type";s:9:"image/png";s:8:"filesize";i:110453;s:9:"uncropped";b:1;}s:18:"woocommerce_single";a:5:{s:4:"file";s:36:"home-17_niche_17_banner3-800x266.png";s:5:"width";i:800;s:6:"height";i:266;s:9:"mime-type";s:9:"image/png";s:8:"filesize";i:256315;}s:29:"woocommerce_gallery_thumbnail";a:5:{s:4:"file";s:36:"home-17_niche_17_banner3-100x100.png";s:5:"width";i:100;s:6:"height";i:100;s:9:"mime-type";s:9:"image/png";s:8:"filesize";i:20276;}s:29:"variation_swatches_image_size";a:5:{s:4:"file";s:34:"home-17_niche_17_banner3-50x50.png";s:5:"width";i:50;s:6:"height";i:50;s:9:"mime-type";s:9:"image/png";s:8:"filesize";i:5851;}s:31:"variation_swatches_tooltip_size";a:5:{s:4:"file";s:36:"home-17_niche_17_banner3-100x100.png";s:5:"width";i:100;s:6:"height";i:100;s:9:"mime-type";s:9:"image/png";s:8:"filesize";i:20276;}}s:10:"image_meta";a:12:{s:8:"aperture";s:1:"0";s:6:"credit";s:0:"";s:6:"camera";s:0:"";s:7:"caption";s:0:"";s:17:"created_timestamp";s:1:"0";s:9:"copyright";s:0:"";s:12:"focal_length";s:1:"0";s:3:"iso";s:1:"0";s:13:"shutter_speed";s:1:"0";s:5:"title";s:0:"";s:11:"orientation";s:1:"0";s:8:"keywords";a:0:{}}}]]></wp:meta_value>
  </wp:postmeta>
  <wp:postmeta>
    <wp:meta_key>_elementor_source_image_hash</wp:meta_key>
    <wp:meta_value><![CDATA[9795a4da57c500c257e40a9cc563d935ec718600]]></wp:meta_value>
  </wp:postmeta>
</item>
<item>
  <title><![CDATA[niches_17_layour1.jpg]]></title>
  <link>https://demo2wpopal.b-cdn.net/smartic/home-36/niches-17-layour1-jpg/</link>
  <pubDate>Tue, 13 Apr 2021 07:49:18 +0000</pubDate>
  <dc:creator>admin</dc:creator>
  <guid isPermaLink="false">https://demo2wpopal.b-cdn.net/smartic/wp-content/uploads/revslider/niches_17_layour1.jpg</guid>
  <description/>
  <content:encoded><![CDATA[]]></content:encoded>
  <excerpt:encoded><![CDATA[]]></excerpt:encoded>
  <wp:post_id>13914</wp:post_id>
  <wp:post_date>2021-04-13 07:49:18</wp:post_date>
  <wp:post_date_gmt>2021-04-13 07:49:18</wp:post_date_gmt>
  <wp:post_modified>2021-04-19 09:36:07</wp:post_modified>
  <wp:post_modified_gmt>2021-04-19 09:36:07</wp:post_modified_gmt>
  <wp:comment_status>closed</wp:comment_status>
  <wp:ping_status>closed</wp:ping_status>
  <wp:post_name>niches-17-layour1-jpg</wp:post_name>
  <wp:status>inherit</wp:status>
  <wp:post_parent>11413</wp:post_parent>
  <wp:menu_order>0</wp:menu_order>
  <wp:post_type>attachment</wp:post_type>
  <wp:post_password/>
  <wp:is_sticky>0</wp:is_sticky>
  <wp:attachment_url>https://demo2wpopal.b-cdn.net/smartic/wp-content/uploads/revslider/niches_17_layour1.jpg</wp:attachment_url>
  <wp:postmeta>
    <wp:meta_key>_wp_attached_file</wp:meta_key>
    <wp:meta_value><![CDATA[revslider/niches_17_layour1.jpg]]></wp:meta_value>
  </wp:postmeta>
  <wp:postmeta>
    <wp:meta_key>_wp_attachment_metadata</wp:meta_key>
    <wp:meta_value><![CDATA[a:6:{s:5:"width";i:585;s:6:"height";i:600;s:4:"file";s:31:"revslider/niches_17_layour1.jpg";s:8:"filesize";i:37086;s:5:"sizes";a:8:{s:6:"medium";a:5:{s:4:"file";s:29:"niches_17_layour1-293x300.jpg";s:5:"width";i:293;s:6:"height";i:300;s:9:"mime-type";s:10:"image/jpeg";s:8:"filesize";i:13352;}s:9:"thumbnail";a:5:{s:4:"file";s:29:"niches_17_layour1-150x150.jpg";s:5:"width";i:150;s:6:"height";i:150;s:9:"mime-type";s:10:"image/jpeg";s:8:"filesize";i:5286;}s:14:"post-thumbnail";a:5:{s:4:"file";s:29:"niches_17_layour1-585x565.jpg";s:5:"width";i:585;s:6:"height";i:565;s:9:"mime-type";s:10:"image/jpeg";s:8:"filesize";i:35608;}s:17:"smartic-post-grid";a:5:{s:4:"file";s:29:"niches_17_layour1-500x330.jpg";s:5:"width";i:500;s:6:"height";i:330;s:9:"mime-type";s:10:"image/jpeg";s:8:"filesize";i:19089;}s:21:"woocommerce_thumbnail";a:6:{s:4:"file";s:29:"niches_17_layour1-500x513.jpg";s:5:"width";i:500;s:6:"height";i:513;s:9:"mime-type";s:10:"image/jpeg";s:8:"filesize";i:27660;s:9:"uncropped";b:1;}s:29:"woocommerce_gallery_thumbnail";a:5:{s:4:"file";s:29:"niches_17_layour1-100x100.jpg";s:5:"width";i:100;s:6:"height";i:100;s:9:"mime-type";s:10:"image/jpeg";s:8:"filesize";i:3209;}s:29:"variation_swatches_image_size";a:5:{s:4:"file";s:27:"niches_17_layour1-50x50.jpg";s:5:"width";i:50;s:6:"height";i:50;s:9:"mime-type";s:10:"image/jpeg";s:8:"filesize";i:1573;}s:31:"variation_swatches_tooltip_size";a:5:{s:4:"file";s:29:"niches_17_layour1-100x100.jpg";s:5:"width";i:100;s:6:"height";i:100;s:9:"mime-type";s:10:"image/jpeg";s:8:"filesize";i:3209;}}s:10:"image_meta";a:12:{s:8:"aperture";s:1:"0";s:6:"credit";s:0:"";s:6:"camera";s:0:"";s:7:"caption";s:0:"";s:17:"created_timestamp";s:1:"0";s:9:"copyright";s:0:"";s:12:"focal_length";s:1:"0";s:3:"iso";s:1:"0";s:13:"shutter_speed";s:1:"0";s:5:"title";s:0:"";s:11:"orientation";s:1:"0";s:8:"keywords";a:0:{}}}]]></wp:meta_value>
  </wp:postmeta>
</item>
<item>
  <title><![CDATA[niches_17_layour2.jpg]]></title>
  <link>https://demo2wpopal.b-cdn.net/smartic/home-36/niches-17-layour2-jpg/</link>
  <pubDate>Tue, 13 Apr 2021 07:49:20 +0000</pubDate>
  <dc:creator>admin</dc:creator>
  <guid isPermaLink="false">https://demo2wpopal.b-cdn.net/smartic/wp-content/uploads/revslider/niches_17_layour2.jpg</guid>
  <description/>
  <content:encoded><![CDATA[]]></content:encoded>
  <excerpt:encoded><![CDATA[]]></excerpt:encoded>
  <wp:post_id>13915</wp:post_id>
  <wp:post_date>2021-04-13 07:49:20</wp:post_date>
  <wp:post_date_gmt>2021-04-13 07:49:20</wp:post_date_gmt>
  <wp:post_modified>2021-04-19 09:36:07</wp:post_modified>
  <wp:post_modified_gmt>2021-04-19 09:36:07</wp:post_modified_gmt>
  <wp:comment_status>closed</wp:comment_status>
  <wp:ping_status>closed</wp:ping_status>
  <wp:post_name>niches-17-layour2-jpg</wp:post_name>
  <wp:status>inherit</wp:status>
  <wp:post_parent>11413</wp:post_parent>
  <wp:menu_order>0</wp:menu_order>
  <wp:post_type>attachment</wp:post_type>
  <wp:post_password/>
  <wp:is_sticky>0</wp:is_sticky>
  <wp:attachment_url>https://demo2wpopal.b-cdn.net/smartic/wp-content/uploads/revslider/niches_17_layour2.jpg</wp:attachment_url>
  <wp:postmeta>
    <wp:meta_key>_wp_attached_file</wp:meta_key>
    <wp:meta_value><![CDATA[revslider/niches_17_layour2.jpg]]></wp:meta_value>
  </wp:postmeta>
  <wp:postmeta>
    <wp:meta_key>_wp_attachment_metadata</wp:meta_key>
    <wp:meta_value><![CDATA[a:6:{s:5:"width";i:585;s:6:"height";i:600;s:4:"file";s:31:"revslider/niches_17_layour2.jpg";s:8:"filesize";i:50268;s:5:"sizes";a:8:{s:6:"medium";a:5:{s:4:"file";s:29:"niches_17_layour2-293x300.jpg";s:5:"width";i:293;s:6:"height";i:300;s:9:"mime-type";s:10:"image/jpeg";s:8:"filesize";i:15064;}s:9:"thumbnail";a:5:{s:4:"file";s:29:"niches_17_layour2-150x150.jpg";s:5:"width";i:150;s:6:"height";i:150;s:9:"mime-type";s:10:"image/jpeg";s:8:"filesize";i:5834;}s:14:"post-thumbnail";a:5:{s:4:"file";s:29:"niches_17_layour2-585x565.jpg";s:5:"width";i:585;s:6:"height";i:565;s:9:"mime-type";s:10:"image/jpeg";s:8:"filesize";i:46085;}s:17:"smartic-post-grid";a:5:{s:4:"file";s:29:"niches_17_layour2-500x330.jpg";s:5:"width";i:500;s:6:"height";i:330;s:9:"mime-type";s:10:"image/jpeg";s:8:"filesize";i:23228;}s:21:"woocommerce_thumbnail";a:6:{s:4:"file";s:29:"niches_17_layour2-500x513.jpg";s:5:"width";i:500;s:6:"height";i:513;s:9:"mime-type";s:10:"image/jpeg";s:8:"filesize";i:33495;s:9:"uncropped";b:1;}s:29:"woocommerce_gallery_thumbnail";a:5:{s:4:"file";s:29:"niches_17_layour2-100x100.jpg";s:5:"width";i:100;s:6:"height";i:100;s:9:"mime-type";s:10:"image/jpeg";s:8:"filesize";i:3541;}s:29:"variation_swatches_image_size";a:5:{s:4:"file";s:27:"niches_17_layour2-50x50.jpg";s:5:"width";i:50;s:6:"height";i:50;s:9:"mime-type";s:10:"image/jpeg";s:8:"filesize";i:1696;}s:31:"variation_swatches_tooltip_size";a:5:{s:4:"file";s:29:"niches_17_layour2-100x100.jpg";s:5:"width";i:100;s:6:"height";i:100;s:9:"mime-type";s:10:"image/jpeg";s:8:"filesize";i:3541;}}s:10:"image_meta";a:12:{s:8:"aperture";s:1:"0";s:6:"credit";s:0:"";s:6:"camera";s:0:"";s:7:"caption";s:0:"";s:17:"created_timestamp";s:1:"0";s:9:"copyright";s:0:"";s:12:"focal_length";s:1:"0";s:3:"iso";s:1:"0";s:13:"shutter_speed";s:1:"0";s:5:"title";s:0:"";s:11:"orientation";s:1:"0";s:8:"keywords";a:0:{}}}]]></wp:meta_value>
  </wp:postmeta>
</item>
<item>
  <title><![CDATA[niches_17_layour3.jpg]]></title>
  <link>https://demo2wpopal.b-cdn.net/smartic/home-36/niches-17-layour3-jpg/</link>
  <pubDate>Tue, 13 Apr 2021 07:49:22 +0000</pubDate>
  <dc:creator>admin</dc:creator>
  <guid isPermaLink="false">https://demo2wpopal.b-cdn.net/smartic/wp-content/uploads/revslider/niches_17_layour3.jpg</guid>
  <description/>
  <content:encoded><![CDATA[]]></content:encoded>
  <excerpt:encoded><![CDATA[]]></excerpt:encoded>
  <wp:post_id>13916</wp:post_id>
  <wp:post_date>2021-04-13 07:49:22</wp:post_date>
  <wp:post_date_gmt>2021-04-13 07:49:22</wp:post_date_gmt>
  <wp:post_modified>2021-04-19 09:36:07</wp:post_modified>
  <wp:post_modified_gmt>2021-04-19 09:36:07</wp:post_modified_gmt>
  <wp:comment_status>closed</wp:comment_status>
  <wp:ping_status>closed</wp:ping_status>
  <wp:post_name>niches-17-layour3-jpg</wp:post_name>
  <wp:status>inherit</wp:status>
  <wp:post_parent>11413</wp:post_parent>
  <wp:menu_order>0</wp:menu_order>
  <wp:post_type>attachment</wp:post_type>
  <wp:post_password/>
  <wp:is_sticky>0</wp:is_sticky>
  <wp:attachment_url>https://demo2wpopal.b-cdn.net/smartic/wp-content/uploads/revslider/niches_17_layour3.jpg</wp:attachment_url>
  <wp:postmeta>
    <wp:meta_key>_wp_attached_file</wp:meta_key>
    <wp:meta_value><![CDATA[revslider/niches_17_layour3.jpg]]></wp:meta_value>
  </wp:postmeta>
  <wp:postmeta>
    <wp:meta_key>_wp_attachment_metadata</wp:meta_key>
    <wp:meta_value><![CDATA[a:6:{s:5:"width";i:585;s:6:"height";i:600;s:4:"file";s:31:"revslider/niches_17_layour3.jpg";s:8:"filesize";i:44085;s:5:"sizes";a:8:{s:6:"medium";a:5:{s:4:"file";s:29:"niches_17_layour3-293x300.jpg";s:5:"width";i:293;s:6:"height";i:300;s:9:"mime-type";s:10:"image/jpeg";s:8:"filesize";i:14013;}s:9:"thumbnail";a:5:{s:4:"file";s:29:"niches_17_layour3-150x150.jpg";s:5:"width";i:150;s:6:"height";i:150;s:9:"mime-type";s:10:"image/jpeg";s:8:"filesize";i:5664;}s:14:"post-thumbnail";a:5:{s:4:"file";s:29:"niches_17_layour3-585x565.jpg";s:5:"width";i:585;s:6:"height";i:565;s:9:"mime-type";s:10:"image/jpeg";s:8:"filesize";i:40068;}s:17:"smartic-post-grid";a:5:{s:4:"file";s:29:"niches_17_layour3-500x330.jpg";s:5:"width";i:500;s:6:"height";i:330;s:9:"mime-type";s:10:"image/jpeg";s:8:"filesize";i:19343;}s:21:"woocommerce_thumbnail";a:6:{s:4:"file";s:29:"niches_17_layour3-500x513.jpg";s:5:"width";i:500;s:6:"height";i:513;s:9:"mime-type";s:10:"image/jpeg";s:8:"filesize";i:30314;s:9:"uncropped";b:1;}s:29:"woocommerce_gallery_thumbnail";a:5:{s:4:"file";s:29:"niches_17_layour3-100x100.jpg";s:5:"width";i:100;s:6:"height";i:100;s:9:"mime-type";s:10:"image/jpeg";s:8:"filesize";i:3502;}s:29:"variation_swatches_image_size";a:5:{s:4:"file";s:27:"niches_17_layour3-50x50.jpg";s:5:"width";i:50;s:6:"height";i:50;s:9:"mime-type";s:10:"image/jpeg";s:8:"filesize";i:1704;}s:31:"variation_swatches_tooltip_size";a:5:{s:4:"file";s:29:"niches_17_layour3-100x100.jpg";s:5:"width";i:100;s:6:"height";i:100;s:9:"mime-type";s:10:"image/jpeg";s:8:"filesize";i:3502;}}s:10:"image_meta";a:12:{s:8:"aperture";s:1:"0";s:6:"credit";s:0:"";s:6:"camera";s:0:"";s:7:"caption";s:0:"";s:17:"created_timestamp";s:1:"0";s:9:"copyright";s:0:"";s:12:"focal_length";s:1:"0";s:3:"iso";s:1:"0";s:13:"shutter_speed";s:1:"0";s:5:"title";s:0:"";s:11:"orientation";s:1:"0";s:8:"keywords";a:0:{}}}]]></wp:meta_value>
  </wp:postmeta>
</item>
<item>
  <title><![CDATA[niches_17_layour4.jpg]]></title>
  <link>https://demo2wpopal.b-cdn.net/smartic/home-36/niches-17-layour4-jpg/</link>
  <pubDate>Tue, 13 Apr 2021 07:49:24 +0000</pubDate>
  <dc:creator>admin</dc:creator>
  <guid isPermaLink="false">https://demo2wpopal.b-cdn.net/smartic/wp-content/uploads/revslider/niches_17_layour4.jpg</guid>
  <description/>
  <content:encoded><![CDATA[]]></content:encoded>
  <excerpt:encoded><![CDATA[]]></excerpt:encoded>
  <wp:post_id>13917</wp:post_id>
  <wp:post_date>2021-04-13 07:49:24</wp:post_date>
  <wp:post_date_gmt>2021-04-13 07:49:24</wp:post_date_gmt>
  <wp:post_modified>2021-04-19 09:36:07</wp:post_modified>
  <wp:post_modified_gmt>2021-04-19 09:36:07</wp:post_modified_gmt>
  <wp:comment_status>closed</wp:comment_status>
  <wp:ping_status>closed</wp:ping_status>
  <wp:post_name>niches-17-layour4-jpg</wp:post_name>
  <wp:status>inherit</wp:status>
  <wp:post_parent>11413</wp:post_parent>
  <wp:menu_order>0</wp:menu_order>
  <wp:post_type>attachment</wp:post_type>
  <wp:post_password/>
  <wp:is_sticky>0</wp:is_sticky>
  <wp:attachment_url>https://demo2wpopal.b-cdn.net/smartic/wp-content/uploads/revslider/niches_17_layour4.jpg</wp:attachment_url>
  <wp:postmeta>
    <wp:meta_key>_wp_attached_file</wp:meta_key>
    <wp:meta_value><![CDATA[revslider/niches_17_layour4.jpg]]></wp:meta_value>
  </wp:postmeta>
  <wp:postmeta>
    <wp:meta_key>_wp_attachment_metadata</wp:meta_key>
    <wp:meta_value><![CDATA[a:6:{s:5:"width";i:585;s:6:"height";i:600;s:4:"file";s:31:"revslider/niches_17_layour4.jpg";s:8:"filesize";i:37118;s:5:"sizes";a:8:{s:6:"medium";a:5:{s:4:"file";s:29:"niches_17_layour4-293x300.jpg";s:5:"width";i:293;s:6:"height";i:300;s:9:"mime-type";s:10:"image/jpeg";s:8:"filesize";i:10934;}s:9:"thumbnail";a:5:{s:4:"file";s:29:"niches_17_layour4-150x150.jpg";s:5:"width";i:150;s:6:"height";i:150;s:9:"mime-type";s:10:"image/jpeg";s:8:"filesize";i:4345;}s:14:"post-thumbnail";a:5:{s:4:"file";s:29:"niches_17_layour4-585x565.jpg";s:5:"width";i:585;s:6:"height";i:565;s:9:"mime-type";s:10:"image/jpeg";s:8:"filesize";i:34895;}s:17:"smartic-post-grid";a:5:{s:4:"file";s:29:"niches_17_layour4-500x330.jpg";s:5:"width";i:500;s:6:"height";i:330;s:9:"mime-type";s:10:"image/jpeg";s:8:"filesize";i:15195;}s:21:"woocommerce_thumbnail";a:6:{s:4:"file";s:29:"niches_17_layour4-500x513.jpg";s:5:"width";i:500;s:6:"height";i:513;s:9:"mime-type";s:10:"image/jpeg";s:8:"filesize";i:24697;s:9:"uncropped";b:1;}s:29:"woocommerce_gallery_thumbnail";a:5:{s:4:"file";s:29:"niches_17_layour4-100x100.jpg";s:5:"width";i:100;s:6:"height";i:100;s:9:"mime-type";s:10:"image/jpeg";s:8:"filesize";i:2789;}s:29:"variation_swatches_image_size";a:5:{s:4:"file";s:27:"niches_17_layour4-50x50.jpg";s:5:"width";i:50;s:6:"height";i:50;s:9:"mime-type";s:10:"image/jpeg";s:8:"filesize";i:1477;}s:31:"variation_swatches_tooltip_size";a:5:{s:4:"file";s:29:"niches_17_layour4-100x100.jpg";s:5:"width";i:100;s:6:"height";i:100;s:9:"mime-type";s:10:"image/jpeg";s:8:"filesize";i:2789;}}s:10:"image_meta";a:12:{s:8:"aperture";s:1:"0";s:6:"credit";s:0:"";s:6:"camera";s:0:"";s:7:"caption";s:0:"";s:17:"created_timestamp";s:1:"0";s:9:"copyright";s:0:"";s:12:"focal_length";s:1:"0";s:3:"iso";s:1:"0";s:13:"shutter_speed";s:1:"0";s:5:"title";s:0:"";s:11:"orientation";s:1:"0";s:8:"keywords";a:0:{}}}]]></wp:meta_value>
  </wp:postmeta>
</item>
<item>
  <title><![CDATA[home36-banner1]]></title>
  <link>https://demo2wpopal.b-cdn.net/smartic/home-36/home36-banner1/</link>
  <pubDate>Tue, 13 Apr 2021 07:57:30 +0000</pubDate>
  <dc:creator>admin</dc:creator>
  <guid isPermaLink="false">https://demo2wpopal.b-cdn.net/smartic/wp-content/uploads/2021/04/home36-banner1.jpg</guid>
  <description/>
  <content:encoded><![CDATA[]]></content:encoded>
  <excerpt:encoded><![CDATA[]]></excerpt:encoded>
  <wp:post_id>13945</wp:post_id>
  <wp:post_date>2021-04-13 07:57:30</wp:post_date>
  <wp:post_date_gmt>2021-04-13 07:57:30</wp:post_date_gmt>
  <wp:post_modified>2021-04-13 07:57:30</wp:post_modified>
  <wp:post_modified_gmt>2021-04-13 07:57:30</wp:post_modified_gmt>
  <wp:comment_status>open</wp:comment_status>
  <wp:ping_status>closed</wp:ping_status>
  <wp:post_name>home36-banner1</wp:post_name>
  <wp:status>inherit</wp:status>
  <wp:post_parent>11413</wp:post_parent>
  <wp:menu_order>0</wp:menu_order>
  <wp:post_type>attachment</wp:post_type>
  <wp:post_password/>
  <wp:is_sticky>0</wp:is_sticky>
  <wp:attachment_url>https://demo2wpopal.b-cdn.net/smartic/wp-content/uploads/2021/04/home36-banner1.jpg</wp:attachment_url>
  <wp:postmeta>
    <wp:meta_key>_wp_attached_file</wp:meta_key>
    <wp:meta_value><![CDATA[2021/04/home36-banner1.jpg]]></wp:meta_value>
  </wp:postmeta>
  <wp:postmeta>
    <wp:meta_key>_wp_attachment_metadata</wp:meta_key>
    <wp:meta_value><![CDATA[a:6:{s:5:"width";i:704;s:6:"height";i:395;s:4:"file";s:26:"2021/04/home36-banner1.jpg";s:8:"filesize";i:69533;s:5:"sizes";a:7:{s:6:"medium";a:5:{s:4:"file";s:26:"home36-banner1-300x168.jpg";s:5:"width";i:300;s:6:"height";i:168;s:9:"mime-type";s:10:"image/jpeg";s:8:"filesize";i:13604;}s:9:"thumbnail";a:5:{s:4:"file";s:26:"home36-banner1-150x150.jpg";s:5:"width";i:150;s:6:"height";i:150;s:9:"mime-type";s:10:"image/jpeg";s:8:"filesize";i:7365;}s:17:"smartic-post-grid";a:5:{s:4:"file";s:26:"home36-banner1-500x330.jpg";s:5:"width";i:500;s:6:"height";i:330;s:9:"mime-type";s:10:"image/jpeg";s:8:"filesize";i:32665;}s:21:"woocommerce_thumbnail";a:6:{s:4:"file";s:26:"home36-banner1-500x281.jpg";s:5:"width";i:500;s:6:"height";i:281;s:9:"mime-type";s:10:"image/jpeg";s:8:"filesize";i:29269;s:9:"uncropped";b:1;}s:29:"woocommerce_gallery_thumbnail";a:5:{s:4:"file";s:26:"home36-banner1-100x100.jpg";s:5:"width";i:100;s:6:"height";i:100;s:9:"mime-type";s:10:"image/jpeg";s:8:"filesize";i:4189;}s:29:"variation_swatches_image_size";a:5:{s:4:"file";s:24:"home36-banner1-50x50.jpg";s:5:"width";i:50;s:6:"height";i:50;s:9:"mime-type";s:10:"image/jpeg";s:8:"filesize";i:1898;}s:31:"variation_swatches_tooltip_size";a:5:{s:4:"file";s:26:"home36-banner1-100x100.jpg";s:5:"width";i:100;s:6:"height";i:100;s:9:"mime-type";s:10:"image/jpeg";s:8:"filesize";i:4189;}}s:10:"image_meta";a:12:{s:8:"aperture";s:1:"0";s:6:"credit";s:0:"";s:6:"camera";s:0:"";s:7:"caption";s:0:"";s:17:"created_timestamp";s:1:"0";s:9:"copyright";s:0:"";s:12:"focal_length";s:1:"0";s:3:"iso";s:1:"0";s:13:"shutter_speed";s:1:"0";s:5:"title";s:0:"";s:11:"orientation";s:1:"0";s:8:"keywords";a:0:{}}}]]></wp:meta_value>
  </wp:postmeta>
</item>
<item>
  <title><![CDATA[home36_banner1]]></title>
  <link>https://demo2wpopal.b-cdn.net/smartic/home-36/home36_banner1/</link>
  <pubDate>Tue, 13 Apr 2021 08:11:32 +0000</pubDate>
  <dc:creator>admin</dc:creator>
  <guid isPermaLink="false">https://demo2wpopal.b-cdn.net/smartic/wp-content/uploads/2021/04/home36_banner1.png</guid>
  <description/>
  <content:encoded><![CDATA[]]></content:encoded>
  <excerpt:encoded><![CDATA[]]></excerpt:encoded>
  <wp:post_id>13970</wp:post_id>
  <wp:post_date>2021-04-13 08:11:32</wp:post_date>
  <wp:post_date_gmt>2021-04-13 08:11:32</wp:post_date_gmt>
  <wp:post_modified>2021-04-13 08:11:32</wp:post_modified>
  <wp:post_modified_gmt>2021-04-13 08:11:32</wp:post_modified_gmt>
  <wp:comment_status>open</wp:comment_status>
  <wp:ping_status>closed</wp:ping_status>
  <wp:post_name>home36_banner1</wp:post_name>
  <wp:status>inherit</wp:status>
  <wp:post_parent>11413</wp:post_parent>
  <wp:menu_order>0</wp:menu_order>
  <wp:post_type>attachment</wp:post_type>
  <wp:post_password/>
  <wp:is_sticky>0</wp:is_sticky>
  <wp:attachment_url>https://demo2wpopal.b-cdn.net/smartic/wp-content/uploads/2021/04/home36_banner1.png</wp:attachment_url>
  <wp:postmeta>
    <wp:meta_key>_wp_attached_file</wp:meta_key>
    <wp:meta_value><![CDATA[2021/04/home36_banner1.png]]></wp:meta_value>
  </wp:postmeta>
  <wp:postmeta>
    <wp:meta_key>_wp_attachment_metadata</wp:meta_key>
    <wp:meta_value><![CDATA[a:6:{s:5:"width";i:612;s:6:"height";i:354;s:4:"file";s:26:"2021/04/home36_banner1.png";s:8:"filesize";i:41244;s:5:"sizes";a:7:{s:6:"medium";a:5:{s:4:"file";s:26:"home36_banner1-300x174.png";s:5:"width";i:300;s:6:"height";i:174;s:9:"mime-type";s:9:"image/png";s:8:"filesize";i:37337;}s:9:"thumbnail";a:5:{s:4:"file";s:26:"home36_banner1-150x150.png";s:5:"width";i:150;s:6:"height";i:150;s:9:"mime-type";s:9:"image/png";s:8:"filesize";i:24131;}s:17:"smartic-post-grid";a:5:{s:4:"file";s:26:"home36_banner1-500x330.png";s:5:"width";i:500;s:6:"height";i:330;s:9:"mime-type";s:9:"image/png";s:8:"filesize";i:110796;}s:21:"woocommerce_thumbnail";a:6:{s:4:"file";s:26:"home36_banner1-500x289.png";s:5:"width";i:500;s:6:"height";i:289;s:9:"mime-type";s:9:"image/png";s:8:"filesize";i:90910;s:9:"uncropped";b:1;}s:29:"woocommerce_gallery_thumbnail";a:5:{s:4:"file";s:26:"home36_banner1-100x100.png";s:5:"width";i:100;s:6:"height";i:100;s:9:"mime-type";s:9:"image/png";s:8:"filesize";i:12003;}s:29:"variation_swatches_image_size";a:5:{s:4:"file";s:24:"home36_banner1-50x50.png";s:5:"width";i:50;s:6:"height";i:50;s:9:"mime-type";s:9:"image/png";s:8:"filesize";i:3852;}s:31:"variation_swatches_tooltip_size";a:5:{s:4:"file";s:26:"home36_banner1-100x100.png";s:5:"width";i:100;s:6:"height";i:100;s:9:"mime-type";s:9:"image/png";s:8:"filesize";i:12003;}}s:10:"image_meta";a:12:{s:8:"aperture";s:1:"0";s:6:"credit";s:0:"";s:6:"camera";s:0:"";s:7:"caption";s:0:"";s:17:"created_timestamp";s:1:"0";s:9:"copyright";s:0:"";s:12:"focal_length";s:1:"0";s:3:"iso";s:1:"0";s:13:"shutter_speed";s:1:"0";s:5:"title";s:0:"";s:11:"orientation";s:1:"0";s:8:"keywords";a:0:{}}}]]></wp:meta_value>
  </wp:postmeta>
</item>
  </channel>
</rss>
