<?xml version="1.0" encoding="UTF-8"?>
<!--
 This is a WordPress eXtended RSS file generated by WordPress as an export of your site.
 It contains information about your site's posts, pages, comments, categories, and other content.
 You may use this file to transfer that content from one site to another.
 This file is not intended to serve as a complete backup of your site.

 To import this information into a WordPress site follow these steps:
 1. Log in to that site as an administrator.
 2. Go to Tools: Import in the WordPress admin panel.
 3. Install the "WordPress" importer from the list.
 4. Activate & Run Importer.
 5. Upload this file using the form provided on that page.
 6. You will first be asked to map the authors in this export file to users
    on the site. For each author, you may choose to map to an
    existing user on the site or to create a new user.
 7. WordPress will then import each of the posts, pages, comments, categories, etc.
    contained in this file into your site.
-->
<!-- generator="WordPress/6.2" created="2023-04-27 03:58" -->
<rss version="2.0" xmlns:excerpt="http://wordpress.org/export/1.2/excerpt/" xmlns:content="http://purl.org/rss/1.0/modules/content/" xmlns:wfw="http://wellformedweb.org/CommentAPI/" xmlns:dc="http://purl.org/dc/elements/1.1/" xmlns:wp="http://wordpress.org/export/1.2/">
  <channel>
<title>Smartic</title>
<link>https://demo2wpopal.b-cdn.net/smartic</link>
<description>Just another WordPress site</description>
<pubDate>Thu, 27 Apr 2023 03:58:32 +0000</pubDate>
<language>en-US</language>
<wp:wxr_version>1.2</wp:wxr_version>
<wp:base_site_url>https://demo2wpopal.b-cdn.net/smartic</wp:base_site_url>
<wp:base_blog_url>https://demo2wpopal.b-cdn.net/smartic</wp:base_blog_url>
<generator>https://wordpress.org/?v=6.2</generator>
<item>
  <title><![CDATA[home-18_niche_18_img_2.jpg]]></title>
  <link>https://demo2wpopal.b-cdn.net/smartic/home-34/home-18_niche_18_img_2-jpg/</link>
  <pubDate>Tue, 06 Apr 2021 07:52:06 +0000</pubDate>
  <dc:creator>admin</dc:creator>
  <guid isPermaLink="false">https://demo2wpopal.b-cdn.net/smartic/wp-content/uploads/2021/04/home-18_niche_18_img_2.jpg</guid>
  <description/>
  <content:encoded><![CDATA[]]></content:encoded>
  <excerpt:encoded><![CDATA[]]></excerpt:encoded>
  <wp:post_id>9262</wp:post_id>
  <wp:post_date>2021-04-06 07:52:06</wp:post_date>
  <wp:post_date_gmt>2021-04-06 07:52:06</wp:post_date_gmt>
  <wp:post_modified>2021-04-19 09:36:07</wp:post_modified>
  <wp:post_modified_gmt>2021-04-19 09:36:07</wp:post_modified_gmt>
  <wp:comment_status>open</wp:comment_status>
  <wp:ping_status>closed</wp:ping_status>
  <wp:post_name>home-18_niche_18_img_2-jpg</wp:post_name>
  <wp:status>inherit</wp:status>
  <wp:post_parent>9275</wp:post_parent>
  <wp:menu_order>0</wp:menu_order>
  <wp:post_type>attachment</wp:post_type>
  <wp:post_password/>
  <wp:is_sticky>0</wp:is_sticky>
  <wp:attachment_url>https://demo2wpopal.b-cdn.net/smartic/wp-content/uploads/2021/04/home-18_niche_18_img_2.jpg</wp:attachment_url>
  <wp:postmeta>
    <wp:meta_key>_wp_attached_file</wp:meta_key>
    <wp:meta_value><![CDATA[2021/04/home-18_niche_18_img_2.jpg]]></wp:meta_value>
  </wp:postmeta>
  <wp:postmeta>
    <wp:meta_key>_wp_attachment_metadata</wp:meta_key>
    <wp:meta_value><![CDATA[a:6:{s:5:"width";i:440;s:6:"height";i:361;s:4:"file";s:34:"2021/04/home-18_niche_18_img_2.jpg";s:8:"filesize";i:7514;s:5:"sizes";a:6:{s:6:"medium";a:5:{s:4:"file";s:34:"home-18_niche_18_img_2-300x246.jpg";s:5:"width";i:300;s:6:"height";i:246;s:9:"mime-type";s:10:"image/jpeg";s:8:"filesize";i:5226;}s:9:"thumbnail";a:5:{s:4:"file";s:34:"home-18_niche_18_img_2-150x150.jpg";s:5:"width";i:150;s:6:"height";i:150;s:9:"mime-type";s:10:"image/jpeg";s:8:"filesize";i:2674;}s:17:"smartic-post-grid";a:5:{s:4:"file";s:34:"home-18_niche_18_img_2-440x330.jpg";s:5:"width";i:440;s:6:"height";i:330;s:9:"mime-type";s:10:"image/jpeg";s:8:"filesize";i:9112;}s:29:"woocommerce_gallery_thumbnail";a:5:{s:4:"file";s:34:"home-18_niche_18_img_2-100x100.jpg";s:5:"width";i:100;s:6:"height";i:100;s:9:"mime-type";s:10:"image/jpeg";s:8:"filesize";i:1777;}s:29:"variation_swatches_image_size";a:5:{s:4:"file";s:32:"home-18_niche_18_img_2-50x50.jpg";s:5:"width";i:50;s:6:"height";i:50;s:9:"mime-type";s:10:"image/jpeg";s:8:"filesize";i:1082;}s:31:"variation_swatches_tooltip_size";a:5:{s:4:"file";s:34:"home-18_niche_18_img_2-100x100.jpg";s:5:"width";i:100;s:6:"height";i:100;s:9:"mime-type";s:10:"image/jpeg";s:8:"filesize";i:1777;}}s:10:"image_meta";a:12:{s:8:"aperture";s:1:"0";s:6:"credit";s:0:"";s:6:"camera";s:0:"";s:7:"caption";s:0:"";s:17:"created_timestamp";s:1:"0";s:9:"copyright";s:0:"";s:12:"focal_length";s:1:"0";s:3:"iso";s:1:"0";s:13:"shutter_speed";s:1:"0";s:5:"title";s:0:"";s:11:"orientation";s:1:"0";s:8:"keywords";a:0:{}}}]]></wp:meta_value>
  </wp:postmeta>
  <wp:postmeta>
    <wp:meta_key>_elementor_source_image_hash</wp:meta_key>
    <wp:meta_value><![CDATA[538b23b462c1ae1859cacdc7e6773fdb651ed225]]></wp:meta_value>
  </wp:postmeta>
</item>
<item>
  <title><![CDATA[home-18_niche_18_img_1.jpg]]></title>
  <link>https://demo2wpopal.b-cdn.net/smartic/home-34/home-18_niche_18_img_1-jpg/</link>
  <pubDate>Tue, 06 Apr 2021 07:52:07 +0000</pubDate>
  <dc:creator>admin</dc:creator>
  <guid isPermaLink="false">https://demo2wpopal.b-cdn.net/smartic/wp-content/uploads/2021/04/home-18_niche_18_img_1.jpg</guid>
  <description/>
  <content:encoded><![CDATA[]]></content:encoded>
  <excerpt:encoded><![CDATA[]]></excerpt:encoded>
  <wp:post_id>9263</wp:post_id>
  <wp:post_date>2021-04-06 07:52:07</wp:post_date>
  <wp:post_date_gmt>2021-04-06 07:52:07</wp:post_date_gmt>
  <wp:post_modified>2021-04-19 09:36:07</wp:post_modified>
  <wp:post_modified_gmt>2021-04-19 09:36:07</wp:post_modified_gmt>
  <wp:comment_status>open</wp:comment_status>
  <wp:ping_status>closed</wp:ping_status>
  <wp:post_name>home-18_niche_18_img_1-jpg</wp:post_name>
  <wp:status>inherit</wp:status>
  <wp:post_parent>9275</wp:post_parent>
  <wp:menu_order>0</wp:menu_order>
  <wp:post_type>attachment</wp:post_type>
  <wp:post_password/>
  <wp:is_sticky>0</wp:is_sticky>
  <wp:attachment_url>https://demo2wpopal.b-cdn.net/smartic/wp-content/uploads/2021/04/home-18_niche_18_img_1.jpg</wp:attachment_url>
  <wp:postmeta>
    <wp:meta_key>_wp_attached_file</wp:meta_key>
    <wp:meta_value><![CDATA[2021/04/home-18_niche_18_img_1.jpg]]></wp:meta_value>
  </wp:postmeta>
  <wp:postmeta>
    <wp:meta_key>_wp_attachment_metadata</wp:meta_key>
    <wp:meta_value><![CDATA[a:6:{s:5:"width";i:440;s:6:"height";i:361;s:4:"file";s:34:"2021/04/home-18_niche_18_img_1.jpg";s:8:"filesize";i:6224;s:5:"sizes";a:6:{s:6:"medium";a:5:{s:4:"file";s:34:"home-18_niche_18_img_1-300x246.jpg";s:5:"width";i:300;s:6:"height";i:246;s:9:"mime-type";s:10:"image/jpeg";s:8:"filesize";i:4465;}s:9:"thumbnail";a:5:{s:4:"file";s:34:"home-18_niche_18_img_1-150x150.jpg";s:5:"width";i:150;s:6:"height";i:150;s:9:"mime-type";s:10:"image/jpeg";s:8:"filesize";i:2470;}s:17:"smartic-post-grid";a:5:{s:4:"file";s:34:"home-18_niche_18_img_1-440x330.jpg";s:5:"width";i:440;s:6:"height";i:330;s:9:"mime-type";s:10:"image/jpeg";s:8:"filesize";i:7874;}s:29:"woocommerce_gallery_thumbnail";a:5:{s:4:"file";s:34:"home-18_niche_18_img_1-100x100.jpg";s:5:"width";i:100;s:6:"height";i:100;s:9:"mime-type";s:10:"image/jpeg";s:8:"filesize";i:1692;}s:29:"variation_swatches_image_size";a:5:{s:4:"file";s:32:"home-18_niche_18_img_1-50x50.jpg";s:5:"width";i:50;s:6:"height";i:50;s:9:"mime-type";s:10:"image/jpeg";s:8:"filesize";i:1120;}s:31:"variation_swatches_tooltip_size";a:5:{s:4:"file";s:34:"home-18_niche_18_img_1-100x100.jpg";s:5:"width";i:100;s:6:"height";i:100;s:9:"mime-type";s:10:"image/jpeg";s:8:"filesize";i:1692;}}s:10:"image_meta";a:12:{s:8:"aperture";s:1:"0";s:6:"credit";s:0:"";s:6:"camera";s:0:"";s:7:"caption";s:0:"";s:17:"created_timestamp";s:1:"0";s:9:"copyright";s:0:"";s:12:"focal_length";s:1:"0";s:3:"iso";s:1:"0";s:13:"shutter_speed";s:1:"0";s:5:"title";s:0:"";s:11:"orientation";s:1:"0";s:8:"keywords";a:0:{}}}]]></wp:meta_value>
  </wp:postmeta>
  <wp:postmeta>
    <wp:meta_key>_elementor_source_image_hash</wp:meta_key>
    <wp:meta_value><![CDATA[0fa25dd4895865b1816175692c6231ce5e790ce9]]></wp:meta_value>
  </wp:postmeta>
</item>
<item>
  <title><![CDATA[home-18_niche_18_img_3.jpg]]></title>
  <link>https://demo2wpopal.b-cdn.net/smartic/home-34/home-18_niche_18_img_3-jpg/</link>
  <pubDate>Tue, 06 Apr 2021 07:52:07 +0000</pubDate>
  <dc:creator>admin</dc:creator>
  <guid isPermaLink="false">https://demo2wpopal.b-cdn.net/smartic/wp-content/uploads/2021/04/home-18_niche_18_img_3.jpg</guid>
  <description/>
  <content:encoded><![CDATA[]]></content:encoded>
  <excerpt:encoded><![CDATA[]]></excerpt:encoded>
  <wp:post_id>9264</wp:post_id>
  <wp:post_date>2021-04-06 07:52:07</wp:post_date>
  <wp:post_date_gmt>2021-04-06 07:52:07</wp:post_date_gmt>
  <wp:post_modified>2021-04-19 09:36:07</wp:post_modified>
  <wp:post_modified_gmt>2021-04-19 09:36:07</wp:post_modified_gmt>
  <wp:comment_status>open</wp:comment_status>
  <wp:ping_status>closed</wp:ping_status>
  <wp:post_name>home-18_niche_18_img_3-jpg</wp:post_name>
  <wp:status>inherit</wp:status>
  <wp:post_parent>9275</wp:post_parent>
  <wp:menu_order>0</wp:menu_order>
  <wp:post_type>attachment</wp:post_type>
  <wp:post_password/>
  <wp:is_sticky>0</wp:is_sticky>
  <wp:attachment_url>https://demo2wpopal.b-cdn.net/smartic/wp-content/uploads/2021/04/home-18_niche_18_img_3.jpg</wp:attachment_url>
  <wp:postmeta>
    <wp:meta_key>_wp_attached_file</wp:meta_key>
    <wp:meta_value><![CDATA[2021/04/home-18_niche_18_img_3.jpg]]></wp:meta_value>
  </wp:postmeta>
  <wp:postmeta>
    <wp:meta_key>_wp_attachment_metadata</wp:meta_key>
    <wp:meta_value><![CDATA[a:6:{s:5:"width";i:480;s:6:"height";i:368;s:4:"file";s:34:"2021/04/home-18_niche_18_img_3.jpg";s:8:"filesize";i:8055;s:5:"sizes";a:6:{s:6:"medium";a:5:{s:4:"file";s:34:"home-18_niche_18_img_3-300x230.jpg";s:5:"width";i:300;s:6:"height";i:230;s:9:"mime-type";s:10:"image/jpeg";s:8:"filesize";i:4884;}s:9:"thumbnail";a:5:{s:4:"file";s:34:"home-18_niche_18_img_3-150x150.jpg";s:5:"width";i:150;s:6:"height";i:150;s:9:"mime-type";s:10:"image/jpeg";s:8:"filesize";i:2846;}s:17:"smartic-post-grid";a:5:{s:4:"file";s:34:"home-18_niche_18_img_3-480x330.jpg";s:5:"width";i:480;s:6:"height";i:330;s:9:"mime-type";s:10:"image/jpeg";s:8:"filesize";i:9395;}s:29:"woocommerce_gallery_thumbnail";a:5:{s:4:"file";s:34:"home-18_niche_18_img_3-100x100.jpg";s:5:"width";i:100;s:6:"height";i:100;s:9:"mime-type";s:10:"image/jpeg";s:8:"filesize";i:1903;}s:29:"variation_swatches_image_size";a:5:{s:4:"file";s:32:"home-18_niche_18_img_3-50x50.jpg";s:5:"width";i:50;s:6:"height";i:50;s:9:"mime-type";s:10:"image/jpeg";s:8:"filesize";i:1218;}s:31:"variation_swatches_tooltip_size";a:5:{s:4:"file";s:34:"home-18_niche_18_img_3-100x100.jpg";s:5:"width";i:100;s:6:"height";i:100;s:9:"mime-type";s:10:"image/jpeg";s:8:"filesize";i:1903;}}s:10:"image_meta";a:12:{s:8:"aperture";s:1:"0";s:6:"credit";s:0:"";s:6:"camera";s:0:"";s:7:"caption";s:0:"";s:17:"created_timestamp";s:1:"0";s:9:"copyright";s:0:"";s:12:"focal_length";s:1:"0";s:3:"iso";s:1:"0";s:13:"shutter_speed";s:1:"0";s:5:"title";s:0:"";s:11:"orientation";s:1:"0";s:8:"keywords";a:0:{}}}]]></wp:meta_value>
  </wp:postmeta>
  <wp:postmeta>
    <wp:meta_key>_elementor_source_image_hash</wp:meta_key>
    <wp:meta_value><![CDATA[9659148b273cf0f46bb6afe3687ac431999850bb]]></wp:meta_value>
  </wp:postmeta>
</item>
<item>
  <title><![CDATA[home-18_niche_18_img_4.jpg]]></title>
  <link>https://demo2wpopal.b-cdn.net/smartic/home-34/home-18_niche_18_img_4-jpg/</link>
  <pubDate>Tue, 06 Apr 2021 07:52:07 +0000</pubDate>
  <dc:creator>admin</dc:creator>
  <guid isPermaLink="false">https://demo2wpopal.b-cdn.net/smartic/wp-content/uploads/2021/04/home-18_niche_18_img_4.jpg</guid>
  <description/>
  <content:encoded><![CDATA[]]></content:encoded>
  <excerpt:encoded><![CDATA[]]></excerpt:encoded>
  <wp:post_id>9265</wp:post_id>
  <wp:post_date>2021-04-06 07:52:07</wp:post_date>
  <wp:post_date_gmt>2021-04-06 07:52:07</wp:post_date_gmt>
  <wp:post_modified>2021-04-19 09:36:07</wp:post_modified>
  <wp:post_modified_gmt>2021-04-19 09:36:07</wp:post_modified_gmt>
  <wp:comment_status>open</wp:comment_status>
  <wp:ping_status>closed</wp:ping_status>
  <wp:post_name>home-18_niche_18_img_4-jpg</wp:post_name>
  <wp:status>inherit</wp:status>
  <wp:post_parent>9275</wp:post_parent>
  <wp:menu_order>0</wp:menu_order>
  <wp:post_type>attachment</wp:post_type>
  <wp:post_password/>
  <wp:is_sticky>0</wp:is_sticky>
  <wp:attachment_url>https://demo2wpopal.b-cdn.net/smartic/wp-content/uploads/2021/04/home-18_niche_18_img_4.jpg</wp:attachment_url>
  <wp:postmeta>
    <wp:meta_key>_wp_attached_file</wp:meta_key>
    <wp:meta_value><![CDATA[2021/04/home-18_niche_18_img_4.jpg]]></wp:meta_value>
  </wp:postmeta>
  <wp:postmeta>
    <wp:meta_key>_wp_attachment_metadata</wp:meta_key>
    <wp:meta_value><![CDATA[a:6:{s:5:"width";i:480;s:6:"height";i:368;s:4:"file";s:34:"2021/04/home-18_niche_18_img_4.jpg";s:8:"filesize";i:14607;s:5:"sizes";a:6:{s:6:"medium";a:5:{s:4:"file";s:34:"home-18_niche_18_img_4-300x230.jpg";s:5:"width";i:300;s:6:"height";i:230;s:9:"mime-type";s:10:"image/jpeg";s:8:"filesize";i:7278;}s:9:"thumbnail";a:5:{s:4:"file";s:34:"home-18_niche_18_img_4-150x150.jpg";s:5:"width";i:150;s:6:"height";i:150;s:9:"mime-type";s:10:"image/jpeg";s:8:"filesize";i:4049;}s:17:"smartic-post-grid";a:5:{s:4:"file";s:34:"home-18_niche_18_img_4-480x330.jpg";s:5:"width";i:480;s:6:"height";i:330;s:9:"mime-type";s:10:"image/jpeg";s:8:"filesize";i:14144;}s:29:"woocommerce_gallery_thumbnail";a:5:{s:4:"file";s:34:"home-18_niche_18_img_4-100x100.jpg";s:5:"width";i:100;s:6:"height";i:100;s:9:"mime-type";s:10:"image/jpeg";s:8:"filesize";i:2532;}s:29:"variation_swatches_image_size";a:5:{s:4:"file";s:32:"home-18_niche_18_img_4-50x50.jpg";s:5:"width";i:50;s:6:"height";i:50;s:9:"mime-type";s:10:"image/jpeg";s:8:"filesize";i:1355;}s:31:"variation_swatches_tooltip_size";a:5:{s:4:"file";s:34:"home-18_niche_18_img_4-100x100.jpg";s:5:"width";i:100;s:6:"height";i:100;s:9:"mime-type";s:10:"image/jpeg";s:8:"filesize";i:2532;}}s:10:"image_meta";a:12:{s:8:"aperture";s:1:"0";s:6:"credit";s:0:"";s:6:"camera";s:0:"";s:7:"caption";s:0:"";s:17:"created_timestamp";s:1:"0";s:9:"copyright";s:0:"";s:12:"focal_length";s:1:"0";s:3:"iso";s:1:"0";s:13:"shutter_speed";s:1:"0";s:5:"title";s:0:"";s:11:"orientation";s:1:"0";s:8:"keywords";a:0:{}}}]]></wp:meta_value>
  </wp:postmeta>
  <wp:postmeta>
    <wp:meta_key>_elementor_source_image_hash</wp:meta_key>
    <wp:meta_value><![CDATA[a0a783a93e99ec8ad3ee625cf31a833d0ff1e463]]></wp:meta_value>
  </wp:postmeta>
</item>
<item>
  <title><![CDATA[niche_18_img_7.png]]></title>
  <link>https://demo2wpopal.b-cdn.net/smartic/home-34/niche_18_img_7-png/</link>
  <pubDate>Tue, 06 Apr 2021 07:52:07 +0000</pubDate>
  <dc:creator>admin</dc:creator>
  <guid isPermaLink="false">https://demo2wpopal.b-cdn.net/smartic/wp-content/uploads/2021/04/niche_18_img_7.png</guid>
  <description/>
  <content:encoded><![CDATA[]]></content:encoded>
  <excerpt:encoded><![CDATA[]]></excerpt:encoded>
  <wp:post_id>9266</wp:post_id>
  <wp:post_date>2021-04-06 07:52:07</wp:post_date>
  <wp:post_date_gmt>2021-04-06 07:52:07</wp:post_date_gmt>
  <wp:post_modified>2021-04-19 09:36:07</wp:post_modified>
  <wp:post_modified_gmt>2021-04-19 09:36:07</wp:post_modified_gmt>
  <wp:comment_status>open</wp:comment_status>
  <wp:ping_status>closed</wp:ping_status>
  <wp:post_name>niche_18_img_7-png</wp:post_name>
  <wp:status>inherit</wp:status>
  <wp:post_parent>9275</wp:post_parent>
  <wp:menu_order>0</wp:menu_order>
  <wp:post_type>attachment</wp:post_type>
  <wp:post_password/>
  <wp:is_sticky>0</wp:is_sticky>
  <wp:attachment_url>https://demo2wpopal.b-cdn.net/smartic/wp-content/uploads/2021/04/niche_18_img_7.png</wp:attachment_url>
  <wp:postmeta>
    <wp:meta_key>_wp_attached_file</wp:meta_key>
    <wp:meta_value><![CDATA[2021/04/niche_18_img_7.png]]></wp:meta_value>
  </wp:postmeta>
  <wp:postmeta>
    <wp:meta_key>_wp_attachment_metadata</wp:meta_key>
    <wp:meta_value><![CDATA[a:6:{s:5:"width";i:241;s:6:"height";i:404;s:4:"file";s:26:"2021/04/niche_18_img_7.png";s:8:"filesize";i:36816;s:5:"sizes";a:6:{s:6:"medium";a:5:{s:4:"file";s:26:"niche_18_img_7-179x300.png";s:5:"width";i:179;s:6:"height";i:300;s:9:"mime-type";s:9:"image/png";s:8:"filesize";i:61411;}s:9:"thumbnail";a:5:{s:4:"file";s:26:"niche_18_img_7-150x150.png";s:5:"width";i:150;s:6:"height";i:150;s:9:"mime-type";s:9:"image/png";s:8:"filesize";i:29038;}s:17:"smartic-post-grid";a:5:{s:4:"file";s:26:"niche_18_img_7-241x330.png";s:5:"width";i:241;s:6:"height";i:330;s:9:"mime-type";s:9:"image/png";s:8:"filesize";i:70305;}s:29:"woocommerce_gallery_thumbnail";a:5:{s:4:"file";s:26:"niche_18_img_7-100x100.png";s:5:"width";i:100;s:6:"height";i:100;s:9:"mime-type";s:9:"image/png";s:8:"filesize";i:14048;}s:29:"variation_swatches_image_size";a:5:{s:4:"file";s:24:"niche_18_img_7-50x50.png";s:5:"width";i:50;s:6:"height";i:50;s:9:"mime-type";s:9:"image/png";s:8:"filesize";i:4026;}s:31:"variation_swatches_tooltip_size";a:5:{s:4:"file";s:26:"niche_18_img_7-100x100.png";s:5:"width";i:100;s:6:"height";i:100;s:9:"mime-type";s:9:"image/png";s:8:"filesize";i:14048;}}s:10:"image_meta";a:12:{s:8:"aperture";s:1:"0";s:6:"credit";s:0:"";s:6:"camera";s:0:"";s:7:"caption";s:0:"";s:17:"created_timestamp";s:1:"0";s:9:"copyright";s:0:"";s:12:"focal_length";s:1:"0";s:3:"iso";s:1:"0";s:13:"shutter_speed";s:1:"0";s:5:"title";s:0:"";s:11:"orientation";s:1:"0";s:8:"keywords";a:0:{}}}]]></wp:meta_value>
  </wp:postmeta>
  <wp:postmeta>
    <wp:meta_key>_elementor_source_image_hash</wp:meta_key>
    <wp:meta_value><![CDATA[8bb381ece0d70b190fc30ff18ea42b676bc6328e]]></wp:meta_value>
  </wp:postmeta>
</item>
<item>
  <title><![CDATA[niche_18_img_8.png]]></title>
  <link>https://demo2wpopal.b-cdn.net/smartic/home-34/niche_18_img_8-png/</link>
  <pubDate>Tue, 06 Apr 2021 07:52:07 +0000</pubDate>
  <dc:creator>admin</dc:creator>
  <guid isPermaLink="false">https://demo2wpopal.b-cdn.net/smartic/wp-content/uploads/2021/04/niche_18_img_8.png</guid>
  <description/>
  <content:encoded><![CDATA[]]></content:encoded>
  <excerpt:encoded><![CDATA[]]></excerpt:encoded>
  <wp:post_id>9267</wp:post_id>
  <wp:post_date>2021-04-06 07:52:07</wp:post_date>
  <wp:post_date_gmt>2021-04-06 07:52:07</wp:post_date_gmt>
  <wp:post_modified>2021-04-19 09:36:07</wp:post_modified>
  <wp:post_modified_gmt>2021-04-19 09:36:07</wp:post_modified_gmt>
  <wp:comment_status>open</wp:comment_status>
  <wp:ping_status>closed</wp:ping_status>
  <wp:post_name>niche_18_img_8-png</wp:post_name>
  <wp:status>inherit</wp:status>
  <wp:post_parent>9275</wp:post_parent>
  <wp:menu_order>0</wp:menu_order>
  <wp:post_type>attachment</wp:post_type>
  <wp:post_password/>
  <wp:is_sticky>0</wp:is_sticky>
  <wp:attachment_url>https://demo2wpopal.b-cdn.net/smartic/wp-content/uploads/2021/04/niche_18_img_8.png</wp:attachment_url>
  <wp:postmeta>
    <wp:meta_key>_wp_attached_file</wp:meta_key>
    <wp:meta_value><![CDATA[2021/04/niche_18_img_8.png]]></wp:meta_value>
  </wp:postmeta>
  <wp:postmeta>
    <wp:meta_key>_wp_attachment_metadata</wp:meta_key>
    <wp:meta_value><![CDATA[a:6:{s:5:"width";i:241;s:6:"height";i:404;s:4:"file";s:26:"2021/04/niche_18_img_8.png";s:8:"filesize";i:34349;s:5:"sizes";a:6:{s:6:"medium";a:5:{s:4:"file";s:26:"niche_18_img_8-179x300.png";s:5:"width";i:179;s:6:"height";i:300;s:9:"mime-type";s:9:"image/png";s:8:"filesize";i:59836;}s:9:"thumbnail";a:5:{s:4:"file";s:26:"niche_18_img_8-150x150.png";s:5:"width";i:150;s:6:"height";i:150;s:9:"mime-type";s:9:"image/png";s:8:"filesize";i:29135;}s:17:"smartic-post-grid";a:5:{s:4:"file";s:26:"niche_18_img_8-241x330.png";s:5:"width";i:241;s:6:"height";i:330;s:9:"mime-type";s:9:"image/png";s:8:"filesize";i:67788;}s:29:"woocommerce_gallery_thumbnail";a:5:{s:4:"file";s:26:"niche_18_img_8-100x100.png";s:5:"width";i:100;s:6:"height";i:100;s:9:"mime-type";s:9:"image/png";s:8:"filesize";i:14039;}s:29:"variation_swatches_image_size";a:5:{s:4:"file";s:24:"niche_18_img_8-50x50.png";s:5:"width";i:50;s:6:"height";i:50;s:9:"mime-type";s:9:"image/png";s:8:"filesize";i:4016;}s:31:"variation_swatches_tooltip_size";a:5:{s:4:"file";s:26:"niche_18_img_8-100x100.png";s:5:"width";i:100;s:6:"height";i:100;s:9:"mime-type";s:9:"image/png";s:8:"filesize";i:14039;}}s:10:"image_meta";a:12:{s:8:"aperture";s:1:"0";s:6:"credit";s:0:"";s:6:"camera";s:0:"";s:7:"caption";s:0:"";s:17:"created_timestamp";s:1:"0";s:9:"copyright";s:0:"";s:12:"focal_length";s:1:"0";s:3:"iso";s:1:"0";s:13:"shutter_speed";s:1:"0";s:5:"title";s:0:"";s:11:"orientation";s:1:"0";s:8:"keywords";a:0:{}}}]]></wp:meta_value>
  </wp:postmeta>
  <wp:postmeta>
    <wp:meta_key>_elementor_source_image_hash</wp:meta_key>
    <wp:meta_value><![CDATA[be15b3468c52c2198ce21616153c35db8a07513b]]></wp:meta_value>
  </wp:postmeta>
</item>
<item>
  <title><![CDATA[niche_18_img_9.png]]></title>
  <link>https://demo2wpopal.b-cdn.net/smartic/home-34/niche_18_img_9-png/</link>
  <pubDate>Tue, 06 Apr 2021 07:52:07 +0000</pubDate>
  <dc:creator>admin</dc:creator>
  <guid isPermaLink="false">https://demo2wpopal.b-cdn.net/smartic/wp-content/uploads/2021/04/niche_18_img_9.png</guid>
  <description/>
  <content:encoded><![CDATA[]]></content:encoded>
  <excerpt:encoded><![CDATA[]]></excerpt:encoded>
  <wp:post_id>9268</wp:post_id>
  <wp:post_date>2021-04-06 07:52:07</wp:post_date>
  <wp:post_date_gmt>2021-04-06 07:52:07</wp:post_date_gmt>
  <wp:post_modified>2021-04-19 09:36:07</wp:post_modified>
  <wp:post_modified_gmt>2021-04-19 09:36:07</wp:post_modified_gmt>
  <wp:comment_status>open</wp:comment_status>
  <wp:ping_status>closed</wp:ping_status>
  <wp:post_name>niche_18_img_9-png</wp:post_name>
  <wp:status>inherit</wp:status>
  <wp:post_parent>9275</wp:post_parent>
  <wp:menu_order>0</wp:menu_order>
  <wp:post_type>attachment</wp:post_type>
  <wp:post_password/>
  <wp:is_sticky>0</wp:is_sticky>
  <wp:attachment_url>https://demo2wpopal.b-cdn.net/smartic/wp-content/uploads/2021/04/niche_18_img_9.png</wp:attachment_url>
  <wp:postmeta>
    <wp:meta_key>_wp_attached_file</wp:meta_key>
    <wp:meta_value><![CDATA[2021/04/niche_18_img_9.png]]></wp:meta_value>
  </wp:postmeta>
  <wp:postmeta>
    <wp:meta_key>_wp_attachment_metadata</wp:meta_key>
    <wp:meta_value><![CDATA[a:6:{s:5:"width";i:241;s:6:"height";i:404;s:4:"file";s:26:"2021/04/niche_18_img_9.png";s:8:"filesize";i:34877;s:5:"sizes";a:6:{s:6:"medium";a:5:{s:4:"file";s:26:"niche_18_img_9-179x300.png";s:5:"width";i:179;s:6:"height";i:300;s:9:"mime-type";s:9:"image/png";s:8:"filesize";i:65687;}s:9:"thumbnail";a:5:{s:4:"file";s:26:"niche_18_img_9-150x150.png";s:5:"width";i:150;s:6:"height";i:150;s:9:"mime-type";s:9:"image/png";s:8:"filesize";i:29241;}s:17:"smartic-post-grid";a:5:{s:4:"file";s:26:"niche_18_img_9-241x330.png";s:5:"width";i:241;s:6:"height";i:330;s:9:"mime-type";s:9:"image/png";s:8:"filesize";i:70820;}s:29:"woocommerce_gallery_thumbnail";a:5:{s:4:"file";s:26:"niche_18_img_9-100x100.png";s:5:"width";i:100;s:6:"height";i:100;s:9:"mime-type";s:9:"image/png";s:8:"filesize";i:14153;}s:29:"variation_swatches_image_size";a:5:{s:4:"file";s:24:"niche_18_img_9-50x50.png";s:5:"width";i:50;s:6:"height";i:50;s:9:"mime-type";s:9:"image/png";s:8:"filesize";i:4051;}s:31:"variation_swatches_tooltip_size";a:5:{s:4:"file";s:26:"niche_18_img_9-100x100.png";s:5:"width";i:100;s:6:"height";i:100;s:9:"mime-type";s:9:"image/png";s:8:"filesize";i:14153;}}s:10:"image_meta";a:12:{s:8:"aperture";s:1:"0";s:6:"credit";s:0:"";s:6:"camera";s:0:"";s:7:"caption";s:0:"";s:17:"created_timestamp";s:1:"0";s:9:"copyright";s:0:"";s:12:"focal_length";s:1:"0";s:3:"iso";s:1:"0";s:13:"shutter_speed";s:1:"0";s:5:"title";s:0:"";s:11:"orientation";s:1:"0";s:8:"keywords";a:0:{}}}]]></wp:meta_value>
  </wp:postmeta>
  <wp:postmeta>
    <wp:meta_key>_elementor_source_image_hash</wp:meta_key>
    <wp:meta_value><![CDATA[7ceb772240e7b5eb9ecd09338f433d9d06012ba6]]></wp:meta_value>
  </wp:postmeta>
</item>
<item>
  <title><![CDATA[niche_18_img_10.png]]></title>
  <link>https://demo2wpopal.b-cdn.net/smartic/home-34/niche_18_img_10-png/</link>
  <pubDate>Tue, 06 Apr 2021 07:52:08 +0000</pubDate>
  <dc:creator>admin</dc:creator>
  <guid isPermaLink="false">https://demo2wpopal.b-cdn.net/smartic/wp-content/uploads/2021/04/niche_18_img_10.png</guid>
  <description/>
  <content:encoded><![CDATA[]]></content:encoded>
  <excerpt:encoded><![CDATA[]]></excerpt:encoded>
  <wp:post_id>9269</wp:post_id>
  <wp:post_date>2021-04-06 07:52:08</wp:post_date>
  <wp:post_date_gmt>2021-04-06 07:52:08</wp:post_date_gmt>
  <wp:post_modified>2021-04-19 09:36:07</wp:post_modified>
  <wp:post_modified_gmt>2021-04-19 09:36:07</wp:post_modified_gmt>
  <wp:comment_status>open</wp:comment_status>
  <wp:ping_status>closed</wp:ping_status>
  <wp:post_name>niche_18_img_10-png</wp:post_name>
  <wp:status>inherit</wp:status>
  <wp:post_parent>9275</wp:post_parent>
  <wp:menu_order>0</wp:menu_order>
  <wp:post_type>attachment</wp:post_type>
  <wp:post_password/>
  <wp:is_sticky>0</wp:is_sticky>
  <wp:attachment_url>https://demo2wpopal.b-cdn.net/smartic/wp-content/uploads/2021/04/niche_18_img_10.png</wp:attachment_url>
  <wp:postmeta>
    <wp:meta_key>_wp_attached_file</wp:meta_key>
    <wp:meta_value><![CDATA[2021/04/niche_18_img_10.png]]></wp:meta_value>
  </wp:postmeta>
  <wp:postmeta>
    <wp:meta_key>_wp_attachment_metadata</wp:meta_key>
    <wp:meta_value><![CDATA[a:6:{s:5:"width";i:241;s:6:"height";i:404;s:4:"file";s:27:"2021/04/niche_18_img_10.png";s:8:"filesize";i:34986;s:5:"sizes";a:6:{s:6:"medium";a:5:{s:4:"file";s:27:"niche_18_img_10-179x300.png";s:5:"width";i:179;s:6:"height";i:300;s:9:"mime-type";s:9:"image/png";s:8:"filesize";i:65876;}s:9:"thumbnail";a:5:{s:4:"file";s:27:"niche_18_img_10-150x150.png";s:5:"width";i:150;s:6:"height";i:150;s:9:"mime-type";s:9:"image/png";s:8:"filesize";i:29402;}s:17:"smartic-post-grid";a:5:{s:4:"file";s:27:"niche_18_img_10-241x330.png";s:5:"width";i:241;s:6:"height";i:330;s:9:"mime-type";s:9:"image/png";s:8:"filesize";i:71652;}s:29:"woocommerce_gallery_thumbnail";a:5:{s:4:"file";s:27:"niche_18_img_10-100x100.png";s:5:"width";i:100;s:6:"height";i:100;s:9:"mime-type";s:9:"image/png";s:8:"filesize";i:14183;}s:29:"variation_swatches_image_size";a:5:{s:4:"file";s:25:"niche_18_img_10-50x50.png";s:5:"width";i:50;s:6:"height";i:50;s:9:"mime-type";s:9:"image/png";s:8:"filesize";i:4037;}s:31:"variation_swatches_tooltip_size";a:5:{s:4:"file";s:27:"niche_18_img_10-100x100.png";s:5:"width";i:100;s:6:"height";i:100;s:9:"mime-type";s:9:"image/png";s:8:"filesize";i:14183;}}s:10:"image_meta";a:12:{s:8:"aperture";s:1:"0";s:6:"credit";s:0:"";s:6:"camera";s:0:"";s:7:"caption";s:0:"";s:17:"created_timestamp";s:1:"0";s:9:"copyright";s:0:"";s:12:"focal_length";s:1:"0";s:3:"iso";s:1:"0";s:13:"shutter_speed";s:1:"0";s:5:"title";s:0:"";s:11:"orientation";s:1:"0";s:8:"keywords";a:0:{}}}]]></wp:meta_value>
  </wp:postmeta>
  <wp:postmeta>
    <wp:meta_key>_elementor_source_image_hash</wp:meta_key>
    <wp:meta_value><![CDATA[4c93d4e4e8a4b612060bc6c6b3c3422dbf9a1b11]]></wp:meta_value>
  </wp:postmeta>
</item>
<item>
  <title><![CDATA[niche_18_img_11.png]]></title>
  <link>https://demo2wpopal.b-cdn.net/smartic/home-34/niche_18_img_11-png/</link>
  <pubDate>Tue, 06 Apr 2021 07:52:08 +0000</pubDate>
  <dc:creator>admin</dc:creator>
  <guid isPermaLink="false">https://demo2wpopal.b-cdn.net/smartic/wp-content/uploads/2021/04/niche_18_img_11.png</guid>
  <description/>
  <content:encoded><![CDATA[]]></content:encoded>
  <excerpt:encoded><![CDATA[]]></excerpt:encoded>
  <wp:post_id>9270</wp:post_id>
  <wp:post_date>2021-04-06 07:52:08</wp:post_date>
  <wp:post_date_gmt>2021-04-06 07:52:08</wp:post_date_gmt>
  <wp:post_modified>2021-04-19 09:36:07</wp:post_modified>
  <wp:post_modified_gmt>2021-04-19 09:36:07</wp:post_modified_gmt>
  <wp:comment_status>open</wp:comment_status>
  <wp:ping_status>closed</wp:ping_status>
  <wp:post_name>niche_18_img_11-png</wp:post_name>
  <wp:status>inherit</wp:status>
  <wp:post_parent>9275</wp:post_parent>
  <wp:menu_order>0</wp:menu_order>
  <wp:post_type>attachment</wp:post_type>
  <wp:post_password/>
  <wp:is_sticky>0</wp:is_sticky>
  <wp:attachment_url>https://demo2wpopal.b-cdn.net/smartic/wp-content/uploads/2021/04/niche_18_img_11.png</wp:attachment_url>
  <wp:postmeta>
    <wp:meta_key>_wp_attached_file</wp:meta_key>
    <wp:meta_value><![CDATA[2021/04/niche_18_img_11.png]]></wp:meta_value>
  </wp:postmeta>
  <wp:postmeta>
    <wp:meta_key>_wp_attachment_metadata</wp:meta_key>
    <wp:meta_value><![CDATA[a:6:{s:5:"width";i:241;s:6:"height";i:404;s:4:"file";s:27:"2021/04/niche_18_img_11.png";s:8:"filesize";i:35267;s:5:"sizes";a:6:{s:6:"medium";a:5:{s:4:"file";s:27:"niche_18_img_11-179x300.png";s:5:"width";i:179;s:6:"height";i:300;s:9:"mime-type";s:9:"image/png";s:8:"filesize";i:65651;}s:9:"thumbnail";a:5:{s:4:"file";s:27:"niche_18_img_11-150x150.png";s:5:"width";i:150;s:6:"height";i:150;s:9:"mime-type";s:9:"image/png";s:8:"filesize";i:29494;}s:17:"smartic-post-grid";a:5:{s:4:"file";s:27:"niche_18_img_11-241x330.png";s:5:"width";i:241;s:6:"height";i:330;s:9:"mime-type";s:9:"image/png";s:8:"filesize";i:71318;}s:29:"woocommerce_gallery_thumbnail";a:5:{s:4:"file";s:27:"niche_18_img_11-100x100.png";s:5:"width";i:100;s:6:"height";i:100;s:9:"mime-type";s:9:"image/png";s:8:"filesize";i:14193;}s:29:"variation_swatches_image_size";a:5:{s:4:"file";s:25:"niche_18_img_11-50x50.png";s:5:"width";i:50;s:6:"height";i:50;s:9:"mime-type";s:9:"image/png";s:8:"filesize";i:4052;}s:31:"variation_swatches_tooltip_size";a:5:{s:4:"file";s:27:"niche_18_img_11-100x100.png";s:5:"width";i:100;s:6:"height";i:100;s:9:"mime-type";s:9:"image/png";s:8:"filesize";i:14193;}}s:10:"image_meta";a:12:{s:8:"aperture";s:1:"0";s:6:"credit";s:0:"";s:6:"camera";s:0:"";s:7:"caption";s:0:"";s:17:"created_timestamp";s:1:"0";s:9:"copyright";s:0:"";s:12:"focal_length";s:1:"0";s:3:"iso";s:1:"0";s:13:"shutter_speed";s:1:"0";s:5:"title";s:0:"";s:11:"orientation";s:1:"0";s:8:"keywords";a:0:{}}}]]></wp:meta_value>
  </wp:postmeta>
  <wp:postmeta>
    <wp:meta_key>_elementor_source_image_hash</wp:meta_key>
    <wp:meta_value><![CDATA[da7a1979914698eef767342ea4c788a1e28c8a10]]></wp:meta_value>
  </wp:postmeta>
</item>
<item>
  <title><![CDATA[home-18_niche_18_bg_1.jpg]]></title>
  <link>https://demo2wpopal.b-cdn.net/smartic/home-34/home-18_niche_18_bg_1-jpg/</link>
  <pubDate>Tue, 06 Apr 2021 07:52:08 +0000</pubDate>
  <dc:creator>admin</dc:creator>
  <guid isPermaLink="false">https://demo2wpopal.b-cdn.net/smartic/wp-content/uploads/2021/04/home-18_niche_18_bg_1.jpg</guid>
  <description/>
  <content:encoded><![CDATA[]]></content:encoded>
  <excerpt:encoded><![CDATA[]]></excerpt:encoded>
  <wp:post_id>9271</wp:post_id>
  <wp:post_date>2021-04-06 07:52:08</wp:post_date>
  <wp:post_date_gmt>2021-04-06 07:52:08</wp:post_date_gmt>
  <wp:post_modified>2021-04-19 09:36:07</wp:post_modified>
  <wp:post_modified_gmt>2021-04-19 09:36:07</wp:post_modified_gmt>
  <wp:comment_status>open</wp:comment_status>
  <wp:ping_status>closed</wp:ping_status>
  <wp:post_name>home-18_niche_18_bg_1-jpg</wp:post_name>
  <wp:status>inherit</wp:status>
  <wp:post_parent>9275</wp:post_parent>
  <wp:menu_order>0</wp:menu_order>
  <wp:post_type>attachment</wp:post_type>
  <wp:post_password/>
  <wp:is_sticky>0</wp:is_sticky>
  <wp:attachment_url>https://demo2wpopal.b-cdn.net/smartic/wp-content/uploads/2021/04/home-18_niche_18_bg_1.jpg</wp:attachment_url>
  <wp:postmeta>
    <wp:meta_key>_wp_attached_file</wp:meta_key>
    <wp:meta_value><![CDATA[2021/04/home-18_niche_18_bg_1.jpg]]></wp:meta_value>
  </wp:postmeta>
  <wp:postmeta>
    <wp:meta_key>_wp_attachment_metadata</wp:meta_key>
    <wp:meta_value><![CDATA[a:6:{s:5:"width";i:1920;s:6:"height";i:390;s:4:"file";s:33:"2021/04/home-18_niche_18_bg_1.jpg";s:8:"filesize";i:51544;s:5:"sizes";a:12:{s:6:"medium";a:5:{s:4:"file";s:32:"home-18_niche_18_bg_1-300x61.jpg";s:5:"width";i:300;s:6:"height";i:61;s:9:"mime-type";s:10:"image/jpeg";s:8:"filesize";i:1909;}s:5:"large";a:5:{s:4:"file";s:34:"home-18_niche_18_bg_1-1024x208.jpg";s:5:"width";i:1024;s:6:"height";i:208;s:9:"mime-type";s:10:"image/jpeg";s:8:"filesize";i:18749;}s:9:"thumbnail";a:5:{s:4:"file";s:33:"home-18_niche_18_bg_1-150x150.jpg";s:5:"width";i:150;s:6:"height";i:150;s:9:"mime-type";s:10:"image/jpeg";s:8:"filesize";i:1353;}s:12:"medium_large";a:5:{s:4:"file";s:33:"home-18_niche_18_bg_1-768x156.jpg";s:5:"width";i:768;s:6:"height";i:156;s:9:"mime-type";s:10:"image/jpeg";s:8:"filesize";i:10836;}s:9:"1536x1536";a:5:{s:4:"file";s:34:"home-18_niche_18_bg_1-1536x312.jpg";s:5:"width";i:1536;s:6:"height";i:312;s:9:"mime-type";s:10:"image/jpeg";s:8:"filesize";i:35871;}s:14:"post-thumbnail";a:5:{s:4:"file";s:34:"home-18_niche_18_bg_1-1000x390.jpg";s:5:"width";i:1000;s:6:"height";i:390;s:9:"mime-type";s:10:"image/jpeg";s:8:"filesize";i:13777;}s:17:"smartic-post-grid";a:5:{s:4:"file";s:33:"home-18_niche_18_bg_1-500x330.jpg";s:5:"width";i:500;s:6:"height";i:330;s:9:"mime-type";s:10:"image/jpeg";s:8:"filesize";i:5161;}s:21:"woocommerce_thumbnail";a:6:{s:4:"file";s:33:"home-18_niche_18_bg_1-500x102.jpg";s:5:"width";i:500;s:6:"height";i:102;s:9:"mime-type";s:10:"image/jpeg";s:8:"filesize";i:4927;s:9:"uncropped";b:1;}s:18:"woocommerce_single";a:5:{s:4:"file";s:33:"home-18_niche_18_bg_1-800x163.jpg";s:5:"width";i:800;s:6:"height";i:163;s:9:"mime-type";s:10:"image/jpeg";s:8:"filesize";i:11917;}s:29:"woocommerce_gallery_thumbnail";a:5:{s:4:"file";s:33:"home-18_niche_18_bg_1-100x100.jpg";s:5:"width";i:100;s:6:"height";i:100;s:9:"mime-type";s:10:"image/jpeg";s:8:"filesize";i:989;}s:29:"variation_swatches_image_size";a:5:{s:4:"file";s:31:"home-18_niche_18_bg_1-50x50.jpg";s:5:"width";i:50;s:6:"height";i:50;s:9:"mime-type";s:10:"image/jpeg";s:8:"filesize";i:771;}s:31:"variation_swatches_tooltip_size";a:5:{s:4:"file";s:33:"home-18_niche_18_bg_1-100x100.jpg";s:5:"width";i:100;s:6:"height";i:100;s:9:"mime-type";s:10:"image/jpeg";s:8:"filesize";i:989;}}s:10:"image_meta";a:12:{s:8:"aperture";s:1:"0";s:6:"credit";s:0:"";s:6:"camera";s:0:"";s:7:"caption";s:0:"";s:17:"created_timestamp";s:1:"0";s:9:"copyright";s:0:"";s:12:"focal_length";s:1:"0";s:3:"iso";s:1:"0";s:13:"shutter_speed";s:1:"0";s:5:"title";s:0:"";s:11:"orientation";s:1:"0";s:8:"keywords";a:0:{}}}]]></wp:meta_value>
  </wp:postmeta>
  <wp:postmeta>
    <wp:meta_key>_elementor_source_image_hash</wp:meta_key>
    <wp:meta_value><![CDATA[80d87712ec9b0ac90a43ade13b3e40989516b59b]]></wp:meta_value>
  </wp:postmeta>
</item>
<item>
  <title><![CDATA[Home 34]]></title>
  <link>https://demo2wpopal.b-cdn.net/smartic/home-34/</link>
  <pubDate>Tue, 06 Apr 2021 07:54:50 +0000</pubDate>
  <dc:creator>admin</dc:creator>
  <guid isPermaLink="false">https://demo2wpopal.b-cdn.net/smartic/?page_id=9275</guid>
  <description/>
  <content:encoded><![CDATA[[rev_slider alias="niches_18_chargerdock" slidertitle="Home 34 Chargerdock 1"][/rev_slider][rev_slider alias="Home-34-Chargerdock-2" slidertitle="Home 34 Chargerdock 2"][/rev_slider]		
												<img width="440" height="361" src="https://demo2wpopal.b-cdn.net/smartic/wp-content/uploads/2021/04/home-18_niche_18_img_2.jpg" alt="" loading="lazy" srcset="https://demo2wpopal.b-cdn.net/smartic/wp-content/uploads/2021/04/home-18_niche_18_img_2.jpg 440w, https://demo2wpopal.b-cdn.net/smartic/wp-content/uploads/2021/04/home-18_niche_18_img_2-300x246.jpg 300w" sizes="(max-width: 440px) 100vw, 440px" />														
			<h2>Perfect angle</h2>		
		<p>Master the angle of reading and comfortable<br />to read. Arc, linear match, design simple<br />elegant, harmony with your life</p>		
												<img width="440" height="361" src="https://demo2wpopal.b-cdn.net/smartic/wp-content/uploads/2021/04/home-18_niche_18_img_1.jpg" alt="" loading="lazy" srcset="https://demo2wpopal.b-cdn.net/smartic/wp-content/uploads/2021/04/home-18_niche_18_img_1.jpg 440w, https://demo2wpopal.b-cdn.net/smartic/wp-content/uploads/2021/04/home-18_niche_18_img_1-300x246.jpg 300w" sizes="(max-width: 440px) 100vw, 440px" />														
			<h2>Compatibility</h2>		
		Fit all Type-c port cellphone, the interface<br> can be moved back and forth		
												<img width="480" height="368" src="https://demo2wpopal.b-cdn.net/smartic/wp-content/uploads/2021/04/home-18_niche_18_img_3.jpg" alt="" loading="lazy" srcset="https://demo2wpopal.b-cdn.net/smartic/wp-content/uploads/2021/04/home-18_niche_18_img_3.jpg 480w, https://demo2wpopal.b-cdn.net/smartic/wp-content/uploads/2021/04/home-18_niche_18_img_3-300x230.jpg 300w" sizes="(max-width: 480px) 100vw, 480px" />														
			<h2>Anti skid base</h2>		
		The base is made of silica gel, this design<br> effectively prevents the slide. Let you charge<br> more secure		
												<img width="480" height="368" src="https://demo2wpopal.b-cdn.net/smartic/wp-content/uploads/2021/04/home-18_niche_18_img_4.jpg" alt="" loading="lazy" srcset="https://demo2wpopal.b-cdn.net/smartic/wp-content/uploads/2021/04/home-18_niche_18_img_4.jpg 480w, https://demo2wpopal.b-cdn.net/smartic/wp-content/uploads/2021/04/home-18_niche_18_img_4-300x230.jpg 300w" sizes="(max-width: 480px) 100vw, 480px" />														
			<h2>Fast & safe charging</h2>		
		With intelligent protective design quickly<br> charging speed as well as convenient		
			<h2>Two-way High-speed
transmission of data</h2>		
		With intelligent protective design quickly<br>charging speed as well as convenient		
			<a href="#" role="button">
						Learn More
					</a>
			<h2>5 color options</h2>		
		Select the perfect color		
												<img width="241" height="404" src="https://demo2wpopal.b-cdn.net/smartic/wp-content/uploads/2021/04/niche_18_img_7.png" alt="" loading="lazy" srcset="https://demo2wpopal.b-cdn.net/smartic/wp-content/uploads/2021/04/niche_18_img_7.png 241w, https://demo2wpopal.b-cdn.net/smartic/wp-content/uploads/2021/04/niche_18_img_7-179x300.png 179w" sizes="(max-width: 241px) 100vw, 241px" />														
												<img width="241" height="404" src="https://demo2wpopal.b-cdn.net/smartic/wp-content/uploads/2021/04/niche_18_img_8.png" alt="" loading="lazy" srcset="https://demo2wpopal.b-cdn.net/smartic/wp-content/uploads/2021/04/niche_18_img_8.png 241w, https://demo2wpopal.b-cdn.net/smartic/wp-content/uploads/2021/04/niche_18_img_8-179x300.png 179w" sizes="(max-width: 241px) 100vw, 241px" />														
												<img width="241" height="404" src="https://demo2wpopal.b-cdn.net/smartic/wp-content/uploads/2021/04/niche_18_img_9.png" alt="" loading="lazy" srcset="https://demo2wpopal.b-cdn.net/smartic/wp-content/uploads/2021/04/niche_18_img_9.png 241w, https://demo2wpopal.b-cdn.net/smartic/wp-content/uploads/2021/04/niche_18_img_9-179x300.png 179w" sizes="(max-width: 241px) 100vw, 241px" />														
												<img width="241" height="404" src="https://demo2wpopal.b-cdn.net/smartic/wp-content/uploads/2021/04/niche_18_img_10.png" alt="" loading="lazy" srcset="https://demo2wpopal.b-cdn.net/smartic/wp-content/uploads/2021/04/niche_18_img_10.png 241w, https://demo2wpopal.b-cdn.net/smartic/wp-content/uploads/2021/04/niche_18_img_10-179x300.png 179w" sizes="(max-width: 241px) 100vw, 241px" />														
												<img width="241" height="404" src="https://demo2wpopal.b-cdn.net/smartic/wp-content/uploads/2021/04/niche_18_img_11.png" alt="" loading="lazy" srcset="https://demo2wpopal.b-cdn.net/smartic/wp-content/uploads/2021/04/niche_18_img_11.png 241w, https://demo2wpopal.b-cdn.net/smartic/wp-content/uploads/2021/04/niche_18_img_11-179x300.png 179w" sizes="(max-width: 241px) 100vw, 241px" />														
			<h2>Why wait? Order yours now.</h2>		
			<h3>And get 10%off your first order</h3>		
			<a href="https://demo2wpopal.b-cdn.net/smartic/product/anti-skid-base/" role="button">
						Order Now
					</a>]]></content:encoded>
  <excerpt:encoded><![CDATA[]]></excerpt:encoded>
  <wp:post_id>9275</wp:post_id>
  <wp:post_date>2021-04-06 07:54:50</wp:post_date>
  <wp:post_date_gmt>2021-04-06 07:54:50</wp:post_date_gmt>
  <wp:post_modified>2023-04-18 08:00:04</wp:post_modified>
  <wp:post_modified_gmt>2023-04-18 08:00:04</wp:post_modified_gmt>
  <wp:comment_status>closed</wp:comment_status>
  <wp:ping_status>closed</wp:ping_status>
  <wp:post_name>home-34</wp:post_name>
  <wp:status>publish</wp:status>
  <wp:post_parent>0</wp:post_parent>
  <wp:menu_order>0</wp:menu_order>
  <wp:post_type>page</wp:post_type>
  <wp:post_password/>
  <wp:is_sticky>0</wp:is_sticky>
  <wp:postmeta>
    <wp:meta_key>inline_featured_image</wp:meta_key>
    <wp:meta_value><![CDATA[0]]></wp:meta_value>
  </wp:postmeta>
  <wp:postmeta>
    <wp:meta_key>_wp_page_template</wp:meta_key>
    <wp:meta_value><![CDATA[template-homepage.php]]></wp:meta_value>
  </wp:postmeta>
  <wp:postmeta>
    <wp:meta_key>_edit_last</wp:meta_key>
    <wp:meta_value><![CDATA[12]]></wp:meta_value>
  </wp:postmeta>
  <wp:postmeta>
    <wp:meta_key>_yoast_wpseo_estimated-reading-time-minutes</wp:meta_key>
    <wp:meta_value><![CDATA[5]]></wp:meta_value>
  </wp:postmeta>
  <wp:postmeta>
    <wp:meta_key>_elementor_edit_mode</wp:meta_key>
    <wp:meta_value><![CDATA[builder]]></wp:meta_value>
  </wp:postmeta>
  <wp:postmeta>
    <wp:meta_key>_elementor_template_type</wp:meta_key>
    <wp:meta_value><![CDATA[wp-page]]></wp:meta_value>
  </wp:postmeta>
  <wp:postmeta>
    <wp:meta_key>_elementor_version</wp:meta_key>
    <wp:meta_value><![CDATA[3.12.1]]></wp:meta_value>
  </wp:postmeta>
  <wp:postmeta>
    <wp:meta_key>_elementor_pro_version</wp:meta_key>
    <wp:meta_value><![CDATA[3.12.2]]></wp:meta_value>
  </wp:postmeta>
  <wp:postmeta>
    <wp:meta_key>_elementor_data</wp:meta_key>
    <wp:meta_value><![CDATA[[{"id":"480e5de2","elType":"section","settings":{"stretch_section":"section-stretched","layout":"full_width","content_delay_time":"0.50","gap":"no","border_border":"solid","border_width":{"unit":"px","top":"1","right":"0","bottom":"0","left":"0","isLinked":false},"border_color":"#E9E9E9","margin":{"unit":"px","top":"","right":0,"bottom":"","left":0,"isLinked":true},"margin_tablet":{"unit":"px","top":"","right":0,"bottom":"","left":0,"isLinked":true},"html_tag":"div"},"elements":[{"id":"24e8dba0","elType":"column","settings":{"_column_size":100,"space_between_widgets":0},"elements":[{"id":"a7cdc9c","elType":"widget","settings":{"revslidertitle":"Home 34 Chargerdock 1","shortcode":"[rev_slider alias=\"niches_18_chargerdock\" slidertitle=\"Home 34 Chargerdock 1\"][\/rev_slider]"},"elements":[],"widgetType":"slider_revolution"}],"isInner":false}],"isInner":false},{"id":"467d2799","elType":"section","settings":{"stretch_section":"section-stretched","layout":"full_width","content_delay_time":"0.50","gap":"no","margin_mobile":{"unit":"px","top":"","right":0,"bottom":"","left":0,"isLinked":true},"margin_tablet":{"unit":"px","top":"0","right":0,"bottom":"0","left":0,"isLinked":false},"html_tag":"div"},"elements":[{"id":"7a46057","elType":"column","settings":{"_column_size":100,"space_between_widgets":0,"background_background":"classic"},"elements":[{"id":"b7898a1","elType":"widget","settings":{"revslidertitle":"Home 34 Chargerdock 2","shortcode":"[rev_slider alias=\"Home-34-Chargerdock-2\" slidertitle=\"Home 34 Chargerdock 2\"][\/rev_slider]"},"elements":[],"widgetType":"slider_revolution"}],"isInner":false}],"isInner":false},{"id":"4057c5b7","elType":"section","settings":{"stretch_section":"section-stretched","layout":"full_width","gap":"no","structure":"20","content_delay_time":"0.50","html_tag":"div"},"elements":[{"id":"4ac34aa3","elType":"column","settings":{"_column_size":50,"_inline_size":null,"space_between_widgets":0,"padding_tablet":{"unit":"px","top":"0","right":"15","bottom":"0","left":"15","isLinked":false},"padding_mobile":{"unit":"px","top":"0","right":"15","bottom":"0","left":"15","isLinked":false}},"elements":[{"id":"3fc0a279","elType":"widget","settings":{"image":{"id":9262,"url":"https:\/\/demo2wpopal.b-cdn.net\/smartic\/wp-content\/uploads\/2021\/04\/home-18_niche_18_img_2.jpg"},"image_size":"full","align":"right","opacity_hover":{"unit":"px","size":0.6999999999999999555910790149937383830547332763671875},"background_hover_transition":{"unit":"px","size":0.40000000000000002220446049250313080847263336181640625},"_animation":"fadeInLeft","_animation_delay":100,"align_mobile":"center"},"elements":[],"widgetType":"image"},{"id":"127c10f","elType":"widget","settings":{"width":{"unit":"px","size":50,"sizes":[]},"align":"right","text":"Divider","color":"#5BDC65","_margin":{"unit":"px","top":"5","right":"0","bottom":"35","left":"0","isLinked":false},"_padding":{"unit":"%","top":"0","right":"12","bottom":"0","left":"0","isLinked":false},"_animation":"fadeInLeft","_animation_delay":200,"align_tablet":"center","_padding_tablet":{"unit":"%","top":"0","right":"0","bottom":"0","left":"0","isLinked":false},"_margin_mobile":{"unit":"px","top":"-10","right":"0","bottom":"20","left":"0","isLinked":false},"_padding_mobile":{"unit":"px","top":"0","right":"0","bottom":"0","left":"0","isLinked":true},"align_mobile":"center"},"elements":[],"widgetType":"divider"},{"id":"6f27e970","elType":"widget","settings":{"title":"Perfect angle","align":"right","title_color":"#000000","typography_typography":"custom","typography_font_size":{"unit":"px","size":24},"typography_letter_spacing":{"unit":"px","size":""},"_margin":{"unit":"px","top":"0","right":"115","bottom":"40","left":"0","isLinked":false},"align_mobile":"center","typography_font_size_mobile":{"unit":"px","size":24},"_margin_mobile":{"unit":"px","top":"0","right":"0","bottom":"30","left":"0","isLinked":false},"_animation":"fadeInLeft","_animation_delay":300,"typography_font_family":"BROmny","show_line_top":"yes","line_top_background_color":"#5bdc65","line_top_width":{"unit":"px","size":50,"sizes":[]},"line_top_height":{"unit":"px","size":1,"sizes":[]},"typography_font_weight":"600","align_tablet":"center","_margin_tablet":{"unit":"px","top":"0","right":"0","bottom":"30","left":"0","isLinked":false}},"elements":[],"widgetType":"heading"},{"id":"219e0531","elType":"widget","settings":{"editor":"<p>Master the angle of reading and comfortable<br \/>to read. Arc, linear match, design simple<br \/>elegant, harmony with your life<\/p>","align":"right","_margin":{"unit":"px","top":"0","right":"115","bottom":"110","left":"0","isLinked":false},"align_mobile":"center","_margin_mobile":{"unit":"px","top":"0","right":"0","bottom":"60","left":"0","isLinked":false},"_animation":"fadeInLeft","_animation_delay":400,"typography_typography":"custom","typography_font_family":"BROmny","typography_font_size":{"unit":"px","size":16,"sizes":[]},"typography_font_weight":"300","align_tablet":"center","_margin_tablet":{"unit":"px","top":"0","right":"15","bottom":"115","left":"15","isLinked":false},"_padding_mobile":{"unit":"px","top":"0","right":"0","bottom":"0","left":"0","isLinked":true}},"elements":[],"widgetType":"text-editor"}],"isInner":false},{"id":"498d982e","elType":"column","settings":{"_column_size":50,"_inline_size":null,"space_between_widgets":0,"background_background":"classic","background_color":"#f7f7f7","padding_mobile":{"unit":"px","top":"0","right":"015","bottom":"0","left":"015","isLinked":false},"padding_tablet":{"unit":"px","top":"0","right":"15","bottom":"0","left":"15","isLinked":false}},"elements":[{"id":"7e8ac20c","elType":"widget","settings":{"image":{"id":9263,"url":"https:\/\/demo2wpopal.b-cdn.net\/smartic\/wp-content\/uploads\/2021\/04\/home-18_niche_18_img_1.jpg"},"image_size":"full","align":"left","opacity_hover":{"unit":"px","size":0.6999999999999999555910790149937383830547332763671875},"_animation":"fadeInRight","_animation_delay":100,"align_mobile":"center"},"elements":[],"widgetType":"image"},{"id":"72e435b","elType":"widget","settings":{"width":{"unit":"px","size":50,"sizes":[]},"align":"left","text":"Divider","color":"#5BDC65","_margin":{"unit":"px","top":"5","right":"0","bottom":"35","left":"0","isLinked":false},"_padding":{"unit":"%","top":"0","right":"0","bottom":"0","left":"12","isLinked":false},"_animation":"fadeInRight","_animation_delay":200,"align_tablet":"center","_padding_tablet":{"unit":"px","top":"0","right":"0","bottom":"0","left":"0","isLinked":false},"_margin_mobile":{"unit":"px","top":"-10","right":"0","bottom":"20","left":"0","isLinked":false},"align_mobile":"center"},"elements":[],"widgetType":"divider"},{"id":"6ca73a6d","elType":"widget","settings":{"title":"Compatibility","title_color":"#000000","typography_typography":"custom","typography_font_size":{"unit":"px","size":24},"typography_letter_spacing":{"unit":"px","size":""},"_margin":{"unit":"px","top":"0","right":"0","bottom":"40","left":"115","isLinked":false},"align_mobile":"center","typography_font_size_mobile":{"unit":"px","size":24},"_margin_mobile":{"unit":"px","top":"0","right":"0","bottom":"30","left":"0","isLinked":false},"_animation":"fadeInRight","_animation_delay":300,"typography_font_family":"BROmny","typography_font_weight":"600","show_line_top":"yes","line_top_background_color":"#5bdc65","line_top_width":{"unit":"px","size":50,"sizes":[]},"line_top_height":{"unit":"px","size":1,"sizes":[]},"align_tablet":"center","_margin_tablet":{"unit":"px","top":"0","right":"0","bottom":"30","left":"0","isLinked":false}},"elements":[],"widgetType":"heading"},{"id":"213642cf","elType":"widget","settings":{"editor":"Fit all Type-c port cellphone, the interface<br> can be moved back and forth","align":"left","_margin":{"unit":"px","top":"0","right":"0","bottom":"133","left":"115","isLinked":false},"align_mobile":"center","_margin_mobile":{"unit":"px","top":"0","right":"0","bottom":"60","left":"0","isLinked":false},"_animation":"fadeInRight","_animation_delay":400,"typography_typography":"custom","typography_font_family":"BROmny","typography_font_size":{"unit":"px","size":16,"sizes":[]},"align_tablet":"center","_margin_tablet":{"unit":"px","top":"0","right":"15","bottom":"138","left":"15","isLinked":false}},"elements":[],"widgetType":"text-editor"}],"isInner":false}],"isInner":false},{"id":"4c0bd45f","elType":"section","settings":{"stretch_section":"section-stretched","layout":"full_width","gap":"no","structure":"20","content_delay_time":"0.50","padding_mobile":{"unit":"px","top":"0","right":"0","bottom":"0","left":"0","isLinked":true},"html_tag":"div"},"elements":[{"id":"34f7b325","elType":"column","settings":{"_column_size":50,"_inline_size":null,"space_between_widgets":0,"background_background":"classic","background_color":"#f7f7f7","padding_mobile":{"unit":"px","top":"0","right":"15","bottom":"0","left":"15","isLinked":false},"padding_tablet":{"unit":"px","top":"0","right":"15","bottom":"0","left":"15","isLinked":false}},"elements":[{"id":"46630f03","elType":"widget","settings":{"image":{"id":9264,"url":"https:\/\/demo2wpopal.b-cdn.net\/smartic\/wp-content\/uploads\/2021\/04\/home-18_niche_18_img_3.jpg"},"image_size":"full","align":"right","opacity_hover":{"unit":"px","size":0.6999999999999999555910790149937383830547332763671875},"_animation":"fadeInLeft","_animation_delay":100,"align_mobile":"center"},"elements":[],"widgetType":"image"},{"id":"1719c7d","elType":"widget","settings":{"width":{"unit":"px","size":50,"sizes":[]},"align":"right","text":"Divider","color":"#5BDC65","_margin":{"unit":"px","top":"0","right":"0","bottom":"35","left":"0","isLinked":false},"_padding":{"unit":"%","top":"0","right":"12","bottom":"0","left":"0","isLinked":false},"_animation":"fadeInLeft","_animation_delay":200,"align_tablet":"center","_padding_tablet":{"unit":"px","top":"0","right":"0","bottom":"0","left":"0","isLinked":false},"_margin_mobile":{"unit":"px","top":"-10","right":"0","bottom":"20","left":"0","isLinked":false},"align_mobile":"center"},"elements":[],"widgetType":"divider"},{"id":"391b02a4","elType":"widget","settings":{"title":"Anti skid base","align":"right","title_color":"#000000","typography_typography":"custom","typography_font_size":{"unit":"px","size":24},"typography_letter_spacing":{"unit":"px","size":""},"_margin":{"unit":"px","top":"0","right":"115","bottom":"40","left":"0","isLinked":false},"align_mobile":"center","typography_font_size_mobile":{"unit":"px","size":24},"_margin_mobile":{"unit":"px","top":"0","right":"0","bottom":"30","left":"0","isLinked":false},"_animation":"fadeInLeft","_animation_delay":300,"typography_font_family":"BROmny","typography_font_weight":"600","show_line_top":"yes","line_top_background_color":"#5bdc65","line_top_width":{"unit":"px","size":50,"sizes":[]},"line_top_height":{"unit":"px","size":1,"sizes":[]},"align_tablet":"center","_margin_tablet":{"unit":"px","top":"0","right":"0","bottom":"30","left":"0","isLinked":false}},"elements":[],"widgetType":"heading"},{"id":"4818a06e","elType":"widget","settings":{"editor":"The base is made of silica gel, this design<br> effectively prevents the slide. Let you charge<br> more secure","align":"right","_margin":{"unit":"px","top":"0","right":"115","bottom":"110","left":"0","isLinked":false},"align_mobile":"center","_margin_mobile":{"unit":"px","top":"0","right":"0","bottom":"60","left":"0","isLinked":false},"_animation":"fadeInLeft","_animation_delay":400,"typography_typography":"custom","typography_font_family":"BROmny","typography_font_size":{"unit":"px","size":16,"sizes":[]},"typography_font_weight":"300","align_tablet":"center","_margin_tablet":{"unit":"px","top":"0","right":"15","bottom":"115","left":"15","isLinked":false}},"elements":[],"widgetType":"text-editor"}],"isInner":false},{"id":"53bfe9ef","elType":"column","settings":{"_column_size":50,"_inline_size":null,"space_between_widgets":0,"background_background":"classic","padding_mobile":{"unit":"px","top":"0","right":"15","bottom":"0","left":"15","isLinked":false},"padding_tablet":{"unit":"px","top":"0","right":"15","bottom":"0","left":"15","isLinked":false}},"elements":[{"id":"5b815d49","elType":"widget","settings":{"image":{"id":9265,"url":"https:\/\/demo2wpopal.b-cdn.net\/smartic\/wp-content\/uploads\/2021\/04\/home-18_niche_18_img_4.jpg"},"image_size":"full","align":"left","opacity_hover":{"unit":"px","size":0.6999999999999999555910790149937383830547332763671875},"_animation":"fadeInRight","_animation_delay":100,"align_mobile":"center"},"elements":[],"widgetType":"image"},{"id":"b379085","elType":"widget","settings":{"width":{"unit":"px","size":50,"sizes":[]},"align":"left","text":"Divider","color":"#5BDC65","_margin":{"unit":"px","top":"0","right":"0","bottom":"35","left":"0","isLinked":false},"_padding":{"unit":"%","top":"0","right":"0","bottom":"0","left":"012","isLinked":false},"_animation":"fadeInRight","_animation_delay":200,"align_tablet":"center","_padding_tablet":{"unit":"px","top":"0","right":"0","bottom":"0","left":"0","isLinked":false},"_margin_mobile":{"unit":"px","top":"-10","right":"0","bottom":"20","left":"0","isLinked":false},"align_mobile":"center"},"elements":[],"widgetType":"divider"},{"id":"41f1ddfb","elType":"widget","settings":{"title":"Fast & safe charging","title_color":"#000000","typography_typography":"custom","typography_font_size":{"unit":"px","size":24},"typography_letter_spacing":{"unit":"px","size":""},"_margin":{"unit":"px","top":"0","right":"0","bottom":"40","left":"115","isLinked":false},"align_mobile":"center","typography_font_size_mobile":{"unit":"px","size":24},"_margin_mobile":{"unit":"px","top":"0","right":"0","bottom":"30","left":"0","isLinked":false},"_animation":"fadeInRight","_animation_delay":300,"typography_font_family":"BROmny","typography_font_weight":"600","show_line_top":"yes","line_top_background_color":"#5bdc65","line_top_width":{"unit":"px","size":50,"sizes":[]},"line_top_height":{"unit":"px","size":1,"sizes":[]},"align_tablet":"center","_margin_tablet":{"unit":"px","top":"0","right":"0","bottom":"30","left":"0","isLinked":false}},"elements":[],"widgetType":"heading"},{"id":"f4493db","elType":"widget","settings":{"editor":"With intelligent protective design quickly<br> charging speed as well as convenient","align":"left","_margin":{"unit":"px","top":"0","right":"0","bottom":"133","left":"115","isLinked":false},"align_mobile":"center","_margin_mobile":{"unit":"px","top":"0","right":"0","bottom":"60","left":"0","isLinked":false},"_animation":"fadeInRight","_animation_delay":400,"typography_typography":"custom","typography_font_family":"BROmny","typography_font_size":{"unit":"px","size":16,"sizes":[]},"typography_font_weight":"300","align_tablet":"center","_margin_tablet":{"unit":"px","top":"0","right":"15","bottom":"138","left":"15","isLinked":false}},"elements":[],"widgetType":"text-editor"}],"isInner":false}],"isInner":false},{"id":"7d173c2","elType":"section","settings":{"stretch_section":"section-stretched","content_width":{"unit":"px","size":1470},"gap":"no","custom_height":{"unit":"px","size":""},"column_position":"bottom","structure":"20","content_delay_time":"0.50","background_background":"classic","background_color":"#ededed","margin":{"unit":"px","top":"","right":0,"bottom":"","left":0,"isLinked":true},"margin_mobile":{"unit":"px","top":"0","right":0,"bottom":"0","left":0,"isLinked":false},"padding_mobile":{"unit":"px","top":"0","right":"015","bottom":"0","left":"015","isLinked":false},"padding":{"unit":"px","top":"0","right":"30","bottom":"0","left":"30","isLinked":false},"html_tag":"div"},"elements":[{"id":"50d40e94","elType":"column","settings":{"_column_size":50,"_inline_size":41.63300000000000267164068645797669887542724609375,"_inline_size_tablet":50,"space_between_widgets":0,"margin":{"unit":"px","top":"95","right":"0","bottom":"110","left":"90","isLinked":false},"margin_tablet":{"unit":"px","top":"0","right":"15","bottom":"0","left":"0","isLinked":false},"margin_mobile":{"unit":"px","top":"45","right":"0","bottom":"30","left":"0","isLinked":false},"padding_mobile":{"unit":"px","top":"0","right":"0","bottom":"0","left":"0","isLinked":false},"padding_tablet":{"unit":"px","top":"70","right":"0","bottom":"100","left":"0","isLinked":false}},"elements":[{"id":"6694c10","elType":"widget","settings":{"width":{"unit":"px","size":50,"sizes":[]},"text":"Divider","color":"#5BDC65","_margin":{"unit":"px","top":"0","right":"0","bottom":"15","left":"0","isLinked":false},"_animation":"fadeInLeft","_animation_delay":100,"align_mobile":"center","_padding":{"unit":"%","top":"","right":"","bottom":"","left":"","isLinked":true},"_padding_mobile":{"unit":"px","top":"0","right":"0","bottom":"0","left":"0","isLinked":false},"align_tablet":"left","_margin_mobile":{"unit":"px","top":"0","right":"0","bottom":"15","left":"0","isLinked":false}},"elements":[],"widgetType":"divider"},{"id":"48521f44","elType":"widget","settings":{"title":"Two-way High-speed\ntransmission of data","title_color":"#000000","typography_typography":"custom","typography_font_size":{"unit":"px","size":40},"typography_letter_spacing":{"unit":"px","size":""},"_margin":{"unit":"px","top":"0","right":"0","bottom":"30","left":"0","isLinked":false},"align_mobile":"center","typography_font_size_mobile":{"unit":"px","size":30},"typography_line_height":{"unit":"px","size":48},"_margin_mobile":{"unit":"px","top":"0","right":"0","bottom":"30","left":"0","isLinked":false},"_animation":"fadeInLeft","_animation_delay":200,"show_line":"yes","line_color":"#5bdc65","typography_font_family":"BROmny","typography_font_weight":"bold","show_line_top":"yes","line_top_background_color":"#5bdc65","line_top_width":{"unit":"px","size":50,"sizes":[]},"line_top_height":{"unit":"px","size":1,"sizes":[]},"typography_line_height_mobile":{"unit":"px","size":35,"sizes":[]},"align_tablet":"left","typography_font_size_tablet":{"unit":"px","size":35,"sizes":[]}},"elements":[],"widgetType":"heading"},{"id":"6c499486","elType":"widget","settings":{"editor":"With intelligent protective design quickly<br>charging speed as well as convenient","align":"left","_margin":{"unit":"px","top":"0","right":"115","bottom":"25","left":"0","isLinked":false},"align_mobile":"center","_margin_mobile":{"unit":"px","top":"0","right":"0","bottom":"25","left":"0","isLinked":false},"_animation":"fadeInLeft","_animation_delay":300,"typography_typography":"custom","typography_font_family":"BROmny","typography_font_weight":"300","typography_font_size":{"unit":"px","size":16,"sizes":[]},"align_tablet":"left","_margin_tablet":{"unit":"px","top":"0","right":"0","bottom":"025","left":"0","isLinked":false}},"elements":[],"widgetType":"text-editor"},{"id":"b9607c9","elType":"widget","settings":{"text":"Learn More","typography_typography":"custom","button_text_color":"#000000","background_color":"#02010100","border_border":"solid","border_width":{"unit":"px","top":"1","right":"1","bottom":"1","left":"1","isLinked":true},"border_color":"#5BDC65","button_background_hover_color":"#666666","_animation":"fadeInLeft","_animation_delay":400,"__globals__":{"hover_color":"","button_background_hover_color":"globals\/colors?id=primary"},"align_mobile":"center","text_padding":{"unit":"px","top":"15","right":"40","bottom":"15","left":"40","isLinked":false},"text_padding_mobile":{"unit":"px","top":"15","right":"35","bottom":"015","left":"35","isLinked":false},"align_tablet":"left"},"elements":[],"widgetType":"button"}],"isInner":false},{"id":"10237fe5","elType":"column","settings":{"_column_size":50,"_inline_size":58.36699999999999732835931354202330112457275390625,"_inline_size_tablet":50,"space_between_widgets":0,"padding_mobile":{"unit":"%","top":"","right":"","bottom":"","left":"","isLinked":true},"css_classes":"overflow-hidden","background_background":"classic","background_image":{"url":"https:\/\/demo2wpopal.b-cdn.net\/smartic\/wp-content\/uploads\/2021\/04\/Home-34-06.png","id":13253},"background_repeat":"no-repeat","background_size":"contain","background_motion_fx_mouseTrack_effect":"yes","background_motion_fx_mouseTrack_direction":"negative","background_motion_fx_mouseTrack_speed":{"unit":"px","size":0.5,"sizes":[]},"animation":"fadeInRight","animation_delay":300,"space_between_widgets_tablet":0,"background_position":"center center","background_xpos":{"unit":"px","size":10,"sizes":[]},"background_ypos":{"unit":"px","size":10,"sizes":[]},"background_ypos_tablet":{"unit":"px","size":45,"sizes":[]},"background_ypos_mobile":{"unit":"px","size":15,"sizes":[]},"padding_tablet":{"unit":"%","top":"","right":"","bottom":"","left":"","isLinked":true},"background_xpos_tablet":{"unit":"px","size":10,"sizes":[]},"background_bg_width_mobile":{"unit":"%","size":100,"sizes":[]},"background_overlay_background":"classic","background_motion_fx_motion_fx_mouse":"yes","margin_tablet":{"unit":"px","top":"0","right":"0","bottom":"0","left":"15","isLinked":false},"margin_mobile":{"unit":"px","top":"0","right":"0","bottom":"0","left":"0","isLinked":false}},"elements":[{"id":"6c20dc3","elType":"widget","settings":{"space":{"unit":"px","size":515,"sizes":[]},"space_mobile":{"unit":"px","size":360,"sizes":[]}},"elements":[],"widgetType":"spacer"}],"isInner":false}],"isInner":false},{"id":"632e769b","elType":"section","settings":{"stretch_section":"section-stretched","gap":"no","content_delay_time":"0.50","margin":{"unit":"px","top":"80","right":0,"bottom":"120","left":0,"isLinked":false},"margin_mobile":{"unit":"px","top":"60","right":0,"bottom":"60","left":0,"isLinked":false},"margin_tablet":{"unit":"px","top":"70","right":0,"bottom":"85","left":0,"isLinked":false},"padding":{"unit":"px","top":"0","right":"30","bottom":"0","left":"30","isLinked":false},"padding_mobile":{"unit":"px","top":"0","right":"15","bottom":"0","left":"15","isLinked":false},"html_tag":"div"},"elements":[{"id":"676f2318","elType":"column","settings":{"_column_size":100,"space_between_widgets":0},"elements":[{"id":"1ba9fca","elType":"widget","settings":{"width":{"unit":"px","size":50,"sizes":[]},"align":"center","text":"Divider","color":"#5BDC65","_margin":{"unit":"px","top":"5","right":"0","bottom":"015","left":"0","isLinked":false},"_animation":"fadeInUp","_animation_delay":100},"elements":[],"widgetType":"divider"},{"id":"57070309","elType":"widget","settings":{"title":"5 color options","align":"center","title_color":"#000000","typography_typography":"custom","typography_font_size":{"unit":"px","size":40},"typography_letter_spacing":{"unit":"px","size":""},"_margin":{"unit":"px","top":"0","right":"0","bottom":"20","left":"0","isLinked":false},"align_mobile":"center","typography_font_size_mobile":{"unit":"px","size":35},"typography_line_height":{"unit":"px","size":48},"_margin_mobile":{"unit":"px","top":"0","right":"0","bottom":"15","left":"0","isLinked":false},"_animation":"fadeInUp","_animation_delay":200,"typography_font_family":"BROmny","typography_font_weight":"bold","show_line_top":"yes","line_top_background_color":"#5bdc65","line_top_width":{"unit":"px","size":50,"sizes":[]},"line_top_height":{"unit":"px","size":1,"sizes":[]}},"elements":[],"widgetType":"heading"},{"id":"137cdbc7","elType":"widget","settings":{"editor":"Select the perfect color","align":"center","_margin":{"unit":"px","top":"0","right":"0","bottom":"70","left":"0","isLinked":false},"align_mobile":"center","_margin_mobile":{"unit":"px","top":"0","right":"0","bottom":"40","left":"0","isLinked":false},"_animation":"fadeInUp","_animation_delay":300,"typography_typography":"custom","typography_font_family":"Raleway","typography_font_size":{"unit":"px","size":18,"sizes":[]},"typography_font_weight":"300","_margin_tablet":{"unit":"px","top":"0","right":"0","bottom":"60","left":"0","isLinked":false}},"elements":[],"widgetType":"text-editor"},{"id":"59e8087d","elType":"section","settings":{"content_width":{"unit":"px","size":1020,"sizes":[]},"gap":"no","structure":"50","content_delay_time":"0.50","html_tag":"div"},"elements":[{"id":"74977742","elType":"column","settings":{"_column_size":20,"_inline_size":null,"space_between_widgets":0,"padding":{"unit":"px","top":"15","right":"15","bottom":"15","left":"15","isLinked":true},"padding_mobile":{"unit":"px","top":"0","right":"0","bottom":"0","left":"0","isLinked":false},"_inline_size_mobile":50,"margin_mobile":{"unit":"px","top":"0","right":"15","bottom":"0","left":"0","isLinked":false}},"elements":[{"id":"41069db5","elType":"widget","settings":{"image":{"id":9266,"url":"https:\/\/demo2wpopal.b-cdn.net\/smartic\/wp-content\/uploads\/2021\/04\/niche_18_img_7.png"},"image_size":"full","align":"center","hover_animation":"grow","width_mobile":{"unit":"%","size":80,"sizes":[]}},"elements":[],"widgetType":"image"}],"isInner":true},{"id":"6f39c0b4","elType":"column","settings":{"_column_size":20,"_inline_size":null,"space_between_widgets":0,"padding":{"unit":"px","top":"15","right":"15","bottom":"15","left":"15","isLinked":true},"padding_mobile":{"unit":"px","top":"0","right":"0","bottom":"0","left":"0","isLinked":false},"_inline_size_mobile":50,"margin_mobile":{"unit":"px","top":"0","right":"0","bottom":"0","left":"15","isLinked":false}},"elements":[{"id":"3004f728","elType":"widget","settings":{"image":{"id":9267,"url":"https:\/\/demo2wpopal.b-cdn.net\/smartic\/wp-content\/uploads\/2021\/04\/niche_18_img_8.png"},"image_size":"full","align":"center","hover_animation":"grow","width_mobile":{"unit":"%","size":80,"sizes":[]}},"elements":[],"widgetType":"image"}],"isInner":true},{"id":"121f4198","elType":"column","settings":{"_column_size":20,"_inline_size":null,"space_between_widgets":0,"padding":{"unit":"px","top":"15","right":"15","bottom":"15","left":"15","isLinked":true},"padding_mobile":{"unit":"px","top":"0","right":"0","bottom":"0","left":"0","isLinked":false},"_inline_size_mobile":50,"margin_mobile":{"unit":"px","top":"50","right":"15","bottom":"0","left":"0","isLinked":false}},"elements":[{"id":"5ebfd59c","elType":"widget","settings":{"image":{"id":9268,"url":"https:\/\/demo2wpopal.b-cdn.net\/smartic\/wp-content\/uploads\/2021\/04\/niche_18_img_9.png"},"image_size":"full","align":"center","hover_animation":"grow","width_mobile":{"unit":"%","size":80,"sizes":[]}},"elements":[],"widgetType":"image"}],"isInner":true},{"id":"27e2c8dc","elType":"column","settings":{"_column_size":20,"_inline_size":null,"space_between_widgets":0,"padding":{"unit":"px","top":"15","right":"15","bottom":"15","left":"15","isLinked":true},"padding_mobile":{"unit":"px","top":"0","right":"0","bottom":"0","left":"0","isLinked":false},"_inline_size_mobile":50,"margin_mobile":{"unit":"px","top":"50","right":"0","bottom":"0","left":"15","isLinked":false}},"elements":[{"id":"78f99bde","elType":"widget","settings":{"image":{"id":9269,"url":"https:\/\/demo2wpopal.b-cdn.net\/smartic\/wp-content\/uploads\/2021\/04\/niche_18_img_10.png"},"image_size":"full","align":"center","hover_animation":"grow","width_mobile":{"unit":"%","size":80,"sizes":[]}},"elements":[],"widgetType":"image"}],"isInner":true},{"id":"17220d4d","elType":"column","settings":{"_column_size":20,"_inline_size":null,"space_between_widgets":0,"padding":{"unit":"px","top":"15","right":"15","bottom":"15","left":"15","isLinked":true},"padding_mobile":{"unit":"px","top":"0","right":"0","bottom":"0","left":"0","isLinked":false},"_inline_size_mobile":100,"margin_mobile":{"unit":"px","top":"50","right":"0","bottom":"0","left":"0","isLinked":false}},"elements":[{"id":"50fa24b0","elType":"widget","settings":{"image":{"id":9270,"url":"https:\/\/demo2wpopal.b-cdn.net\/smartic\/wp-content\/uploads\/2021\/04\/niche_18_img_11.png"},"image_size":"full","align":"center","hover_animation":"grow","width_mobile":{"unit":"%","size":50,"sizes":[]},"space_mobile":{"unit":"%","size":37,"sizes":[]}},"elements":[],"widgetType":"image"}],"isInner":true}],"isInner":true}],"isInner":false}],"isInner":false},{"id":"6aa5cab8","elType":"section","settings":{"stretch_section":"section-stretched","gap":"no","content_delay_time":"0.50","background_background":"classic","background_color":"#5bdc65","background_image":{"id":9271,"url":"https:\/\/demo2wpopal.b-cdn.net\/smartic\/wp-content\/uploads\/2021\/04\/home-18_niche_18_bg_1.jpg"},"background_position":"center center","background_repeat":"no-repeat","margin":{"unit":"px","top":"0","right":0,"bottom":"0","left":0,"isLinked":false},"animation":"fadeInUp","margin_mobile":{"unit":"px","top":"","right":0,"bottom":"","left":0,"isLinked":true},"padding":{"unit":"px","top":"0","right":"30","bottom":"0","left":"30","isLinked":false},"padding_mobile":{"unit":"px","top":"0","right":"15","bottom":"0","left":"15","isLinked":false},"background_size":"cover","html_tag":"div"},"elements":[{"id":"7b061ad","elType":"column","settings":{"_column_size":100,"space_between_widgets":0,"padding":{"unit":"px","top":"95","right":"0","bottom":"105","left":"0","isLinked":false},"padding_mobile":{"unit":"px","top":"80","right":"015","bottom":"90","left":"015","isLinked":false},"padding_tablet":{"unit":"px","top":"55","right":"0","bottom":"50","left":"0","isLinked":false}},"elements":[{"id":"4222016f","elType":"widget","settings":{"title":"Why wait? Order yours now.","align":"center","title_color":"#000000","typography_typography":"custom","typography_font_size":{"unit":"px","size":50},"typography_font_size_mobile":{"unit":"px","size":35},"typography_letter_spacing":{"unit":"px","size":""},"_margin":{"unit":"px","top":"0","right":"0","bottom":"20","left":"0","isLinked":false},"_animation":"fadeInUp","_animation_delay":100,"typography_font_family":"BROmny","typography_font_weight":"bold","typography_font_size_tablet":{"unit":"px","size":40,"sizes":[]}},"elements":[],"widgetType":"heading"},{"id":"51037c8f","elType":"widget","settings":{"title":"And get 10%off your first order","header_size":"h3","align":"center","title_color":"#000000","typography_typography":"custom","typography_font_size":{"unit":"px","size":24},"typography_font_weight":"400","typography_letter_spacing":{"unit":"px","size":""},"_margin":{"unit":"px","top":"0","right":"0","bottom":"30","left":"0","isLinked":false},"_animation":"fadeInUp","_animation_delay":200,"typography_font_family":"BROmny","typography_font_size_mobile":{"unit":"px","size":26,"sizes":[]},"typography_line_height":{"unit":"px","size":40,"sizes":[]}},"elements":[],"widgetType":"heading"},{"id":"712ef436","elType":"widget","settings":{"text":"Order Now","align":"center","typography_typography":"custom","typography_font_family":"BROmny","typography_font_size":{"unit":"px","size":14,"sizes":[]},"typography_font_weight":"800","text_padding":{"unit":"px","top":"17","right":"43","bottom":"17","left":"43","isLinked":false},"button_text_color":"#000000","background_color":"#FFFFFF","_animation":"fadeInUp","_animation_delay":300,"__globals__":{"button_background_hover_color":"globals\/colors?id=secondary"},"link":{"url":"https:\/\/demo2wpopal.b-cdn.net\/smartic\/product\/anti-skid-base\/","is_external":"","nofollow":"","custom_attributes":""}},"elements":[],"widgetType":"button"}],"isInner":false}],"isInner":false}]]]></wp:meta_value>
  </wp:postmeta>
  <wp:postmeta>
    <wp:meta_key>_yoast_wpseo_content_score</wp:meta_key>
    <wp:meta_value><![CDATA[90]]></wp:meta_value>
  </wp:postmeta>
  <wp:postmeta>
    <wp:meta_key>_elementor_controls_usage</wp:meta_key>
    <wp:meta_value><![CDATA[a:9:{s:17:"smartic-revslider";a:3:{s:5:"count";i:2;s:15:"control_percent";i:0;s:8:"controls";a:1:{s:7:"content";a:1:{s:10:"rev_slider";a:1:{s:9:"rev_alias";i:2;}}}}s:6:"column";a:3:{s:5:"count";i:15;s:15:"control_percent";i:1;s:8:"controls";a:3:{s:6:"layout";a:1:{s:6:"layout";a:5:{s:21:"space_between_widgets";i:15;s:12:"_inline_size";i:11;s:19:"_inline_size_tablet";i:2;s:28:"space_between_widgets_tablet";i:1;s:19:"_inline_size_mobile";i:5;}}s:5:"style";a:2:{s:13:"section_style";a:16:{s:21:"background_background";i:5;s:16:"background_color";i:2;s:16:"background_image";i:1;s:17:"background_repeat";i:1;s:15:"background_size";i:1;s:38:"background_motion_fx_mouseTrack_effect";i:1;s:41:"background_motion_fx_mouseTrack_direction";i:1;s:37:"background_motion_fx_mouseTrack_speed";i:1;s:19:"background_position";i:1;s:15:"background_xpos";i:1;s:15:"background_ypos";i:1;s:22:"background_ypos_tablet";i:1;s:22:"background_ypos_mobile";i:1;s:22:"background_xpos_tablet";i:1;s:26:"background_bg_width_mobile";i:1;s:36:"background_motion_fx_motion_fx_mouse";i:1;}s:26:"section_background_overlay";a:1:{s:29:"background_overlay_background";i:1;}}s:8:"advanced";a:2:{s:16:"section_advanced";a:7:{s:14:"padding_tablet";i:7;s:14:"padding_mobile";i:12;s:6:"margin";i:1;s:13:"margin_tablet";i:2;s:13:"margin_mobile";i:7;s:11:"css_classes";i:1;s:7:"padding";i:6;}s:15:"section_effects";a:2:{s:9:"animation";i:1;s:15:"animation_delay";i:1;}}}}s:7:"section";a:3:{s:5:"count";i:8;s:15:"control_percent";i:3;s:8:"controls";a:3:{s:6:"layout";a:2:{s:14:"section_layout";a:6:{s:15:"stretch_section";i:7;s:6:"layout";i:4;s:3:"gap";i:8;s:13:"content_width";i:2;s:13:"custom_height";i:1;s:15:"column_position";i:1;}s:17:"section_structure";a:1:{s:9:"structure";i:4;}}s:5:"style";a:2:{s:14:"section_border";a:3:{s:13:"border_border";i:1;s:12:"border_width";i:1;s:12:"border_color";i:1;}s:18:"section_background";a:6:{s:21:"background_background";i:2;s:16:"background_color";i:2;s:16:"background_image";i:1;s:19:"background_position";i:1;s:17:"background_repeat";i:1;s:15:"background_size";i:1;}}s:8:"advanced";a:2:{s:16:"section_advanced";a:5:{s:6:"margin";i:4;s:13:"margin_tablet";i:3;s:13:"margin_mobile";i:4;s:14:"padding_mobile";i:4;s:7:"padding";i:3;}s:15:"section_effects";a:1:{s:9:"animation";i:1;}}}}s:5:"image";a:3:{s:5:"count";i:9;s:15:"control_percent";i:2;s:8:"controls";a:3:{s:7:"content";a:1:{s:13:"section_image";a:4:{s:5:"image";i:9;s:10:"image_size";i:9;s:5:"align";i:9;s:12:"align_mobile";i:4;}}s:5:"style";a:1:{s:19:"section_style_image";a:5:{s:13:"opacity_hover";i:4;s:27:"background_hover_transition";i:1;s:15:"hover_animation";i:5;s:12:"width_mobile";i:5;s:12:"space_mobile";i:1;}}s:8:"advanced";a:1:{s:15:"section_effects";a:2:{s:10:"_animation";i:4;s:16:"_animation_delay";i:4;}}}}s:7:"divider";a:3:{s:5:"count";i:6;s:15:"control_percent";i:2;s:8:"controls";a:3:{s:7:"content";a:1:{s:15:"section_divider";a:4:{s:5:"width";i:6;s:5:"align";i:5;s:12:"align_tablet";i:5;s:12:"align_mobile";i:5;}}s:5:"style";a:1:{s:21:"section_divider_style";a:1:{s:5:"color";i:6;}}s:8:"advanced";a:2:{s:14:"_section_style";a:5:{s:7:"_margin";i:6;s:8:"_padding";i:5;s:15:"_padding_tablet";i:4;s:14:"_margin_mobile";i:5;s:15:"_padding_mobile";i:2;}s:15:"section_effects";a:2:{s:10:"_animation";i:6;s:16:"_animation_delay";i:6;}}}}s:7:"heading";a:3:{s:5:"count";i:8;s:15:"control_percent";i:5;s:8:"controls";a:3:{s:7:"content";a:1:{s:13:"section_title";a:5:{s:5:"title";i:8;s:5:"align";i:5;s:12:"align_mobile";i:6;s:12:"align_tablet";i:5;s:11:"header_size";i:1;}}s:5:"style";a:1:{s:19:"section_title_style";a:10:{s:11:"title_color";i:8;s:21:"typography_typography";i:8;s:20:"typography_font_size";i:8;s:25:"typography_letter_spacing";i:8;s:27:"typography_font_size_mobile";i:8;s:22:"typography_font_family";i:8;s:22:"typography_font_weight";i:8;s:22:"typography_line_height";i:4;s:29:"typography_line_height_mobile";i:1;s:27:"typography_font_size_tablet";i:2;}}s:8:"advanced";a:2:{s:14:"_section_style";a:3:{s:7:"_margin";i:8;s:14:"_margin_mobile";i:6;s:14:"_margin_tablet";i:4;}s:15:"section_effects";a:2:{s:10:"_animation";i:8;s:16:"_animation_delay";i:8;}}}}s:11:"text-editor";a:3:{s:5:"count";i:6;s:15:"control_percent";i:4;s:8:"controls";a:3:{s:7:"content";a:1:{s:14:"section_editor";a:1:{s:6:"editor";i:6;}}s:5:"style";a:1:{s:13:"section_style";a:8:{s:5:"align";i:6;s:12:"align_mobile";i:6;s:21:"typography_typography";i:6;s:22:"typography_font_family";i:6;s:20:"typography_font_size";i:6;s:22:"typography_font_weight";i:5;s:12:"align_tablet";i:5;s:22:"typography_line_height";i:2;}}s:8:"advanced";a:2:{s:14:"_section_style";a:4:{s:7:"_margin";i:6;s:14:"_margin_mobile";i:6;s:14:"_margin_tablet";i:6;s:15:"_padding_mobile";i:1;}s:15:"section_effects";a:2:{s:10:"_animation";i:6;s:16:"_animation_delay";i:6;}}}}s:6:"button";a:3:{s:5:"count";i:2;s:15:"control_percent";i:3;s:8:"controls";a:3:{s:7:"content";a:1:{s:14:"section_button";a:5:{s:4:"text";i:2;s:12:"align_mobile";i:1;s:12:"align_tablet";i:1;s:5:"align";i:1;s:4:"link";i:1;}}s:5:"style";a:1:{s:13:"section_style";a:12:{s:21:"typography_typography";i:2;s:17:"button_text_color";i:2;s:16:"background_color";i:2;s:13:"border_border";i:1;s:12:"border_width";i:1;s:12:"border_color";i:1;s:29:"button_background_hover_color";i:1;s:12:"text_padding";i:2;s:19:"text_padding_mobile";i:1;s:22:"typography_font_family";i:1;s:20:"typography_font_size";i:1;s:22:"typography_font_weight";i:1;}}s:8:"advanced";a:1:{s:15:"section_effects";a:2:{s:10:"_animation";i:2;s:16:"_animation_delay";i:2;}}}}s:6:"spacer";a:3:{s:5:"count";i:1;s:15:"control_percent";i:1;s:8:"controls";a:1:{s:7:"content";a:1:{s:14:"section_spacer";a:2:{s:5:"space";i:1;s:12:"space_mobile";i:1;}}}}}]]></wp:meta_value>
  </wp:postmeta>
  <wp:postmeta>
    <wp:meta_key>_elementor_page_assets</wp:meta_key>
    <wp:meta_value><![CDATA[a:1:{s:6:"styles";a:33:{i:0;s:12:"e-animations";i:1;s:12:"e-animations";i:2;s:12:"e-animations";i:3;s:12:"e-animations";i:4;s:12:"e-animations";i:5;s:12:"e-animations";i:6;s:12:"e-animations";i:7;s:12:"e-animations";i:8;s:12:"e-animations";i:9;s:12:"e-animations";i:10;s:12:"e-animations";i:11;s:12:"e-animations";i:12;s:12:"e-animations";i:13;s:12:"e-animations";i:14;s:12:"e-animations";i:15;s:12:"e-animations";i:16;s:12:"e-animations";i:17;s:12:"e-animations";i:18;s:12:"e-animations";i:19;s:12:"e-animations";i:20;s:12:"e-animations";i:21;s:12:"e-animations";i:22;s:12:"e-animations";i:23;s:12:"e-animations";i:24;s:12:"e-animations";i:25;s:12:"e-animations";i:26;s:12:"e-animations";i:27;s:12:"e-animations";i:28;s:12:"e-animations";i:29;s:12:"e-animations";i:30;s:12:"e-animations";i:31;s:12:"e-animations";i:32;s:12:"e-animations";}}]]></wp:meta_value>
  </wp:postmeta>
</item>
<item>
  <title><![CDATA[gallery_chargerdock2.jpg]]></title>
  <link>https://demo2wpopal.b-cdn.net/smartic/home-34/gallery-chargerdock2-jpg/</link>
  <pubDate>Tue, 06 Apr 2021 08:01:26 +0000</pubDate>
  <dc:creator>admin</dc:creator>
  <guid isPermaLink="false">https://demo2wpopal.b-cdn.net/smartic/wp-content/uploads/revslider/gallery_chargerdock2.jpg</guid>
  <description/>
  <content:encoded><![CDATA[]]></content:encoded>
  <excerpt:encoded><![CDATA[]]></excerpt:encoded>
  <wp:post_id>9284</wp:post_id>
  <wp:post_date>2021-04-06 08:01:26</wp:post_date>
  <wp:post_date_gmt>2021-04-06 08:01:26</wp:post_date_gmt>
  <wp:post_modified>2021-04-19 09:36:07</wp:post_modified>
  <wp:post_modified_gmt>2021-04-19 09:36:07</wp:post_modified_gmt>
  <wp:comment_status>closed</wp:comment_status>
  <wp:ping_status>closed</wp:ping_status>
  <wp:post_name>gallery-chargerdock2-jpg</wp:post_name>
  <wp:status>inherit</wp:status>
  <wp:post_parent>9275</wp:post_parent>
  <wp:menu_order>0</wp:menu_order>
  <wp:post_type>attachment</wp:post_type>
  <wp:post_password/>
  <wp:is_sticky>0</wp:is_sticky>
  <wp:attachment_url>https://demo2wpopal.b-cdn.net/smartic/wp-content/uploads/revslider/gallery_chargerdock2.jpg</wp:attachment_url>
  <wp:postmeta>
    <wp:meta_key>_wp_attached_file</wp:meta_key>
    <wp:meta_value><![CDATA[revslider/gallery_chargerdock2.jpg]]></wp:meta_value>
  </wp:postmeta>
  <wp:postmeta>
    <wp:meta_key>_wp_attachment_metadata</wp:meta_key>
    <wp:meta_value><![CDATA[a:6:{s:5:"width";i:770;s:6:"height";i:510;s:4:"file";s:34:"revslider/gallery_chargerdock2.jpg";s:8:"filesize";i:79164;s:5:"sizes";a:8:{s:6:"medium";a:5:{s:4:"file";s:32:"gallery_chargerdock2-300x199.jpg";s:5:"width";i:300;s:6:"height";i:199;s:9:"mime-type";s:10:"image/jpeg";s:8:"filesize";i:11307;}s:9:"thumbnail";a:5:{s:4:"file";s:32:"gallery_chargerdock2-150x150.jpg";s:5:"width";i:150;s:6:"height";i:150;s:9:"mime-type";s:10:"image/jpeg";s:8:"filesize";i:4593;}s:12:"medium_large";a:5:{s:4:"file";s:32:"gallery_chargerdock2-768x509.jpg";s:5:"width";i:768;s:6:"height";i:509;s:9:"mime-type";s:10:"image/jpeg";s:8:"filesize";i:67107;}s:17:"smartic-post-grid";a:5:{s:4:"file";s:32:"gallery_chargerdock2-500x330.jpg";s:5:"width";i:500;s:6:"height";i:330;s:9:"mime-type";s:10:"image/jpeg";s:8:"filesize";i:30192;}s:21:"woocommerce_thumbnail";a:6:{s:4:"file";s:32:"gallery_chargerdock2-500x331.jpg";s:5:"width";i:500;s:6:"height";i:331;s:9:"mime-type";s:10:"image/jpeg";s:8:"filesize";i:29999;s:9:"uncropped";b:1;}s:29:"woocommerce_gallery_thumbnail";a:5:{s:4:"file";s:32:"gallery_chargerdock2-100x100.jpg";s:5:"width";i:100;s:6:"height";i:100;s:9:"mime-type";s:10:"image/jpeg";s:8:"filesize";i:2647;}s:29:"variation_swatches_image_size";a:5:{s:4:"file";s:30:"gallery_chargerdock2-50x50.jpg";s:5:"width";i:50;s:6:"height";i:50;s:9:"mime-type";s:10:"image/jpeg";s:8:"filesize";i:1407;}s:31:"variation_swatches_tooltip_size";a:5:{s:4:"file";s:32:"gallery_chargerdock2-100x100.jpg";s:5:"width";i:100;s:6:"height";i:100;s:9:"mime-type";s:10:"image/jpeg";s:8:"filesize";i:2647;}}s:10:"image_meta";a:12:{s:8:"aperture";s:1:"0";s:6:"credit";s:0:"";s:6:"camera";s:0:"";s:7:"caption";s:0:"";s:17:"created_timestamp";s:1:"0";s:9:"copyright";s:0:"";s:12:"focal_length";s:1:"0";s:3:"iso";s:1:"0";s:13:"shutter_speed";s:1:"0";s:5:"title";s:0:"";s:11:"orientation";s:1:"0";s:8:"keywords";a:0:{}}}]]></wp:meta_value>
  </wp:postmeta>
</item>
<item>
  <title><![CDATA[gallery_chargerdock1.jpg]]></title>
  <link>https://demo2wpopal.b-cdn.net/smartic/home-34/gallery-chargerdock1-jpg/</link>
  <pubDate>Tue, 06 Apr 2021 08:01:26 +0000</pubDate>
  <dc:creator>admin</dc:creator>
  <guid isPermaLink="false">https://demo2wpopal.b-cdn.net/smartic/wp-content/uploads/revslider/gallery_chargerdock1.jpg</guid>
  <description/>
  <content:encoded><![CDATA[]]></content:encoded>
  <excerpt:encoded><![CDATA[]]></excerpt:encoded>
  <wp:post_id>9285</wp:post_id>
  <wp:post_date>2021-04-06 08:01:26</wp:post_date>
  <wp:post_date_gmt>2021-04-06 08:01:26</wp:post_date_gmt>
  <wp:post_modified>2021-04-19 09:36:07</wp:post_modified>
  <wp:post_modified_gmt>2021-04-19 09:36:07</wp:post_modified_gmt>
  <wp:comment_status>closed</wp:comment_status>
  <wp:ping_status>closed</wp:ping_status>
  <wp:post_name>gallery-chargerdock1-jpg</wp:post_name>
  <wp:status>inherit</wp:status>
  <wp:post_parent>9275</wp:post_parent>
  <wp:menu_order>0</wp:menu_order>
  <wp:post_type>attachment</wp:post_type>
  <wp:post_password/>
  <wp:is_sticky>0</wp:is_sticky>
  <wp:attachment_url>https://demo2wpopal.b-cdn.net/smartic/wp-content/uploads/revslider/gallery_chargerdock1.jpg</wp:attachment_url>
  <wp:postmeta>
    <wp:meta_key>_wp_attached_file</wp:meta_key>
    <wp:meta_value><![CDATA[revslider/gallery_chargerdock1.jpg]]></wp:meta_value>
  </wp:postmeta>
  <wp:postmeta>
    <wp:meta_key>_wp_attachment_metadata</wp:meta_key>
    <wp:meta_value><![CDATA[a:6:{s:5:"width";i:770;s:6:"height";i:510;s:4:"file";s:34:"revslider/gallery_chargerdock1.jpg";s:8:"filesize";i:77506;s:5:"sizes";a:8:{s:6:"medium";a:5:{s:4:"file";s:32:"gallery_chargerdock1-300x199.jpg";s:5:"width";i:300;s:6:"height";i:199;s:9:"mime-type";s:10:"image/jpeg";s:8:"filesize";i:17118;}s:9:"thumbnail";a:5:{s:4:"file";s:32:"gallery_chargerdock1-150x150.jpg";s:5:"width";i:150;s:6:"height";i:150;s:9:"mime-type";s:10:"image/jpeg";s:8:"filesize";i:7957;}s:12:"medium_large";a:5:{s:4:"file";s:32:"gallery_chargerdock1-768x509.jpg";s:5:"width";i:768;s:6:"height";i:509;s:9:"mime-type";s:10:"image/jpeg";s:8:"filesize";i:71034;}s:17:"smartic-post-grid";a:5:{s:4:"file";s:32:"gallery_chargerdock1-500x330.jpg";s:5:"width";i:500;s:6:"height";i:330;s:9:"mime-type";s:10:"image/jpeg";s:8:"filesize";i:37832;}s:21:"woocommerce_thumbnail";a:6:{s:4:"file";s:32:"gallery_chargerdock1-500x331.jpg";s:5:"width";i:500;s:6:"height";i:331;s:9:"mime-type";s:10:"image/jpeg";s:8:"filesize";i:37880;s:9:"uncropped";b:1;}s:29:"woocommerce_gallery_thumbnail";a:5:{s:4:"file";s:32:"gallery_chargerdock1-100x100.jpg";s:5:"width";i:100;s:6:"height";i:100;s:9:"mime-type";s:10:"image/jpeg";s:8:"filesize";i:4342;}s:29:"variation_swatches_image_size";a:5:{s:4:"file";s:30:"gallery_chargerdock1-50x50.jpg";s:5:"width";i:50;s:6:"height";i:50;s:9:"mime-type";s:10:"image/jpeg";s:8:"filesize";i:1812;}s:31:"variation_swatches_tooltip_size";a:5:{s:4:"file";s:32:"gallery_chargerdock1-100x100.jpg";s:5:"width";i:100;s:6:"height";i:100;s:9:"mime-type";s:10:"image/jpeg";s:8:"filesize";i:4342;}}s:10:"image_meta";a:12:{s:8:"aperture";s:1:"0";s:6:"credit";s:0:"";s:6:"camera";s:0:"";s:7:"caption";s:0:"";s:17:"created_timestamp";s:1:"0";s:9:"copyright";s:0:"";s:12:"focal_length";s:1:"0";s:3:"iso";s:1:"0";s:13:"shutter_speed";s:1:"0";s:5:"title";s:0:"";s:11:"orientation";s:1:"0";s:8:"keywords";a:0:{}}}]]></wp:meta_value>
  </wp:postmeta>
</item>
<item>
  <title><![CDATA[gallery_chargerdock3.jpg]]></title>
  <link>https://demo2wpopal.b-cdn.net/smartic/home-34/gallery-chargerdock3-jpg/</link>
  <pubDate>Tue, 06 Apr 2021 08:01:26 +0000</pubDate>
  <dc:creator>admin</dc:creator>
  <guid isPermaLink="false">https://demo2wpopal.b-cdn.net/smartic/wp-content/uploads/revslider/gallery_chargerdock3.jpg</guid>
  <description/>
  <content:encoded><![CDATA[]]></content:encoded>
  <excerpt:encoded><![CDATA[]]></excerpt:encoded>
  <wp:post_id>9286</wp:post_id>
  <wp:post_date>2021-04-06 08:01:26</wp:post_date>
  <wp:post_date_gmt>2021-04-06 08:01:26</wp:post_date_gmt>
  <wp:post_modified>2021-04-19 09:36:07</wp:post_modified>
  <wp:post_modified_gmt>2021-04-19 09:36:07</wp:post_modified_gmt>
  <wp:comment_status>closed</wp:comment_status>
  <wp:ping_status>closed</wp:ping_status>
  <wp:post_name>gallery-chargerdock3-jpg</wp:post_name>
  <wp:status>inherit</wp:status>
  <wp:post_parent>9275</wp:post_parent>
  <wp:menu_order>0</wp:menu_order>
  <wp:post_type>attachment</wp:post_type>
  <wp:post_password/>
  <wp:is_sticky>0</wp:is_sticky>
  <wp:attachment_url>https://demo2wpopal.b-cdn.net/smartic/wp-content/uploads/revslider/gallery_chargerdock3.jpg</wp:attachment_url>
  <wp:postmeta>
    <wp:meta_key>_wp_attached_file</wp:meta_key>
    <wp:meta_value><![CDATA[revslider/gallery_chargerdock3.jpg]]></wp:meta_value>
  </wp:postmeta>
  <wp:postmeta>
    <wp:meta_key>_wp_attachment_metadata</wp:meta_key>
    <wp:meta_value><![CDATA[a:6:{s:5:"width";i:770;s:6:"height";i:510;s:4:"file";s:34:"revslider/gallery_chargerdock3.jpg";s:8:"filesize";i:39572;s:5:"sizes";a:8:{s:6:"medium";a:5:{s:4:"file";s:32:"gallery_chargerdock3-300x199.jpg";s:5:"width";i:300;s:6:"height";i:199;s:9:"mime-type";s:10:"image/jpeg";s:8:"filesize";i:9602;}s:9:"thumbnail";a:5:{s:4:"file";s:32:"gallery_chargerdock3-150x150.jpg";s:5:"width";i:150;s:6:"height";i:150;s:9:"mime-type";s:10:"image/jpeg";s:8:"filesize";i:5225;}s:12:"medium_large";a:5:{s:4:"file";s:32:"gallery_chargerdock3-768x509.jpg";s:5:"width";i:768;s:6:"height";i:509;s:9:"mime-type";s:10:"image/jpeg";s:8:"filesize";i:36445;}s:17:"smartic-post-grid";a:5:{s:4:"file";s:32:"gallery_chargerdock3-500x330.jpg";s:5:"width";i:500;s:6:"height";i:330;s:9:"mime-type";s:10:"image/jpeg";s:8:"filesize";i:19209;}s:21:"woocommerce_thumbnail";a:6:{s:4:"file";s:32:"gallery_chargerdock3-500x331.jpg";s:5:"width";i:500;s:6:"height";i:331;s:9:"mime-type";s:10:"image/jpeg";s:8:"filesize";i:19169;s:9:"uncropped";b:1;}s:29:"woocommerce_gallery_thumbnail";a:5:{s:4:"file";s:32:"gallery_chargerdock3-100x100.jpg";s:5:"width";i:100;s:6:"height";i:100;s:9:"mime-type";s:10:"image/jpeg";s:8:"filesize";i:3354;}s:29:"variation_swatches_image_size";a:5:{s:4:"file";s:30:"gallery_chargerdock3-50x50.jpg";s:5:"width";i:50;s:6:"height";i:50;s:9:"mime-type";s:10:"image/jpeg";s:8:"filesize";i:1703;}s:31:"variation_swatches_tooltip_size";a:5:{s:4:"file";s:32:"gallery_chargerdock3-100x100.jpg";s:5:"width";i:100;s:6:"height";i:100;s:9:"mime-type";s:10:"image/jpeg";s:8:"filesize";i:3354;}}s:10:"image_meta";a:12:{s:8:"aperture";s:1:"0";s:6:"credit";s:0:"";s:6:"camera";s:0:"";s:7:"caption";s:0:"";s:17:"created_timestamp";s:1:"0";s:9:"copyright";s:0:"";s:12:"focal_length";s:1:"0";s:3:"iso";s:1:"0";s:13:"shutter_speed";s:1:"0";s:5:"title";s:0:"";s:11:"orientation";s:1:"0";s:8:"keywords";a:0:{}}}]]></wp:meta_value>
  </wp:postmeta>
</item>
<item>
  <title><![CDATA[Home-34-06]]></title>
  <link>https://demo2wpopal.b-cdn.net/smartic/home-34/home-34-06/</link>
  <pubDate>Mon, 12 Apr 2021 09:15:52 +0000</pubDate>
  <dc:creator>admin</dc:creator>
  <guid isPermaLink="false">https://demo2wpopal.b-cdn.net/smartic/wp-content/uploads/2021/04/Home-34-06.png</guid>
  <description/>
  <content:encoded><![CDATA[]]></content:encoded>
  <excerpt:encoded><![CDATA[]]></excerpt:encoded>
  <wp:post_id>13253</wp:post_id>
  <wp:post_date>2021-04-12 09:15:52</wp:post_date>
  <wp:post_date_gmt>2021-04-12 09:15:52</wp:post_date_gmt>
  <wp:post_modified>2021-04-12 09:15:52</wp:post_modified>
  <wp:post_modified_gmt>2021-04-12 09:15:52</wp:post_modified_gmt>
  <wp:comment_status>open</wp:comment_status>
  <wp:ping_status>closed</wp:ping_status>
  <wp:post_name>home-34-06</wp:post_name>
  <wp:status>inherit</wp:status>
  <wp:post_parent>9275</wp:post_parent>
  <wp:menu_order>0</wp:menu_order>
  <wp:post_type>attachment</wp:post_type>
  <wp:post_password/>
  <wp:is_sticky>0</wp:is_sticky>
  <wp:attachment_url>https://demo2wpopal.b-cdn.net/smartic/wp-content/uploads/2021/04/Home-34-06.png</wp:attachment_url>
  <wp:postmeta>
    <wp:meta_key>_wp_attached_file</wp:meta_key>
    <wp:meta_value><![CDATA[2021/04/Home-34-06.png]]></wp:meta_value>
  </wp:postmeta>
  <wp:postmeta>
    <wp:meta_key>_wp_attachment_metadata</wp:meta_key>
    <wp:meta_value><![CDATA[a:6:{s:5:"width";i:841;s:6:"height";i:581;s:4:"file";s:22:"2021/04/Home-34-06.png";s:8:"filesize";i:340370;s:5:"sizes";a:10:{s:6:"medium";a:5:{s:4:"file";s:22:"Home-34-06-300x207.png";s:5:"width";i:300;s:6:"height";i:207;s:9:"mime-type";s:9:"image/png";s:8:"filesize";i:56804;}s:9:"thumbnail";a:5:{s:4:"file";s:22:"Home-34-06-150x150.png";s:5:"width";i:150;s:6:"height";i:150;s:9:"mime-type";s:9:"image/png";s:8:"filesize";i:26506;}s:12:"medium_large";a:5:{s:4:"file";s:22:"Home-34-06-768x531.png";s:5:"width";i:768;s:6:"height";i:531;s:9:"mime-type";s:9:"image/png";s:8:"filesize";i:285503;}s:14:"post-thumbnail";a:5:{s:4:"file";s:22:"Home-34-06-841x565.png";s:5:"width";i:841;s:6:"height";i:565;s:9:"mime-type";s:9:"image/png";s:8:"filesize";i:340715;}s:17:"smartic-post-grid";a:5:{s:4:"file";s:22:"Home-34-06-500x330.png";s:5:"width";i:500;s:6:"height";i:330;s:9:"mime-type";s:9:"image/png";s:8:"filesize";i:135407;}s:21:"woocommerce_thumbnail";a:6:{s:4:"file";s:22:"Home-34-06-500x345.png";s:5:"width";i:500;s:6:"height";i:345;s:9:"mime-type";s:9:"image/png";s:8:"filesize";i:136441;s:9:"uncropped";b:1;}s:18:"woocommerce_single";a:5:{s:4:"file";s:22:"Home-34-06-800x553.png";s:5:"width";i:800;s:6:"height";i:553;s:9:"mime-type";s:9:"image/png";s:8:"filesize";i:305487;}s:29:"woocommerce_gallery_thumbnail";a:5:{s:4:"file";s:22:"Home-34-06-100x100.png";s:5:"width";i:100;s:6:"height";i:100;s:9:"mime-type";s:9:"image/png";s:8:"filesize";i:13928;}s:29:"variation_swatches_image_size";a:5:{s:4:"file";s:20:"Home-34-06-50x50.png";s:5:"width";i:50;s:6:"height";i:50;s:9:"mime-type";s:9:"image/png";s:8:"filesize";i:4681;}s:31:"variation_swatches_tooltip_size";a:5:{s:4:"file";s:22:"Home-34-06-100x100.png";s:5:"width";i:100;s:6:"height";i:100;s:9:"mime-type";s:9:"image/png";s:8:"filesize";i:13928;}}s:10:"image_meta";a:12:{s:8:"aperture";s:1:"0";s:6:"credit";s:0:"";s:6:"camera";s:0:"";s:7:"caption";s:0:"";s:17:"created_timestamp";s:1:"0";s:9:"copyright";s:0:"";s:12:"focal_length";s:1:"0";s:3:"iso";s:1:"0";s:13:"shutter_speed";s:1:"0";s:5:"title";s:0:"";s:11:"orientation";s:1:"0";s:8:"keywords";a:0:{}}}]]></wp:meta_value>
  </wp:postmeta>
</item>
  </channel>
</rss>
