<?xml version="1.0" encoding="UTF-8"?>
<!--
 This is a WordPress eXtended RSS file generated by WordPress as an export of your site.
 It contains information about your site's posts, pages, comments, categories, and other content.
 You may use this file to transfer that content from one site to another.
 This file is not intended to serve as a complete backup of your site.

 To import this information into a WordPress site follow these steps:
 1. Log in to that site as an administrator.
 2. Go to Tools: Import in the WordPress admin panel.
 3. Install the "WordPress" importer from the list.
 4. Activate & Run Importer.
 5. Upload this file using the form provided on that page.
 6. You will first be asked to map the authors in this export file to users
    on the site. For each author, you may choose to map to an
    existing user on the site or to create a new user.
 7. WordPress will then import each of the posts, pages, comments, categories, etc.
    contained in this file into your site.
-->
<!-- generator="WordPress/6.2" created="2023-04-27 03:59" -->
<rss version="2.0" xmlns:excerpt="http://wordpress.org/export/1.2/excerpt/" xmlns:content="http://purl.org/rss/1.0/modules/content/" xmlns:wfw="http://wellformedweb.org/CommentAPI/" xmlns:dc="http://purl.org/dc/elements/1.1/" xmlns:wp="http://wordpress.org/export/1.2/">
  <channel>
<title>Smartic</title>
<link>https://demo2wpopal.b-cdn.net/smartic</link>
<description>Just another WordPress site</description>
<pubDate>Thu, 27 Apr 2023 03:59:27 +0000</pubDate>
<language>en-US</language>
<wp:wxr_version>1.2</wp:wxr_version>
<wp:base_site_url>https://demo2wpopal.b-cdn.net/smartic</wp:base_site_url>
<wp:base_blog_url>https://demo2wpopal.b-cdn.net/smartic</wp:base_blog_url>
<generator>https://wordpress.org/?v=6.2</generator>
<item>
  <title><![CDATA[Home 5]]></title>
  <link>https://demo2wpopal.b-cdn.net/smartic/home-5/</link>
  <pubDate>Wed, 21 Oct 2020 09:47:24 +0000</pubDate>
  <dc:creator>admin</dc:creator>
  <guid isPermaLink="false">https://demo2wpopal.b-cdn.net/smartic/?page_id=1068</guid>
  <description/>
  <content:encoded><![CDATA[<h2>A Smart Scale
Dripping In Sheer
Elegance </h2>		
			<a href="#" role="button">
						Learn More
					</a>
												<img width="403" height="440" src="https://demo2wpopal.b-cdn.net/smartic/wp-content/uploads/2020/10/image1-h5.png" alt="Smartic" loading="lazy" srcset="https://demo2wpopal.b-cdn.net/smartic/wp-content/uploads/2020/10/image1-h5.png 403w, https://demo2wpopal.b-cdn.net/smartic/wp-content/uploads/2020/10/image1-h5-275x300.png 275w" sizes="(max-width: 403px) 100vw, 403px" />														
			<h2>Total health<br>
<strong>support</strong></h2>		
		<p>Nemo enim ipsam voluptatem quia voluptas sit aspernatur aut odit aut fugit, sed quia consequuntur magni dolores eos qui ratione voluptatem sequi nesciunt. Neque porro quisquam est, qui dolorem ipsum quia dolor sit amet, consectetur adipisci velit, sed quia non numquam eius.</p>		
			<h2>Measurements
<strong>made easy</strong></h2>		
		<p>Neque porro quisquam est, qui dolorem ipsum quia dolor sit amet, consectetur., adipisci velit, sed quia non numquam eius. modi tempora incidunt ut labore et dolore magnam aliquam quaerat voluptatem.</p>		
				<h3>
						Weight					
				</h3>
				<h3>
						Body Fat					
				</h3>
				<h3>
						BMI					
				</h3>
				<h3>
						Water					
				</h3>
				<h3>
						Bone					
				</h3>
				<h3>
						Body Age					
				</h3>
				<h3>
						Weight					
				</h3>
				<h3>
						Muscle					
				</h3>
												<img width="896" height="435" src="https://demo2wpopal.b-cdn.net/smartic/wp-content/uploads/2020/10/image3-h5.png" alt="Smartic" loading="lazy" srcset="https://demo2wpopal.b-cdn.net/smartic/wp-content/uploads/2020/10/image3-h5.png 896w, https://demo2wpopal.b-cdn.net/smartic/wp-content/uploads/2020/10/image3-h5-500x243.png 500w, https://demo2wpopal.b-cdn.net/smartic/wp-content/uploads/2020/10/image3-h5-800x388.png 800w, https://demo2wpopal.b-cdn.net/smartic/wp-content/uploads/2020/10/image3-h5-300x146.png 300w, https://demo2wpopal.b-cdn.net/smartic/wp-content/uploads/2020/10/image3-h5-768x373.png 768w" sizes="(max-width: 896px) 100vw, 896px" />														
			<h2>Easily track your
<strong>weight & more</strong></h2>		
		<p>Track Exercise</p><p>Neque porro quisquam est, qui dolorem ipsum quia dolor sit amet, consectetur adipisci velit, sed quia non numquam eius modi tempora.</p><p>Set Goals</p><p>Vincidunt ut labore et dolore magnam aliquam quaerat voluptatem.</p>		
			<h2>Set up in
minutes with
<strong>smartphone </strong></h2>		
		<p>Lorem ipsum dolor sit amet, consectetur adipisicing elit, sed do eiusmod tempor incididunt ut labore et dolore magna aliqua. Ut enim ad minim veniam, quis nostrud exercitation ullamc</p>		
													<a href="#">
							<img width="190" height="62" src="https://demo2wpopal.b-cdn.net/smartic/wp-content/uploads/2020/10/h2_android.jpg" alt="Smartic" loading="lazy" />								</a>
													<a href="#">
							<img width="190" height="62" src="https://demo2wpopal.b-cdn.net/smartic/wp-content/uploads/2020/10/h2_ios.jpg" alt="Smartic" loading="lazy" />								</a>
			<h2>Up to <strong>8 users</strong></h2>		
		<p>Ut enim ad minim veniam, quis nostrud exercitation ullamco laboris nisi ut aliquip ex ea commodo consequat.</p><p>Duis aute irure dolor in reprehenderit in voluptate velit esse cillum dolore eu fugiat nulla pariatur.</p>		
				<h3>
						Auto user<br> identification					
				</h3>
				<h3>
						Child & adult<br> detection					
				</h3>
			<h2>Built with
<strong>inner strength</strong></h2>		
		<p>Excepteur sint occaecat cupidatat non proident, sunt in culpa qui officia deserunt mollit anim id est laborum. Sed ut perspiciatis unde omnis</p>		
					<ul>
							<li>
											<a href="#">
										Visual stunner that takes inspiration from architectur
											</a>
									</li>
								<li>
											<a href="#">
										Using strong tempered glass
											</a>
									</li>
								<li>
											<a href="#">
										The polished glass goes through 5 layers of silk printing
											</a>
									</li>
								<li>
											<a href="#">
										Its refined texture and gleaming surface
											</a>
									</li>
								<li>
											<a href="#">
										Perfect complement to any home
											</a>
									</li>
						</ul>
			<h2>Best scale!</h2>		
                                                “The multiple data readouts are useful and tracking on i-phone is a boon. My doctor is impressed with the information I can submit on a printout of the serial data.”                                            
                                                                                                                                                                                                        Tracey L., New York        
                                                “The multiple data readouts are useful and tracking on i-phone is a boon. My doctor is impressed with the information I can submit on a printout of the serial data.”                                            
                                                                                                                                                                                                        Tracey L., New York        
<ul>
<li>
	        <img width="500" height="375" src="https://demo2wpopal.b-cdn.net/smartic/wp-content/uploads/2020/09/05_product_1-500x375.jpg" alt="Smartic" loading="lazy" srcset="https://demo2wpopal.b-cdn.net/smartic/wp-content/uploads/2020/09/05_product_1-500x375.jpg 500w, https://demo2wpopal.b-cdn.net/smartic/wp-content/uploads/2020/09/05_product_1-300x225.jpg 300w, https://demo2wpopal.b-cdn.net/smartic/wp-content/uploads/2020/09/05_product_1-768x576.jpg 768w, https://demo2wpopal.b-cdn.net/smartic/wp-content/uploads/2020/09/05_product_1.jpg 800w" sizes="(max-width: 500px) 100vw, 500px" />        
        <a href="https://demo2wpopal.b-cdn.net/smartic/product/stmartic-scale/"></a>
        <h3><a href="https://demo2wpopal.b-cdn.net/smartic/product/stmartic-scale/">Stmartic Scale</a></h3>Rated <strong>4.00</strong> out of 5
	<bdi>&#36;154,14</bdi>
<a href="?add-to-cart=67" data-quantity="1" data-product_id="67" data-product_sku="intelligent-wooden-gloves-46931979" aria-label="Add &ldquo;Stmartic Scale&rdquo; to your cart" rel="nofollow">Add to cart</a></li>
</ul>
			<h2>LET'S STAY IN TOUCH</h2>		
			<h2>follow us</h2>		
					<a href="#" target="_blank" rel="noopener">
						Facebook
											</a>
					<a href="#" target="_blank" rel="noopener">
						Twitter
											</a>
					<a href="#" target="_blank" rel="noopener">
						Youtube
											</a>
					<a href="#" target="_blank" rel="noopener">
						Wordpress
											</a>]]></content:encoded>
  <excerpt:encoded><![CDATA[]]></excerpt:encoded>
  <wp:post_id>1068</wp:post_id>
  <wp:post_date>2020-10-21 09:47:24</wp:post_date>
  <wp:post_date_gmt>2020-10-21 09:47:24</wp:post_date_gmt>
  <wp:post_modified>2022-10-24 10:15:26</wp:post_modified>
  <wp:post_modified_gmt>2022-10-24 10:15:26</wp:post_modified_gmt>
  <wp:comment_status>closed</wp:comment_status>
  <wp:ping_status>closed</wp:ping_status>
  <wp:post_name>home-5</wp:post_name>
  <wp:status>publish</wp:status>
  <wp:post_parent>0</wp:post_parent>
  <wp:menu_order>0</wp:menu_order>
  <wp:post_type>page</wp:post_type>
  <wp:post_password/>
  <wp:is_sticky>0</wp:is_sticky>
  <wp:postmeta>
    <wp:meta_key>inline_featured_image</wp:meta_key>
    <wp:meta_value><![CDATA[0]]></wp:meta_value>
  </wp:postmeta>
  <wp:postmeta>
    <wp:meta_key>_wp_page_template</wp:meta_key>
    <wp:meta_value><![CDATA[template-homepage.php]]></wp:meta_value>
  </wp:postmeta>
  <wp:postmeta>
    <wp:meta_key>_edit_last</wp:meta_key>
    <wp:meta_value><![CDATA[4]]></wp:meta_value>
  </wp:postmeta>
  <wp:postmeta>
    <wp:meta_key>slide_template</wp:meta_key>
    <wp:meta_value><![CDATA[default]]></wp:meta_value>
  </wp:postmeta>
  <wp:postmeta>
    <wp:meta_key>rs_page_bg_color</wp:meta_key>
    <wp:meta_value><![CDATA[#ffffff]]></wp:meta_value>
  </wp:postmeta>
  <wp:postmeta>
    <wp:meta_key>_elementor_edit_mode</wp:meta_key>
    <wp:meta_value><![CDATA[builder]]></wp:meta_value>
  </wp:postmeta>
  <wp:postmeta>
    <wp:meta_key>_elementor_template_type</wp:meta_key>
    <wp:meta_value><![CDATA[wp-page]]></wp:meta_value>
  </wp:postmeta>
  <wp:postmeta>
    <wp:meta_key>_elementor_version</wp:meta_key>
    <wp:meta_value><![CDATA[3.7.8]]></wp:meta_value>
  </wp:postmeta>
  <wp:postmeta>
    <wp:meta_key>_elementor_pro_version</wp:meta_key>
    <wp:meta_value><![CDATA[3.7.7]]></wp:meta_value>
  </wp:postmeta>
  <wp:postmeta>
    <wp:meta_key>_elementor_data</wp:meta_key>
    <wp:meta_value><![CDATA[[{"id":"63321e3","elType":"section","settings":{"gap":"no","height":"min-height","custom_height":{"unit":"px","size":840,"sizes":[]},"custom_height_mobile":{"unit":"px","size":400,"sizes":[]},"stretch_section":"section-stretched","background_background":"classic","background_image":{"url":"https:\/\/demo2wpopal.b-cdn.net\/smartic\/wp-content\/uploads\/2020\/10\/revslider_h5-bg1.jpg","id":1631},"background_repeat":"no-repeat","background_motion_fx_motion_fx_scrolling":"yes","background_motion_fx_translateY_effect":"yes","background_motion_fx_translateY_speed":{"unit":"px","size":3,"sizes":[]},"background_motion_fx_devices":["desktop","tablet"],"background_motion_fx_mouseTrack_effect":"yes","background_overlay_background":"classic","background_overlay_color":"#000000","background_overlay_repeat":"no-repeat","background_overlay_size":"cover","background_overlay_opacity":{"unit":"px","size":0.200000000000000011102230246251565404236316680908203125,"sizes":[]},"margin":{"unit":"px","top":"","right":0,"bottom":"","left":0,"isLinked":true},"padding":{"unit":"px","top":"0","right":"30","bottom":"0","left":"30","isLinked":false},"padding_mobile":{"unit":"px","top":"50","right":"15","bottom":"20","left":"15","isLinked":false},"html_tag":"div"},"elements":[{"id":"81d4dff","elType":"column","settings":{"_column_size":100,"_inline_size":null,"space_between_widgets":0},"elements":[{"id":"86b9732","elType":"widget","settings":{"title":"A Smart Scale\nDripping In Sheer\nElegance ","align_mobile":"center","title_color":"#FFFFFF","typography_typography":"custom","typography_font_size":{"unit":"px","size":80,"sizes":[]},"typography_font_size_mobile":{"unit":"px","size":40,"sizes":[]},"typography_font_weight":"bold","typography_line_height":{"unit":"px","size":70,"sizes":[]},"typography_line_height_mobile":{"unit":"px","size":45,"sizes":[]},"_margin":{"unit":"px","top":"0","right":"0","bottom":"40","left":"0","isLinked":false},"_animation":"opal-move-right","_element_width":"initial","_element_custom_width":{"unit":"px","size":700,"sizes":[]}},"elements":[],"widgetType":"heading"},{"id":"c180c37","elType":"widget","settings":{"text":"Learn More","align_mobile":"center","_animation":"opal-move-right","_animation_delay":300},"elements":[],"widgetType":"button"}],"isInner":false}],"isInner":false},{"id":"5635a00","elType":"section","settings":{"layout":"full_width","gap":"no","stretch_section":"section-stretched","html_tag":"div"},"elements":[{"id":"4c46208","elType":"column","settings":{"_column_size":100,"_inline_size":null,"space_between_widgets":0},"elements":[{"id":"041d8aa","elType":"section","settings":{"layout":"full_width","gap":"no","height_inner":"min-height","custom_height_inner":{"unit":"px","size":720,"sizes":[]},"custom_height_inner_tablet":{"unit":"px","size":600,"sizes":[]},"custom_height_inner_mobile":{"unit":"px","size":500,"sizes":[]},"content_position":"middle","structure":"20","hide_mobile":"hidden-phone","html_tag":"div"},"elements":[{"id":"a205ced","elType":"column","settings":{"_column_size":50,"_inline_size":null,"space_between_widgets":0,"background_background":"classic","background_image":{"url":"https:\/\/demo2wpopal.b-cdn.net\/smartic\/wp-content\/uploads\/2020\/10\/image2_h5.jpg","id":1685},"background_position_tablet":"center center"},"elements":[],"isInner":true},{"id":"cfb6b74","elType":"column","settings":{"_column_size":50,"_inline_size":null,"space_between_widgets":0,"background_background":"classic","hide_mobile":"hidden-phone"},"elements":[],"isInner":true}],"isInner":true},{"id":"3c21d59","elType":"section","settings":{"gap":"no","height_inner":"min-height","custom_height_inner":{"unit":"px","size":720,"sizes":[]},"custom_height_inner_tablet":{"unit":"px","size":600,"sizes":[]},"content_position":"middle","structure":"30","margin":{"unit":"px","top":"-720","right":0,"bottom":"0","left":0,"isLinked":false},"margin_tablet":{"unit":"px","top":"-600","right":0,"bottom":"0","left":0,"isLinked":false},"margin_mobile":{"unit":"px","top":"0","right":0,"bottom":"0","left":0,"isLinked":false},"padding":{"unit":"px","top":"0","right":"30","bottom":"0","left":"30","isLinked":false},"padding_mobile":{"unit":"px","top":"30","right":"15","bottom":"60","left":"15","isLinked":false},"z_index":2,"html_tag":"div"},"elements":[{"id":"2ec9273","elType":"column","settings":{"_column_size":33,"_inline_size":null},"elements":[],"isInner":true},{"id":"84cf05b","elType":"column","settings":{"_column_size":33,"_inline_size":null},"elements":[{"id":"793e0fa","elType":"widget","settings":{"image":{"url":"https:\/\/demo2wpopal.b-cdn.net\/smartic\/wp-content\/uploads\/2020\/10\/image1-h5.png","id":1690},"image_size":"full","align_mobile":"center","_animation":"opal-scale-up"},"elements":[],"widgetType":"image"}],"isInner":true},{"id":"6f5daef","elType":"column","settings":{"_column_size":33,"_inline_size":null,"space_between_widgets":0,"background_background":"classic","padding":{"unit":"px","top":"0","right":"0","bottom":"0","left":"80","isLinked":false},"padding_tablet":{"unit":"px","top":"0","right":"0","bottom":"0","left":"30","isLinked":false},"padding_mobile":{"unit":"px","top":"30","right":"0","bottom":"0","left":"0","isLinked":false}},"elements":[{"id":"8a4da1f","elType":"widget","settings":{"title":"Total health<br>\n<strong>support<\/strong>","align_mobile":"center","typography_typography":"custom","typography_font_size":{"unit":"px","size":60,"sizes":[]},"typography_font_size_tablet":{"unit":"px","size":36,"sizes":[]},"typography_line_height":{"unit":"px","size":60,"sizes":[]},"typography_line_height_tablet":{"unit":"px","size":40,"sizes":[]},"_margin":{"unit":"px","top":"0","right":"0","bottom":"35","left":"0","isLinked":false},"__globals__":{"title_color":"globals\/colors?id=accent"},"_animation":"opal-move-left","animation_duration":"fast"},"elements":[],"widgetType":"heading"},{"id":"cb6ae69","elType":"widget","settings":{"editor":"<p>Nemo enim ipsam voluptatem quia voluptas sit aspernatur aut odit aut fugit, sed quia consequuntur magni dolores eos qui ratione voluptatem sequi nesciunt. Neque porro quisquam est, qui dolorem ipsum quia dolor sit amet, consectetur adipisci velit, sed quia non numquam eius.<\/p>","align_mobile":"center","_animation":"opal-move-left","animation_duration":"fast"},"elements":[],"widgetType":"text-editor"}],"isInner":true}],"isInner":true}],"isInner":false}],"isInner":false},{"id":"46d5cce","elType":"section","settings":{"content_width":{"unit":"px","size":1070,"sizes":[]},"gap":"no","overflow":"hidden","stretch_section":"section-stretched","background_background":"classic","background_color":"#F1F1F1","padding":{"unit":"px","top":"120","right":"30","bottom":"0","left":"30","isLinked":false},"padding_mobile":{"unit":"px","top":"60","right":"15","bottom":"60","left":"15","isLinked":false},"html_tag":"div"},"elements":[{"id":"ef27b66","elType":"column","settings":{"_column_size":100,"_inline_size":null,"align":"center","space_between_widgets":0},"elements":[{"id":"eba7e92","elType":"widget","settings":{"title":"Measurements\n<strong>made easy<\/strong>","align":"center","align_mobile":"center","typography_typography":"custom","typography_font_size":{"unit":"px","size":60,"sizes":[]},"typography_font_size_tablet":{"unit":"px","size":36,"sizes":[]},"typography_line_height":{"unit":"px","size":60,"sizes":[]},"typography_line_height_tablet":{"unit":"px","size":40,"sizes":[]},"_margin":{"unit":"px","top":"0","right":"0","bottom":"30","left":"0","isLinked":false},"__globals__":{"title_color":"globals\/colors?id=accent"},"_animation":"opal-move-up","animation_duration":"fast"},"elements":[],"widgetType":"heading"},{"id":"06cf5aa","elType":"widget","settings":{"editor":"<p>Neque porro quisquam est, qui dolorem ipsum quia dolor sit amet, consectetur., adipisci velit, sed quia non numquam eius. modi tempora incidunt ut labore et dolore magnam aliquam quaerat voluptatem.<\/p>","align":"center","_margin":{"unit":"px","top":"0","right":"0","bottom":"45","left":"0","isLinked":false},"_element_width":"initial","_element_custom_width":{"unit":"%","size":75,"sizes":[]},"_element_width_mobile":"inherit","_animation":"opal-move-up","animation_duration":"fast"},"elements":[],"widgetType":"text-editor"},{"id":"63268fb","elType":"section","settings":{"gap":"no","structure":"80","margin":{"unit":"px","top":"","right":0,"bottom":"","left":0,"isLinked":true},"html_tag":"div"},"elements":[{"id":"c49d994","elType":"column","settings":{"_column_size":12,"_inline_size":null,"space_between_widgets":0,"_inline_size_mobile":50,"_inline_size_tablet":25,"animation":"opal-move-up","animation_duration":"fast"},"elements":[{"id":"f857d08","elType":"widget","settings":{"view":"framed","title_text":"Weight","description_text":"","primary_color":"#000000","icon_space":{"unit":"px","size":10,"sizes":[]},"icon_size":{"unit":"px","size":40,"sizes":[]},"border_width":{"unit":"px","top":"2","right":"2","bottom":"2","left":"2","isLinked":true},"title_color":"#000000","title_typography_typography":"custom","title_typography_font_size":{"unit":"px","size":16,"sizes":[]},"title_typography_font_weight":"600","__globals__":{"title_color":"globals\/colors?id=accent","primary_color":"globals\/colors?id=accent","secondary_color":"","hover_secondary_color":"globals\/colors?id=primary","icon_border_color":"","icon_border_color_hover":""},"selected_icon":{"value":"smartic-icon- smartic-icon-weight","library":"smartic-icon"},"hover_primary_color":"#FFFFFF","hover_secondary_color":"#289C28","icon_border_color":"#999999","icon_border_color_hover":"#289C2800","_margin_tablet":{"unit":"px","top":"0","right":"0","bottom":"40","left":"0","isLinked":false}},"elements":[],"widgetType":"icon-box"}],"isInner":true},{"id":"ea4b2d3","elType":"column","settings":{"_column_size":12,"_inline_size":null,"space_between_widgets":0,"_inline_size_mobile":50,"_inline_size_tablet":25,"animation":"opal-move-up","animation_duration":"fast","animation_delay":150},"elements":[{"id":"60519b5","elType":"widget","settings":{"view":"framed","title_text":"Body Fat","description_text":"","primary_color":"#000000","icon_space":{"unit":"px","size":10,"sizes":[]},"icon_size":{"unit":"px","size":40,"sizes":[]},"border_width":{"unit":"px","top":"2","right":"2","bottom":"2","left":"2","isLinked":true},"title_color":"#000000","title_typography_typography":"custom","title_typography_font_size":{"unit":"px","size":16,"sizes":[]},"title_typography_font_weight":"600","__globals__":{"title_color":"globals\/colors?id=accent","primary_color":"globals\/colors?id=accent","secondary_color":"","hover_secondary_color":"globals\/colors?id=primary","icon_border_color":"","icon_border_color_hover":""},"selected_icon":{"value":"smartic-icon- smartic-icon-bodyfat","library":"smartic-icon"},"hover_primary_color":"#FFFFFF","hover_secondary_color":"#289C28","icon_border_color":"#999999","icon_border_color_hover":"#289C2800","_margin_tablet":{"unit":"px","top":"0","right":"0","bottom":"40","left":"0","isLinked":false}},"elements":[],"widgetType":"icon-box"}],"isInner":true},{"id":"d3e8efa","elType":"column","settings":{"_column_size":12,"_inline_size":null,"space_between_widgets":0,"_inline_size_mobile":50,"_inline_size_tablet":25,"animation":"opal-move-up","animation_duration":"fast","animation_delay":200},"elements":[{"id":"558f8c8","elType":"widget","settings":{"view":"framed","title_text":"BMI","description_text":"","primary_color":"#000000","icon_space":{"unit":"px","size":10,"sizes":[]},"icon_size":{"unit":"px","size":40,"sizes":[]},"border_width":{"unit":"px","top":"2","right":"2","bottom":"2","left":"2","isLinked":true},"title_color":"#000000","title_typography_typography":"custom","title_typography_font_size":{"unit":"px","size":16,"sizes":[]},"title_typography_font_weight":"600","__globals__":{"title_color":"globals\/colors?id=accent","primary_color":"globals\/colors?id=accent","secondary_color":"","hover_secondary_color":"globals\/colors?id=primary","icon_border_color":"","icon_border_color_hover":""},"selected_icon":{"value":"smartic-icon- smartic-icon-bmi","library":"smartic-icon"},"hover_primary_color":"#FFFFFF","hover_secondary_color":"#289C28","icon_border_color":"#999999","icon_border_color_hover":"#289C2800","_margin_tablet":{"unit":"px","top":"0","right":"0","bottom":"40","left":"0","isLinked":false}},"elements":[],"widgetType":"icon-box"}],"isInner":true},{"id":"751b37f","elType":"column","settings":{"_column_size":12,"_inline_size":null,"space_between_widgets":0,"_inline_size_mobile":50,"_inline_size_tablet":25,"animation":"opal-move-up","animation_duration":"fast","animation_delay":250},"elements":[{"id":"5af6cfc","elType":"widget","settings":{"view":"framed","title_text":"Water","description_text":"","primary_color":"#000000","icon_space":{"unit":"px","size":10,"sizes":[]},"icon_size":{"unit":"px","size":40,"sizes":[]},"border_width":{"unit":"px","top":"2","right":"2","bottom":"2","left":"2","isLinked":true},"title_color":"#000000","title_typography_typography":"custom","title_typography_font_size":{"unit":"px","size":16,"sizes":[]},"title_typography_font_weight":"600","__globals__":{"title_color":"globals\/colors?id=accent","primary_color":"globals\/colors?id=accent","secondary_color":"","hover_secondary_color":"globals\/colors?id=primary","icon_border_color":"","icon_border_color_hover":""},"selected_icon":{"value":"smartic-icon- smartic-icon-water-2","library":"smartic-icon"},"hover_primary_color":"#FFFFFF","hover_secondary_color":"#289C28","icon_border_color":"#999999","icon_border_color_hover":"#289C2800","_margin_tablet":{"unit":"px","top":"0","right":"0","bottom":"40","left":"0","isLinked":false}},"elements":[],"widgetType":"icon-box"}],"isInner":true},{"id":"d6521e1","elType":"column","settings":{"_column_size":12,"_inline_size":null,"space_between_widgets":0,"_inline_size_mobile":50,"_inline_size_tablet":25,"animation":"opal-move-up","animation_duration":"fast","animation_delay":300},"elements":[{"id":"686a60d","elType":"widget","settings":{"view":"framed","title_text":"Bone","description_text":"","primary_color":"#000000","icon_space":{"unit":"px","size":10,"sizes":[]},"icon_size":{"unit":"px","size":40,"sizes":[]},"border_width":{"unit":"px","top":"2","right":"2","bottom":"2","left":"2","isLinked":true},"title_color":"#000000","title_typography_typography":"custom","title_typography_font_size":{"unit":"px","size":16,"sizes":[]},"title_typography_font_weight":"600","__globals__":{"title_color":"globals\/colors?id=accent","primary_color":"globals\/colors?id=accent","secondary_color":"","hover_secondary_color":"globals\/colors?id=primary","icon_border_color":"","icon_border_color_hover":""},"selected_icon":{"value":"smartic-icon- smartic-icon-bone","library":"smartic-icon"},"_margin_mobile":{"unit":"px","top":"0","right":"0","bottom":"40","left":"0","isLinked":false},"hover_primary_color":"#FFFFFF","hover_secondary_color":"#289C28","icon_border_color":"#999999","icon_border_color_hover":"#289C2800"},"elements":[],"widgetType":"icon-box"}],"isInner":true},{"id":"8de5b8e","elType":"column","settings":{"_column_size":12,"_inline_size":null,"space_between_widgets":0,"_inline_size_mobile":50,"_inline_size_tablet":25,"animation":"opal-move-up","animation_duration":"fast","animation_delay":350},"elements":[{"id":"b44adf2","elType":"widget","settings":{"view":"framed","title_text":"Body Age","description_text":"","primary_color":"#000000","icon_space":{"unit":"px","size":10,"sizes":[]},"icon_size":{"unit":"px","size":40,"sizes":[]},"border_width":{"unit":"px","top":"2","right":"2","bottom":"2","left":"2","isLinked":true},"title_color":"#000000","title_typography_typography":"custom","title_typography_font_size":{"unit":"px","size":16,"sizes":[]},"title_typography_font_weight":"600","__globals__":{"title_color":"globals\/colors?id=accent","primary_color":"globals\/colors?id=accent","secondary_color":"","hover_secondary_color":"globals\/colors?id=primary","icon_border_color":"","icon_border_color_hover":""},"selected_icon":{"value":"smartic-icon- smartic-icon-age","library":"smartic-icon"},"_margin_mobile":{"unit":"px","top":"0","right":"0","bottom":"40","left":"0","isLinked":false},"hover_primary_color":"#FFFFFF","hover_secondary_color":"#289C28","icon_border_color":"#999999","icon_border_color_hover":"#289C2800"},"elements":[],"widgetType":"icon-box"}],"isInner":true},{"id":"d6d5864","elType":"column","settings":{"_column_size":12,"_inline_size":null,"space_between_widgets":0,"_inline_size_mobile":50,"_inline_size_tablet":25,"animation":"opal-move-up","animation_duration":"fast","animation_delay":400},"elements":[{"id":"7634938","elType":"widget","settings":{"view":"framed","title_text":"Weight","description_text":"","primary_color":"#000000","icon_space":{"unit":"px","size":10,"sizes":[]},"icon_size":{"unit":"px","size":40,"sizes":[]},"border_width":{"unit":"px","top":"2","right":"2","bottom":"2","left":"2","isLinked":true},"title_color":"#000000","title_typography_typography":"custom","title_typography_font_size":{"unit":"px","size":16,"sizes":[]},"title_typography_font_weight":"600","__globals__":{"title_color":"globals\/colors?id=accent","primary_color":"globals\/colors?id=accent","secondary_color":"","hover_secondary_color":"globals\/colors?id=primary","icon_border_color":"","icon_border_color_hover":""},"selected_icon":{"value":"smartic-icon- smartic-icon-protein","library":"smartic-icon"},"hover_primary_color":"#FFFFFF","hover_secondary_color":"#289C28","icon_border_color":"#999999","icon_border_color_hover":"#289C2800"},"elements":[],"widgetType":"icon-box"}],"isInner":true},{"id":"7dcdf94","elType":"column","settings":{"_column_size":12,"_inline_size":null,"space_between_widgets":0,"_inline_size_mobile":50,"_inline_size_tablet":25,"animation":"opal-move-up","animation_duration":"fast","animation_delay":450},"elements":[{"id":"b936083","elType":"widget","settings":{"view":"framed","title_text":"Muscle","description_text":"","primary_color":"#000000","icon_space":{"unit":"px","size":10,"sizes":[]},"icon_size":{"unit":"px","size":40,"sizes":[]},"border_width":{"unit":"px","top":"2","right":"2","bottom":"2","left":"2","isLinked":true},"title_color":"#000000","title_typography_typography":"custom","title_typography_font_size":{"unit":"px","size":16,"sizes":[]},"title_typography_font_weight":"600","__globals__":{"title_color":"globals\/colors?id=accent","primary_color":"globals\/colors?id=accent","secondary_color":"","hover_secondary_color":"globals\/colors?id=primary","icon_border_color":"","icon_border_color_hover":""},"selected_icon":{"value":"smartic-icon- smartic-icon-muscle","library":"smartic-icon"},"hover_primary_color":"#FFFFFF","hover_secondary_color":"#289C28","icon_border_color":"#999999","icon_border_color_hover":"#289C2800"},"elements":[],"widgetType":"icon-box"}],"isInner":true}],"isInner":true},{"id":"e019e7c","elType":"widget","settings":{"image":{"url":"https:\/\/demo2wpopal.b-cdn.net\/smartic\/wp-content\/uploads\/2020\/10\/image3-h5.png","id":1767},"image_size":"full","align":"center","_margin":{"unit":"px","top":"80","right":"0","bottom":"-100","left":"0","isLinked":false},"motion_fx_motion_fx_scrolling":"yes","motion_fx_translateY_effect":"yes","_animation":"opal-scale-up","animation_duration":"fast","hide_mobile":"hidden-phone","motion_fx_translateY_speed":{"unit":"px","size":2,"sizes":[]}},"elements":[],"widgetType":"image"}],"isInner":false}],"isInner":false},{"id":"04bf3d8","elType":"section","settings":{"gap":"no","height":"min-height","custom_height":{"unit":"px","size":720,"sizes":[]},"custom_height_tablet":{"unit":"px","size":600,"sizes":[]},"custom_height_mobile":{"unit":"px","size":500,"sizes":[]},"stretch_section":"section-stretched","structure":"20","background_background":"classic","background_image":{"url":"https:\/\/demo2wpopal.b-cdn.net\/smartic\/wp-content\/uploads\/2020\/10\/bg1-h5.jpg","id":1820},"background_position":"center center","background_position_tablet":"center center","background_position_mobile":"center left","background_repeat":"no-repeat","background_size":"cover","padding":{"unit":"px","top":"0","right":"30","bottom":"0","left":"30","isLinked":false},"padding_mobile":{"unit":"px","top":"0","right":"15","bottom":"0","left":"15","isLinked":false},"background_color":"#F1F1F1","html_tag":"div"},"elements":[{"id":"4d57220","elType":"column","settings":{"_column_size":50,"_inline_size":41.659999999999996589394868351519107818603515625,"space_between_widgets":0},"elements":[{"id":"3990975","elType":"widget","settings":{"title":"Easily track your\n<strong>weight & more<\/strong>","align_mobile":"center","typography_typography":"custom","typography_font_size":{"unit":"px","size":60,"sizes":[]},"typography_font_size_tablet":{"unit":"px","size":36,"sizes":[]},"typography_line_height":{"unit":"px","size":60,"sizes":[]},"typography_line_height_tablet":{"unit":"px","size":40,"sizes":[]},"_margin":{"unit":"px","top":"0","right":"0","bottom":"30","left":"0","isLinked":false},"__globals__":{"title_color":"globals\/colors?id=accent"},"_animation":"opal-move-right","animation_duration":"fast"},"elements":[],"widgetType":"heading"},{"id":"469f6a1","elType":"widget","settings":{"editor":"<p>Track Exercise<\/p>","align_mobile":"center","typography_typography":"custom","typography_font_size":{"unit":"px","size":14,"sizes":[]},"typography_font_weight":"bold","typography_text_transform":"uppercase","__globals__":{"text_color":"globals\/colors?id=f9d4528"},"_animation":"opal-move-right","animation_duration":"fast"},"elements":[],"widgetType":"text-editor"},{"id":"52b063b","elType":"widget","settings":{"editor":"<p>Neque porro quisquam est, qui dolorem ipsum quia dolor sit amet, consectetur adipisci velit, sed quia non numquam eius modi tempora.<\/p>","align_mobile":"center","_margin":{"unit":"px","top":"0","right":"0","bottom":"30","left":"0","isLinked":false},"_animation":"opal-move-right","animation_duration":"fast"},"elements":[],"widgetType":"text-editor"},{"id":"e64258c","elType":"widget","settings":{"editor":"<p>Set Goals<\/p>","align_mobile":"center","typography_typography":"custom","typography_font_size":{"unit":"px","size":14,"sizes":[]},"typography_font_weight":"bold","typography_text_transform":"uppercase","__globals__":{"text_color":"globals\/colors?id=f9d4528"},"_animation":"opal-move-right","animation_duration":"fast"},"elements":[],"widgetType":"text-editor"},{"id":"96d0139","elType":"widget","settings":{"editor":"<p>Vincidunt ut labore et dolore magnam aliquam quaerat voluptatem.<\/p>","align_mobile":"center","_animation":"opal-move-right","animation_duration":"fast"},"elements":[],"widgetType":"text-editor"}],"isInner":false},{"id":"fb5071a","elType":"column","settings":{"_column_size":50,"_inline_size":58.340000000000003410605131648480892181396484375,"space_between_widgets":0},"elements":[],"isInner":false}],"isInner":false},{"id":"d457995","elType":"section","settings":{"gap":"no","height":"min-height","custom_height":{"unit":"px","size":720,"sizes":[]},"custom_height_tablet":{"unit":"px","size":600,"sizes":[]},"custom_height_mobile":{"unit":"px","size":450,"sizes":[]},"stretch_section":"section-stretched","structure":"20","background_background":"classic","background_image":{"url":"https:\/\/demo2wpopal.b-cdn.net\/smartic\/wp-content\/uploads\/2020\/10\/bg2-h5.jpg","id":1821},"background_position":"center center","background_position_tablet":"center center","background_position_mobile":"center right","background_repeat":"no-repeat","background_size":"cover","padding":{"unit":"px","top":"0","right":"30","bottom":"0","left":"30","isLinked":false},"padding_mobile":{"unit":"px","top":"60","right":"15","bottom":"60","left":"15","isLinked":false},"background_color":"#F1F1F1","background_size_mobile":"initial","background_bg_width_mobile":{"unit":"px","size":0,"sizes":[]},"border_width_mobile":{"unit":"px","top":"0","right":"0","bottom":"1","left":"0","isLinked":false},"border_color":"#FFFFFF","html_tag":"div"},"elements":[{"id":"7427553","elType":"column","settings":{"_column_size":50,"_inline_size":66.6700000000000017053025658242404460906982421875,"_inline_size_tablet":50,"space_between_widgets":0},"elements":[],"isInner":false},{"id":"a464703","elType":"column","settings":{"_column_size":50,"_inline_size":33.3299999999999982946974341757595539093017578125,"_inline_size_tablet":50,"align_mobile":"center","space_between_widgets":0},"elements":[{"id":"fc4a451","elType":"widget","settings":{"title":"Set up in\nminutes with\n<strong>smartphone <\/strong>","align_mobile":"center","typography_typography":"custom","typography_font_size":{"unit":"px","size":60,"sizes":[]},"typography_font_size_tablet":{"unit":"px","size":36,"sizes":[]},"typography_line_height":{"unit":"px","size":60,"sizes":[]},"typography_line_height_tablet":{"unit":"px","size":40,"sizes":[]},"_margin":{"unit":"px","top":"0","right":"0","bottom":"30","left":"0","isLinked":false},"__globals__":{"title_color":"globals\/colors?id=accent"},"_animation":"opal-move-left","animation_duration":"fast"},"elements":[],"widgetType":"heading"},{"id":"9a6c1d2","elType":"widget","settings":{"editor":"<p>Lorem ipsum dolor sit amet, consectetur adipisicing elit, sed do eiusmod tempor incididunt ut labore et dolore magna aliqua. Ut enim ad minim veniam, quis nostrud exercitation ullamc<\/p>","align_mobile":"center","_margin":{"unit":"px","top":"0","right":"0","bottom":"50","left":"0","isLinked":false},"_animation":"opal-move-left","animation_duration":"fast"},"elements":[],"widgetType":"text-editor"},{"id":"70f7f86","elType":"widget","settings":{"image":{"url":"https:\/\/demo2wpopal.b-cdn.net\/smartic\/wp-content\/uploads\/2020\/10\/h2_android.jpg","id":748},"image_size":"full","_margin":{"unit":"px","top":"0","right":"10","bottom":"10","left":"0","isLinked":false},"_margin_mobile":{"unit":"px","top":"0","right":"10","bottom":"10","left":"10","isLinked":false},"_element_width":"auto","_animation":"opal-scale-up","animation_duration":"fast","link_to":"custom","link":{"url":"#","is_external":"","nofollow":"","custom_attributes":""},"image_border_radius":{"unit":"px","top":"5","right":"5","bottom":"5","left":"5","isLinked":true}},"elements":[],"widgetType":"image"},{"id":"c85cbc8","elType":"widget","settings":{"image":{"url":"https:\/\/demo2wpopal.b-cdn.net\/smartic\/wp-content\/uploads\/2020\/10\/h2_ios.jpg","id":749},"image_size":"full","_element_width":"auto","_animation":"opal-scale-up","animation_duration":"fast","_animation_delay":200,"link_to":"custom","link":{"url":"#","is_external":"","nofollow":"","custom_attributes":""},"image_border_radius":{"unit":"px","top":"5","right":"5","bottom":"5","left":"5","isLinked":true}},"elements":[],"widgetType":"image"}],"isInner":false}],"isInner":false},{"id":"91b83ed","elType":"section","settings":{"gap":"no","height":"min-height","custom_height":{"unit":"px","size":600,"sizes":[]},"stretch_section":"section-stretched","structure":"20","background_background":"classic","background_image":{"url":"https:\/\/demo2wpopal.b-cdn.net\/smartic\/wp-content\/uploads\/2020\/10\/bg3-h5.jpg","id":1822},"background_position":"center center","background_position_tablet":"center center","background_position_mobile":"center left","background_repeat":"no-repeat","background_size":"cover","padding":{"unit":"px","top":"0","right":"30","bottom":"0","left":"30","isLinked":false},"padding_mobile":{"unit":"px","top":"60","right":"15","bottom":"60","left":"15","isLinked":false},"custom_height_mobile":{"unit":"px","size":450,"sizes":[]},"background_size_mobile":"initial","background_bg_width_mobile":{"unit":"px","size":0,"sizes":[]},"html_tag":"div"},"elements":[{"id":"1966cc5","elType":"column","settings":{"_column_size":50,"_inline_size":41.659999999999996589394868351519107818603515625,"align_mobile":"center","space_between_widgets":0},"elements":[{"id":"94f0643","elType":"widget","settings":{"title":"Up to <strong>8 users<\/strong>","align_mobile":"center","typography_typography":"custom","typography_font_size":{"unit":"px","size":60,"sizes":[]},"typography_font_size_tablet":{"unit":"px","size":36,"sizes":[]},"typography_line_height":{"unit":"px","size":60,"sizes":[]},"typography_line_height_tablet":{"unit":"px","size":40,"sizes":[]},"_margin":{"unit":"px","top":"0","right":"0","bottom":"30","left":"0","isLinked":false},"__globals__":{"title_color":"globals\/colors?id=accent"},"_animation":"opal-move-right","animation_duration":"fast"},"elements":[],"widgetType":"heading"},{"id":"d9393ed","elType":"widget","settings":{"editor":"<p>Ut enim ad minim veniam, quis nostrud exercitation ullamco laboris nisi ut aliquip ex ea commodo consequat.<\/p>","align_mobile":"center","__globals__":{"text_color":"globals\/colors?id=accent"},"_animation":"opal-move-right","animation_duration":"fast"},"elements":[],"widgetType":"text-editor"},{"id":"d01cb79","elType":"widget","settings":{"editor":"<p>Duis aute irure dolor in reprehenderit in voluptate velit esse cillum dolore eu fugiat nulla pariatur.<\/p>","align_mobile":"center","_margin":{"unit":"px","top":"0","right":"0","bottom":"40","left":"0","isLinked":false},"_animation":"opal-move-right","animation_duration":"fast"},"elements":[],"widgetType":"text-editor"},{"id":"253cab7","elType":"widget","settings":{"selected_icon":{"value":"smartic-icon- smartic-icon-age","library":"smartic-icon"},"view":"framed","shape":"square","title_text":"Auto user<br> identification","description_text":"","primary_color":"#FFFFFF","secondary_color":"#289C28","icon_space":{"unit":"px","size":10,"sizes":[]},"icon_size":{"unit":"px","size":40,"sizes":[]},"border_width":{"unit":"px","top":"0","right":"0","bottom":"0","left":"0","isLinked":true},"border_radius":{"unit":"px","top":"5","right":"5","bottom":"5","left":"5","isLinked":true},"text_align":"left","title_color":"#000000","title_typography_typography":"custom","title_typography_font_size":{"unit":"px","size":14,"sizes":[]},"title_typography_font_weight":"normal","title_typography_line_height":{"unit":"px","size":18,"sizes":[]},"_margin":{"unit":"px","top":"0","right":"30","bottom":"0","left":"0","isLinked":false},"_element_width":"auto","__globals__":{"secondary_color":"globals\/colors?id=primary","title_color":""},"hover_animation":"float","_animation":"opal-scale-up","animation_duration":"fast"},"elements":[],"widgetType":"icon-box"},{"id":"3cdc044","elType":"widget","settings":{"selected_icon":{"value":"smartic-icon- smartic-icon-child","library":"smartic-icon"},"view":"framed","shape":"square","title_text":"Child & adult<br> detection","description_text":"","primary_color":"#FFFFFF","secondary_color":"#289C28","icon_space":{"unit":"px","size":10,"sizes":[]},"icon_size":{"unit":"px","size":40,"sizes":[]},"border_width":{"unit":"px","top":"0","right":"0","bottom":"0","left":"0","isLinked":true},"border_radius":{"unit":"px","top":"5","right":"5","bottom":"5","left":"5","isLinked":true},"text_align":"left","title_color":"#000000","title_typography_typography":"custom","title_typography_font_size":{"unit":"px","size":14,"sizes":[]},"title_typography_font_weight":"normal","title_typography_line_height":{"unit":"px","size":18,"sizes":[]},"_element_width":"auto","__globals__":{"secondary_color":"globals\/colors?id=primary","title_color":""},"hover_animation":"float","_animation":"opal-scale-up","animation_duration":"fast","_animation_delay":200},"elements":[],"widgetType":"icon-box"}],"isInner":false},{"id":"a18ff16","elType":"column","settings":{"_column_size":50,"_inline_size":58.340000000000003410605131648480892181396484375,"space_between_widgets":0},"elements":[],"isInner":false}],"isInner":false},{"id":"9b32102","elType":"section","settings":{"layout":"full_width","gap":"no","custom_height":{"unit":"px","size":"","sizes":[]},"stretch_section":"section-stretched","structure":"20","html_tag":"div"},"elements":[{"id":"9ffed03","elType":"column","settings":{"_column_size":50,"_inline_size":null,"space_between_widgets":0,"background_background":"classic","background_image":{"url":"https:\/\/demo2wpopal.b-cdn.net\/smartic\/wp-content\/uploads\/2020\/10\/bg4-h5.jpg","id":1823},"background_position_tablet":"center center","background_repeat":"no-repeat","background_size":"cover"},"elements":[{"id":"8e23011","elType":"widget","settings":{"space_mobile":{"unit":"px","size":400,"sizes":[]}},"elements":[],"widgetType":"spacer"}],"isInner":false},{"id":"918ae49","elType":"column","settings":{"_column_size":50,"_inline_size":null,"align":"center","space_between_widgets":0,"padding":{"unit":"%","top":"15","right":"8","bottom":"15","left":"8","isLinked":false},"padding_mobile":{"unit":"px","top":"60","right":"15","bottom":"60","left":"15","isLinked":false}},"elements":[{"id":"3dcdec7","elType":"widget","settings":{"title":"Built with\n<strong>inner strength<\/strong>","align_mobile":"center","typography_typography":"custom","typography_font_size":{"unit":"px","size":60,"sizes":[]},"typography_font_size_tablet":{"unit":"px","size":36,"sizes":[]},"typography_line_height":{"unit":"px","size":60,"sizes":[]},"typography_line_height_tablet":{"unit":"px","size":40,"sizes":[]},"__globals__":{"title_color":"globals\/colors?id=accent"},"_element_width":"initial","_element_custom_width":{"unit":"px","size":450,"sizes":[]},"_animation":"opal-move-left","animation_duration":"fast"},"elements":[],"widgetType":"heading"},{"id":"2c1d7e3","elType":"widget","settings":{"space":{"unit":"px","size":30,"sizes":[]}},"elements":[],"widgetType":"spacer"},{"id":"d0daa52","elType":"widget","settings":{"editor":"<p>Excepteur sint occaecat cupidatat non proident, sunt in culpa qui officia deserunt mollit anim id est laborum. Sed ut perspiciatis unde omnis<\/p>","_animation":"opal-move-left","animation_duration":"fast","align_mobile":"center","_element_width":"initial","_element_custom_width":{"unit":"px","size":450,"sizes":[]}},"elements":[],"widgetType":"text-editor"},{"id":"dab2d84","elType":"widget","settings":{"space":{"unit":"px","size":30,"sizes":[]}},"elements":[],"widgetType":"spacer"},{"id":"5b7a9fa","elType":"widget","settings":{"icon_list":[{"text":"Visual stunner that takes inspiration from architectur","selected_icon":{"value":"fas fa-check-circle","library":"fa-solid"},"_id":"edde842","link":{"url":"#","is_external":"","nofollow":"","custom_attributes":""}},{"text":"Using strong tempered glass","selected_icon":{"value":"fas fa-check-circle","library":"fa-solid"},"link":{"url":"#","is_external":"","nofollow":"","custom_attributes":""},"_id":"daac156"},{"text":"The polished glass goes through 5 layers of silk printing","selected_icon":{"value":"fas fa-check-circle","library":"fa-solid"},"link":{"url":"#","is_external":"","nofollow":"","custom_attributes":""},"_id":"5fcd0bc"},{"text":"Its refined texture and gleaming surface","selected_icon":{"value":"fas fa-check-circle","library":"fa-solid"},"link":{"url":"#","is_external":"","nofollow":"","custom_attributes":""},"_id":"4ee0193"},{"text":"Perfect complement to any home","selected_icon":{"value":"fas fa-check-circle","library":"fa-solid"},"link":{"url":"#","is_external":"","nofollow":"","custom_attributes":""},"_id":"a791d81"}],"icon_typography_typography":"custom","icon_typography_font_weight":"400","_margin":{"unit":"px","top":"0","right":"0","bottom":"30","left":"0","isLinked":false},"_animation":"opal-move-left","__globals__":{"text_color":"globals\/colors?id=accent"},"animation_duration":"fast","_element_width":"initial","_element_custom_width":{"unit":"px","size":450,"sizes":[]}},"elements":[],"widgetType":"icon-list"}],"isInner":false}],"isInner":false},{"id":"48780a5","elType":"section","settings":{"content_width":{"unit":"px","size":900,"sizes":[]},"gap":"no","stretch_section":"section-stretched","background_background":"classic","padding":{"unit":"px","top":"90","right":"30","bottom":"90","left":"30","isLinked":false},"padding_tablet":{"unit":"px","top":"90","right":"60","bottom":"90","left":"60","isLinked":false},"padding_mobile":{"unit":"px","top":"60","right":"15","bottom":"60","left":"15","isLinked":false},"__globals__":{"background_color":"globals\/colors?id=primary"},"html_tag":"div"},"elements":[{"id":"8abcf55","elType":"column","settings":{"_column_size":100,"_inline_size":null},"elements":[{"id":"b3b3a3a","elType":"widget","settings":{"selected_icon":{"value":"smartic-icon- smartic-icon-quote-1","library":"smartic-icon"},"primary_color":"#FFFFFF","size":{"unit":"px","size":40,"sizes":[]},"_margin":{"unit":"px","top":"0","right":"0","bottom":"20","left":"0","isLinked":false},"_animation":"opal-move-up","animation_duration":"fast"},"elements":[],"widgetType":"icon"},{"id":"cbb2126","elType":"widget","settings":{"title":"Best scale!","align":"center","title_color":"#FFFFFF","typography_typography":"custom","typography_font_size":{"unit":"px","size":30,"sizes":[]},"typography_font_weight":"600","_margin":{"unit":"px","top":"0","right":"0","bottom":"10","left":"0","isLinked":false},"_animation":"opal-move-up","animation_duration":"fast"},"elements":[],"widgetType":"heading"},{"id":"2aa94ca","elType":"widget","settings":{"testimonials":[{"testimonial_content":"\u201cThe multiple data readouts are useful and tracking on i-phone is a boon. My doctor is impressed with the information I can submit on a printout of the serial data.\u201d","testimonial_name":"Tracey L., New York","testimonial_job":"","_id":"d3ac63a"},{"testimonial_content":"\u201cThe multiple data readouts are useful and tracking on i-phone is a boon. My doctor is impressed with the information I can submit on a printout of the serial data.\u201d","testimonial_name":"Tracey L., New York","testimonial_job":"","_id":"41b4f0b"}],"padding_estimonial_wrapper":{"unit":"%","top":"0","right":"10","bottom":"0","left":"10","isLinked":false},"padding_estimonial_wrapper_mobile":{"unit":"px","top":"0","right":"0","bottom":"0","left":"0","isLinked":false},"testimonial_rating_color":"#FFD954","content_content_color":"#FFFFFF","content_typography_typography":"custom","content_typography_font_size":{"unit":"px","size":20,"sizes":[]},"content_typography_line_height":{"unit":"px","size":30,"sizes":[]},"content_margin":{"unit":"px","top":"0","right":"0","bottom":"30","left":"0","isLinked":false},"name_text_color":"#FFFFFF","name_typography_typography":"custom","name_typography_font_size":{"unit":"px","size":14,"sizes":[]},"enable_carousel":"yes","navigation":"arrows","_animation":"opal-move-up","animation_duration":"fast","button_color_normal":"#FFFFFF","button_color":"#FFFFFF","testimonial_rating_position":"top"},"elements":[],"widgetType":"smartic-testimonials"}],"isInner":false}],"isInner":false},{"id":"63ff9c2","elType":"section","settings":{"layout":"full_width","gap":"no","custom_height":{"unit":"px","size":"","sizes":[]},"stretch_section":"section-stretched","structure":"20","margin":{"unit":"px","top":"","right":0,"bottom":"","left":0,"isLinked":true},"html_tag":"div"},"elements":[{"id":"6aa77c8","elType":"column","settings":{"_column_size":50,"_inline_size":null,"align":"center","space_between_widgets":0,"padding":{"unit":"%","top":"5","right":"2","bottom":"5","left":"2","isLinked":false}},"elements":[{"id":"cb66598","elType":"section","settings":{"content_width":{"unit":"px","size":500,"sizes":[]},"gap":"no","html_tag":"div"},"elements":[{"id":"f175818","elType":"column","settings":{"_column_size":100,"_inline_size":null,"space_between_widgets":0},"elements":[{"id":"f1fd1a8","elType":"widget","settings":{"limit":1,"column":"1","column_tablet":"1","categories":["smartic-category"]},"elements":[],"widgetType":"smartic-products"}],"isInner":true}],"isInner":true}],"isInner":false},{"id":"32c9bc0","elType":"column","settings":{"_column_size":50,"_inline_size":null,"space_between_widgets":0,"background_background":"classic","background_image":{"url":"https:\/\/demo2wpopal.b-cdn.net\/smartic\/wp-content\/uploads\/2020\/10\/bg5-h5.jpg","id":1824},"background_repeat":"no-repeat","background_size":"cover"},"elements":[{"id":"1c6d229","elType":"widget","settings":{"space_mobile":{"unit":"px","size":400,"sizes":[]}},"elements":[],"widgetType":"spacer"}],"isInner":false}],"isInner":false},{"id":"30bcf9e","elType":"section","settings":{"content_width":{"unit":"px","size":1320,"sizes":[]},"gap":"no","stretch_section":"section-stretched","structure":"30","background_background":"classic","background_color":"#F7F7F7","margin":{"unit":"px","top":"0","right":0,"bottom":"60","left":0,"isLinked":false},"padding":{"unit":"px","top":"40","right":"30","bottom":"40","left":"30","isLinked":false},"padding_mobile":{"unit":"px","top":"60","right":"15","bottom":"60","left":"15","isLinked":false},"content_position":"middle","margin_tablet":{"unit":"px","top":"0","right":0,"bottom":"40","left":0,"isLinked":false},"html_tag":"div"},"elements":[{"id":"9d358d7","elType":"column","settings":{"_column_size":33,"_inline_size":18.257999999999999118927007657475769519805908203125,"_inline_size_tablet":40,"content_position":"center","space_between_widgets":0,"margin":{"unit":"px","top":"0","right":"15","bottom":"0","left":"15","isLinked":false},"margin_tablet":{"unit":"px","top":"0","right":"0","bottom":"0","left":"0","isLinked":false},"margin_mobile":{"unit":"px","top":"0","right":"0","bottom":"0","left":"0","isLinked":false},"align_tablet":"flex-start"},"elements":[{"id":"8f30784","elType":"widget","settings":{"title":"LET'S STAY IN TOUCH","align_mobile":"center","typography_typography":"custom","typography_font_size":{"unit":"px","size":20,"sizes":[]},"typography_font_weight":"bold","typography_text_transform":"uppercase","typography_line_height":{"unit":"px","size":"","sizes":[]},"_margin_mobile":{"unit":"px","top":"0","right":"0","bottom":"20","left":"0","isLinked":false},"__globals__":{"title_color":"globals\/colors?id=accent"},"align_tablet":"right","_margin":{"unit":"px","top":"0","right":"0","bottom":"0","left":"0","isLinked":false}},"elements":[],"widgetType":"heading"}],"isInner":false},{"id":"807b5b2","elType":"column","settings":{"_column_size":33,"_inline_size":39.8419999999999987494447850622236728668212890625,"_inline_size_tablet":60,"space_between_widgets":0,"margin":{"unit":"px","top":"0","right":"15","bottom":"0","left":"15","isLinked":false},"margin_tablet":{"unit":"px","top":"0","right":"0","bottom":"0","left":"30","isLinked":false},"margin_mobile":{"unit":"px","top":"0","right":"0","bottom":"40","left":"0","isLinked":false},"align_tablet":"flex-start"},"elements":[{"id":"ce18cb8","elType":"widget","settings":{"form_name":"New Form","form_fields":[{"custom_id":"email","field_type":"email","required":"true","field_label":"Email","placeholder":"Enter your email ","width":"66","_id":"9e0d108","width_mobile":"80"}],"show_labels":"","button_width":"33","button_width_mobile":"20","button_align_tablet":"end","button_align_mobile":"end","step_next_label":"Next","step_previous_label":"Previous","button_text":"Subscribe","email_to":"admin@admin.com","email_subject":"New message from \"Smartic\"","email_content":"[all-fields]","email_from":"email@dev.wpopal.com","email_from_name":"Smartic","email_to_2":"admin@admin.com","email_subject_2":"New message from \"Smartic\"","email_content_2":"[all-fields]","email_from_2":"email@dev.wpopal.com","email_from_name_2":"Smartic","email_reply_to_2":"admin@admin.com","mailchimp_fields_map":[],"drip_fields_map":[],"activecampaign_fields_map":[],"getresponse_fields_map":[],"convertkit_fields_map":[],"mailerlite_fields_map":[],"success_message":"The form was sent successfully.","error_message":"An error occurred.","required_field_message":"This field is required.","invalid_message":"There's something wrong. The form is invalid.","field_typography_typography":"custom","field_typography_font_size":{"unit":"px","size":14,"sizes":[]},"field_background_color":"#FFFFFF00","field_border_width":{"unit":"px","top":"0","right":"0","bottom":"0","left":"0","isLinked":true},"field_text_padding":{"unit":"px","top":"0","right":"0","bottom":"0","left":"25","isLinked":false},"button_typography_typography":"custom","button_typography_font_size":{"unit":"px","size":14,"sizes":[]},"button_text_padding":{"unit":"px","top":"15","right":"20","bottom":"15","left":"20","isLinked":false},"_padding":{"unit":"px","top":"3","right":"3","bottom":"3","left":"3","isLinked":true},"_background_background":"classic","_background_color":"#FFFFFF","_border_radius":{"unit":"px","top":"5","right":"5","bottom":"5","left":"5","isLinked":true},"__globals__":{"field_text_color":"globals\/colors?id=accent","button_background_color":"globals\/colors?id=primary"},"_element_width_tablet":"initial","_element_custom_width_tablet":{"unit":"%","size":80,"sizes":[]},"_element_width_mobile":"inherit"},"elements":[],"widgetType":"form"}],"isInner":false},{"id":"8de98f8","elType":"column","settings":{"_column_size":33,"_inline_size":41.56400000000000005684341886080801486968994140625,"_inline_size_tablet":100,"content_position":"center","align_mobile":"center","space_between_widgets":0,"margin":{"unit":"px","top":"0","right":"15","bottom":"0","left":"15","isLinked":false},"margin_tablet":{"unit":"px","top":"30","right":"0","bottom":"0","left":"0","isLinked":false},"margin_mobile":{"unit":"px","top":"0","right":"0","bottom":"0","left":"0","isLinked":false},"padding":{"unit":"px","top":"0","right":"0","bottom":"0","left":"85","isLinked":false},"padding_tablet":{"unit":"px","top":"0","right":"0","bottom":"0","left":"0","isLinked":false},"align_tablet":"center","content_position_mobile":"center"},"elements":[{"id":"390234f","elType":"widget","settings":{"title":"follow us","typography_typography":"custom","typography_font_size":{"unit":"px","size":20,"sizes":[]},"typography_font_weight":"bold","typography_text_transform":"uppercase","_margin_mobile":{"unit":"px","top":"0","right":"0","bottom":"15","left":"0","isLinked":false},"_padding":{"unit":"px","top":"5","right":"25","bottom":"5","left":"0","isLinked":false},"_element_width":"auto","__globals__":{"title_color":"globals\/colors?id=accent"},"align_mobile":"center","_padding_mobile":{"unit":"px","top":"0","right":"0","bottom":"0","left":"0","isLinked":false},"_element_width_mobile":"inherit"},"elements":[],"widgetType":"heading"},{"id":"d308ccc","elType":"widget","settings":{"social_icon_list":[{"social_icon":{"value":"fab fa-facebook","library":"fa-brands"},"_id":"8b9bba8","link":{"url":"#","is_external":"true","nofollow":"","custom_attributes":""}},{"social_icon":{"value":"fab fa-twitter","library":"fa-brands"},"_id":"0de354e","link":{"url":"#","is_external":"true","nofollow":"","custom_attributes":""}},{"social_icon":{"value":"fab fa-youtube","library":"fa-brands"},"_id":"5da597b","link":{"url":"#","is_external":"true","nofollow":"","custom_attributes":""}},{"_id":"afb6872","link":{"url":"#","is_external":"true","nofollow":"","custom_attributes":""}}],"shape":"circle","columns":"4","icon_color":"custom","icon_primary_color":"#D2D2D2","icon_spacing":{"unit":"px","size":10,"sizes":[]},"_element_width":"auto","__globals__":{"hover_primary_color":"globals\/colors?id=primary"},"_padding":{"unit":"px","top":"5","right":"0","bottom":"5","left":"0","isLinked":false},"_element_width_mobile":"inherit"},"elements":[],"widgetType":"social-icons"}],"isInner":false}],"isInner":false}]]]></wp:meta_value>
  </wp:postmeta>
  <wp:postmeta>
    <wp:meta_key>_yoast_wpseo_content_score</wp:meta_key>
    <wp:meta_value><![CDATA[60]]></wp:meta_value>
  </wp:postmeta>
  <wp:postmeta>
    <wp:meta_key>_elementor_controls_usage</wp:meta_key>
    <wp:meta_value><![CDATA[a:14:{s:7:"heading";a:3:{s:5:"count";i:10;s:15:"control_percent";i:4;s:8:"controls";a:3:{s:7:"content";a:1:{s:13:"section_title";a:4:{s:5:"title";i:10;s:12:"align_mobile";i:9;s:5:"align";i:2;s:12:"align_tablet";i:1;}}s:5:"style";a:1:{s:19:"section_title_style";a:10:{s:11:"title_color";i:2;s:21:"typography_typography";i:10;s:20:"typography_font_size";i:10;s:27:"typography_font_size_mobile";i:1;s:22:"typography_font_weight";i:4;s:22:"typography_line_height";i:8;s:29:"typography_line_height_mobile";i:1;s:27:"typography_font_size_tablet";i:6;s:29:"typography_line_height_tablet";i:6;s:25:"typography_text_transform";i:2;}}s:8:"advanced";a:3:{s:14:"_section_style";a:4:{s:7:"_margin";i:8;s:14:"_margin_mobile";i:2;s:8:"_padding";i:1;s:15:"_padding_mobile";i:1;}s:15:"section_effects";a:2:{s:10:"_animation";i:8;s:18:"animation_duration";i:7;}s:17:"_section_position";a:3:{s:14:"_element_width";i:3;s:21:"_element_custom_width";i:2;s:21:"_element_width_mobile";i:1;}}}}s:6:"button";a:3:{s:5:"count";i:1;s:15:"control_percent";i:1;s:8:"controls";a:2:{s:7:"content";a:1:{s:14:"section_button";a:2:{s:4:"text";i:1;s:12:"align_mobile";i:1;}}s:8:"advanced";a:1:{s:15:"section_effects";a:2:{s:10:"_animation";i:1;s:16:"_animation_delay";i:1;}}}}s:6:"column";a:3:{s:5:"count";i:31;s:15:"control_percent";i:3;s:8:"controls";a:3:{s:6:"layout";a:1:{s:6:"layout";a:9:{s:12:"_inline_size";i:31;s:21:"space_between_widgets";i:28;s:19:"_inline_size_mobile";i:8;s:19:"_inline_size_tablet";i:13;s:5:"align";i:3;s:12:"align_mobile";i:3;s:16:"content_position";i:2;s:12:"align_tablet";i:3;s:23:"content_position_mobile";i:1;}}s:5:"style";a:1:{s:13:"section_style";a:5:{s:21:"background_background";i:5;s:16:"background_image";i:3;s:26:"background_position_tablet";i:2;s:17:"background_repeat";i:2;s:15:"background_size";i:2;}}s:8:"advanced";a:3:{s:19:"_section_responsive";a:1:{s:11:"hide_mobile";i:1;}s:16:"section_advanced";a:6:{s:7:"padding";i:4;s:14:"padding_tablet";i:2;s:14:"padding_mobile";i:2;s:6:"margin";i:3;s:13:"margin_tablet";i:3;s:13:"margin_mobile";i:3;}s:15:"section_effects";a:3:{s:9:"animation";i:8;s:18:"animation_duration";i:8;s:15:"animation_delay";i:7;}}}}s:7:"section";a:3:{s:5:"count";i:14;s:15:"control_percent";i:3;s:8:"controls";a:3:{s:6:"layout";a:2:{s:14:"section_layout";a:14:{s:3:"gap";i:14;s:6:"height";i:4;s:13:"custom_height";i:6;s:20:"custom_height_mobile";i:4;s:15:"stretch_section";i:10;s:6:"layout";i:4;s:12:"height_inner";i:2;s:19:"custom_height_inner";i:2;s:26:"custom_height_inner_tablet";i:2;s:26:"custom_height_inner_mobile";i:1;s:16:"content_position";i:3;s:13:"content_width";i:4;s:8:"overflow";i:1;s:20:"custom_height_tablet";i:2;}s:17:"section_structure";a:1:{s:9:"structure";i:9;}}s:5:"style";a:3:{s:18:"section_background";a:15:{s:21:"background_background";i:7;s:16:"background_image";i:4;s:17:"background_repeat";i:4;s:40:"background_motion_fx_motion_fx_scrolling";i:1;s:38:"background_motion_fx_translateY_effect";i:1;s:37:"background_motion_fx_translateY_speed";i:1;s:28:"background_motion_fx_devices";i:1;s:38:"background_motion_fx_mouseTrack_effect";i:1;s:16:"background_color";i:4;s:19:"background_position";i:3;s:26:"background_position_tablet";i:3;s:26:"background_position_mobile";i:3;s:15:"background_size";i:3;s:22:"background_size_mobile";i:2;s:26:"background_bg_width_mobile";i:2;}s:26:"section_background_overlay";a:5:{s:29:"background_overlay_background";i:1;s:24:"background_overlay_color";i:1;s:25:"background_overlay_repeat";i:1;s:23:"background_overlay_size";i:1;s:26:"background_overlay_opacity";i:1;}s:14:"section_border";a:2:{s:19:"border_width_mobile";i:1;s:12:"border_color";i:1;}}s:8:"advanced";a:2:{s:16:"section_advanced";a:7:{s:6:"margin";i:5;s:7:"padding";i:8;s:14:"padding_mobile";i:8;s:13:"margin_tablet";i:2;s:13:"margin_mobile";i:1;s:7:"z_index";i:1;s:14:"padding_tablet";i:1;}s:19:"_section_responsive";a:1:{s:11:"hide_mobile";i:1;}}}}s:5:"image";a:3:{s:5:"count";i:4;s:15:"control_percent";i:3;s:8:"controls";a:3:{s:7:"content";a:1:{s:13:"section_image";a:6:{s:5:"image";i:4;s:10:"image_size";i:4;s:12:"align_mobile";i:1;s:5:"align";i:1;s:7:"link_to";i:2;s:4:"link";i:2;}}s:8:"advanced";a:4:{s:15:"section_effects";a:6:{s:10:"_animation";i:4;s:29:"motion_fx_motion_fx_scrolling";i:1;s:27:"motion_fx_translateY_effect";i:1;s:18:"animation_duration";i:3;s:26:"motion_fx_translateY_speed";i:1;s:16:"_animation_delay";i:1;}s:14:"_section_style";a:2:{s:7:"_margin";i:2;s:14:"_margin_mobile";i:1;}s:19:"_section_responsive";a:1:{s:11:"hide_mobile";i:1;}s:17:"_section_position";a:1:{s:14:"_element_width";i:2;}}s:5:"style";a:1:{s:19:"section_style_image";a:1:{s:19:"image_border_radius";i:2;}}}}s:11:"text-editor";a:3:{s:5:"count";i:10;s:15:"control_percent";i:2;s:8:"controls";a:3:{s:7:"content";a:1:{s:14:"section_editor";a:1:{s:6:"editor";i:10;}}s:5:"style";a:1:{s:13:"section_style";a:6:{s:12:"align_mobile";i:9;s:5:"align";i:1;s:21:"typography_typography";i:2;s:20:"typography_font_size";i:2;s:22:"typography_font_weight";i:2;s:25:"typography_text_transform";i:2;}}s:8:"advanced";a:3:{s:15:"section_effects";a:2:{s:10:"_animation";i:10;s:18:"animation_duration";i:10;}s:14:"_section_style";a:1:{s:7:"_margin";i:4;}s:17:"_section_position";a:3:{s:14:"_element_width";i:2;s:21:"_element_custom_width";i:2;s:21:"_element_width_mobile";i:1;}}}}s:8:"icon-box";a:3:{s:5:"count";i:10;s:15:"control_percent";i:7;s:8:"controls";a:3:{s:7:"content";a:1:{s:12:"section_icon";a:5:{s:4:"view";i:10;s:10:"title_text";i:10;s:16:"description_text";i:10;s:13:"selected_icon";i:10;s:5:"shape";i:2;}}s:5:"style";a:2:{s:18:"section_style_icon";a:9:{s:13:"primary_color";i:10;s:10:"icon_space";i:10;s:9:"icon_size";i:10;s:12:"border_width";i:10;s:19:"hover_primary_color";i:8;s:21:"hover_secondary_color";i:8;s:15:"secondary_color";i:2;s:13:"border_radius";i:2;s:15:"hover_animation";i:2;}s:21:"section_style_content";a:6:{s:11:"title_color";i:10;s:27:"title_typography_typography";i:10;s:26:"title_typography_font_size";i:10;s:28:"title_typography_font_weight";i:10;s:10:"text_align";i:2;s:28:"title_typography_line_height";i:2;}}s:8:"advanced";a:3:{s:14:"_section_style";a:3:{s:14:"_margin_tablet";i:4;s:14:"_margin_mobile";i:2;s:7:"_margin";i:1;}s:17:"_section_position";a:1:{s:14:"_element_width";i:2;}s:15:"section_effects";a:3:{s:10:"_animation";i:2;s:18:"animation_duration";i:2;s:16:"_animation_delay";i:1;}}}}s:6:"spacer";a:3:{s:5:"count";i:4;s:15:"control_percent";i:0;s:8:"controls";a:1:{s:7:"content";a:1:{s:14:"section_spacer";a:2:{s:12:"space_mobile";i:2;s:5:"space";i:2;}}}}s:9:"icon-list";a:3:{s:5:"count";i:1;s:15:"control_percent";i:3;s:8:"controls";a:3:{s:7:"content";a:1:{s:12:"section_icon";a:1:{s:9:"icon_list";i:1;}}s:5:"style";a:1:{s:18:"section_text_style";a:2:{s:26:"icon_typography_typography";i:1;s:27:"icon_typography_font_weight";i:1;}}s:8:"advanced";a:3:{s:14:"_section_style";a:1:{s:7:"_margin";i:1;}s:15:"section_effects";a:2:{s:10:"_animation";i:1;s:18:"animation_duration";i:1;}s:17:"_section_position";a:2:{s:14:"_element_width";i:1;s:21:"_element_custom_width";i:1;}}}}s:4:"icon";a:3:{s:5:"count";i:1;s:15:"control_percent";i:2;s:8:"controls";a:3:{s:7:"content";a:1:{s:12:"section_icon";a:1:{s:13:"selected_icon";i:1;}}s:5:"style";a:1:{s:18:"section_style_icon";a:2:{s:13:"primary_color";i:1;s:4:"size";i:1;}}s:8:"advanced";a:2:{s:14:"_section_style";a:1:{s:7:"_margin";i:1;}s:15:"section_effects";a:2:{s:10:"_animation";i:1;s:18:"animation_duration";i:1;}}}}s:20:"smartic-testimonials";a:3:{s:5:"count";i:1;s:15:"control_percent";i:4;s:8:"controls";a:3:{s:7:"content";a:2:{s:19:"section_testimonial";a:1:{s:12:"testimonials";i:1;}s:24:"section_carousel_options";a:2:{s:15:"enable_carousel";i:1;s:10:"navigation";i:1;}}s:5:"style";a:4:{s:33:"section_style_testimonial_wrapper";a:2:{s:26:"padding_estimonial_wrapper";i:1;s:33:"padding_estimonial_wrapper_mobile";i:1;}s:32:"section_style_testimonial_rating";a:2:{s:24:"testimonial_rating_color";i:1;s:27:"testimonial_rating_position";i:1;}s:31:"section_style_testimonial_style";a:5:{s:21:"content_content_color";i:1;s:29:"content_typography_typography";i:1;s:28:"content_typography_font_size";i:1;s:30:"content_typography_line_height";i:1;s:14:"content_margin";i:1;}s:30:"section_style_testimonial_name";a:3:{s:15:"name_text_color";i:1;s:26:"name_typography_typography";i:1;s:25:"name_typography_font_size";i:1;}}s:8:"advanced";a:1:{s:15:"section_effects";a:2:{s:10:"_animation";i:1;s:18:"animation_duration";i:1;}}}}s:16:"smartic-products";a:3:{s:5:"count";i:1;s:15:"control_percent";i:1;s:8:"controls";a:1:{s:7:"content";a:1:{s:15:"section_setting";a:4:{s:5:"limit";i:1;s:6:"column";i:1;s:10:"id_product";i:1;s:13:"column_tablet";i:1;}}}}s:4:"form";a:3:{s:5:"count";i:1;s:15:"control_percent";i:4;s:8:"controls";a:3:{s:7:"content";a:5:{s:19:"section_form_fields";a:2:{s:11:"form_fields";i:1;s:11:"show_labels";i:1;}s:15:"section_buttons";a:5:{s:12:"button_width";i:1;s:19:"button_width_mobile";i:1;s:19:"button_align_tablet";i:1;s:19:"button_align_mobile";i:1;s:11:"button_text";i:1;}s:13:"section_email";a:1:{s:13:"email_subject";i:1;}s:15:"section_email_2";a:1:{s:15:"email_subject_2";i:1;}s:20:"section_form_options";a:1:{s:15:"invalid_message";i:1;}}s:5:"style";a:2:{s:19:"section_field_style";a:5:{s:27:"field_typography_typography";i:1;s:26:"field_typography_font_size";i:1;s:22:"field_background_color";i:1;s:18:"field_border_width";i:1;s:18:"field_text_padding";i:1;}s:20:"section_button_style";a:3:{s:28:"button_typography_typography";i:1;s:27:"button_typography_font_size";i:1;s:19:"button_text_padding";i:1;}}s:8:"advanced";a:4:{s:14:"_section_style";a:1:{s:8:"_padding";i:1;}s:19:"_section_background";a:2:{s:22:"_background_background";i:1;s:17:"_background_color";i:1;}s:15:"_section_border";a:1:{s:14:"_border_radius";i:1;}s:17:"_section_position";a:3:{s:21:"_element_width_tablet";i:1;s:28:"_element_custom_width_tablet";i:1;s:21:"_element_width_mobile";i:1;}}}}s:12:"social-icons";a:3:{s:5:"count";i:1;s:15:"control_percent";i:3;s:8:"controls";a:3:{s:7:"content";a:1:{s:19:"section_social_icon";a:3:{s:16:"social_icon_list";i:1;s:5:"shape";i:1;s:7:"columns";i:1;}}s:5:"style";a:1:{s:20:"section_social_style";a:3:{s:10:"icon_color";i:1;s:18:"icon_primary_color";i:1;s:12:"icon_spacing";i:1;}}s:8:"advanced";a:2:{s:17:"_section_position";a:2:{s:14:"_element_width";i:1;s:21:"_element_width_mobile";i:1;}s:14:"_section_style";a:1:{s:8:"_padding";i:1;}}}}}]]></wp:meta_value>
  </wp:postmeta>
  <wp:postmeta>
    <wp:meta_key>_elementor_page_assets</wp:meta_key>
    <wp:meta_value><![CDATA[a:1:{s:6:"styles";a:38:{i:0;s:12:"e-animations";i:1;s:12:"e-animations";i:2;s:12:"e-animations";i:3;s:12:"e-animations";i:4;s:12:"e-animations";i:5;s:12:"e-animations";i:6;s:12:"e-animations";i:7;s:12:"e-animations";i:8;s:12:"e-animations";i:9;s:12:"e-animations";i:10;s:12:"e-animations";i:11;s:12:"e-animations";i:12;s:12:"e-animations";i:13;s:12:"e-animations";i:14;s:12:"e-animations";i:15;s:12:"e-animations";i:16;s:12:"e-animations";i:17;s:12:"e-animations";i:18;s:12:"e-animations";i:19;s:12:"e-animations";i:20;s:12:"e-animations";i:21;s:12:"e-animations";i:22;s:12:"e-animations";i:23;s:12:"e-animations";i:24;s:12:"e-animations";i:25;s:12:"e-animations";i:26;s:12:"e-animations";i:27;s:12:"e-animations";i:28;s:12:"e-animations";i:29;s:12:"e-animations";i:30;s:12:"e-animations";i:31;s:12:"e-animations";i:32;s:12:"e-animations";i:33;s:12:"e-animations";i:34;s:12:"e-animations";i:35;s:12:"e-animations";i:36;s:12:"e-animations";i:37;s:12:"e-animations";}}]]></wp:meta_value>
  </wp:postmeta>
</item>
<item>
  <title><![CDATA[image2_h5]]></title>
  <link>https://demo2wpopal.b-cdn.net/smartic/home-5/image2_h5/</link>
  <pubDate>Thu, 22 Oct 2020 09:24:44 +0000</pubDate>
  <dc:creator>admin</dc:creator>
  <guid isPermaLink="false">https://demo2wpopal.b-cdn.net/smartic/wp-content/uploads/2020/10/image2_h5.jpg</guid>
  <description/>
  <content:encoded><![CDATA[]]></content:encoded>
  <excerpt:encoded><![CDATA[]]></excerpt:encoded>
  <wp:post_id>1685</wp:post_id>
  <wp:post_date>2020-10-22 09:24:44</wp:post_date>
  <wp:post_date_gmt>2020-10-22 09:24:44</wp:post_date_gmt>
  <wp:post_modified>2020-10-22 09:24:44</wp:post_modified>
  <wp:post_modified_gmt>2020-10-22 09:24:44</wp:post_modified_gmt>
  <wp:comment_status>open</wp:comment_status>
  <wp:ping_status>closed</wp:ping_status>
  <wp:post_name>image2_h5</wp:post_name>
  <wp:status>inherit</wp:status>
  <wp:post_parent>1068</wp:post_parent>
  <wp:menu_order>0</wp:menu_order>
  <wp:post_type>attachment</wp:post_type>
  <wp:post_password/>
  <wp:is_sticky>0</wp:is_sticky>
  <wp:attachment_url>https://demo2wpopal.b-cdn.net/smartic/wp-content/uploads/2020/10/image2_h5.jpg</wp:attachment_url>
  <wp:postmeta>
    <wp:meta_key>_wp_attached_file</wp:meta_key>
    <wp:meta_value><![CDATA[2020/10/image2_h5.jpg]]></wp:meta_value>
  </wp:postmeta>
  <wp:postmeta>
    <wp:meta_key>_wp_attachment_metadata</wp:meta_key>
    <wp:meta_value><![CDATA[a:6:{s:5:"width";i:960;s:6:"height";i:720;s:4:"file";s:21:"2020/10/image2_h5.jpg";s:8:"filesize";i:123407;s:5:"sizes";a:10:{s:6:"medium";a:5:{s:4:"file";s:21:"image2_h5-300x225.jpg";s:5:"width";i:300;s:6:"height";i:225;s:9:"mime-type";s:10:"image/jpeg";s:8:"filesize";i:13650;}s:9:"thumbnail";a:5:{s:4:"file";s:21:"image2_h5-150x150.jpg";s:5:"width";i:150;s:6:"height";i:150;s:9:"mime-type";s:10:"image/jpeg";s:8:"filesize";i:6177;}s:12:"medium_large";a:5:{s:4:"file";s:21:"image2_h5-768x576.jpg";s:5:"width";i:768;s:6:"height";i:576;s:9:"mime-type";s:10:"image/jpeg";s:8:"filesize";i:53997;}s:14:"post-thumbnail";a:5:{s:4:"file";s:21:"image2_h5-960x565.jpg";s:5:"width";i:960;s:6:"height";i:565;s:9:"mime-type";s:10:"image/jpeg";s:8:"filesize";i:67239;}s:17:"smartic-post-grid";a:5:{s:4:"file";s:21:"image2_h5-500x330.jpg";s:5:"width";i:500;s:6:"height";i:330;s:9:"mime-type";s:10:"image/jpeg";s:8:"filesize";i:26800;}s:21:"woocommerce_thumbnail";a:6:{s:4:"file";s:21:"image2_h5-500x375.jpg";s:5:"width";i:500;s:6:"height";i:375;s:9:"mime-type";s:10:"image/jpeg";s:8:"filesize";i:28924;s:9:"uncropped";b:1;}s:18:"woocommerce_single";a:5:{s:4:"file";s:21:"image2_h5-800x600.jpg";s:5:"width";i:800;s:6:"height";i:600;s:9:"mime-type";s:10:"image/jpeg";s:8:"filesize";i:57798;}s:29:"woocommerce_gallery_thumbnail";a:5:{s:4:"file";s:21:"image2_h5-100x100.jpg";s:5:"width";i:100;s:6:"height";i:100;s:9:"mime-type";s:10:"image/jpeg";s:8:"filesize";i:3659;}s:29:"variation_swatches_image_size";a:5:{s:4:"file";s:19:"image2_h5-50x50.jpg";s:5:"width";i:50;s:6:"height";i:50;s:9:"mime-type";s:10:"image/jpeg";s:8:"filesize";i:1668;}s:31:"variation_swatches_tooltip_size";a:5:{s:4:"file";s:21:"image2_h5-100x100.jpg";s:5:"width";i:100;s:6:"height";i:100;s:9:"mime-type";s:10:"image/jpeg";s:8:"filesize";i:3659;}}s:10:"image_meta";a:12:{s:8:"aperture";s:1:"0";s:6:"credit";s:0:"";s:6:"camera";s:0:"";s:7:"caption";s:0:"";s:17:"created_timestamp";s:1:"0";s:9:"copyright";s:0:"";s:12:"focal_length";s:1:"0";s:3:"iso";s:1:"0";s:13:"shutter_speed";s:1:"0";s:5:"title";s:0:"";s:11:"orientation";s:1:"0";s:8:"keywords";a:0:{}}}]]></wp:meta_value>
  </wp:postmeta>
  <wp:postmeta>
    <wp:meta_key>_wp_attachment_image_alt</wp:meta_key>
    <wp:meta_value><![CDATA[Smartic]]></wp:meta_value>
  </wp:postmeta>
</item>
<item>
  <title><![CDATA[image1-h5]]></title>
  <link>https://demo2wpopal.b-cdn.net/smartic/home-5/image1-h5/</link>
  <pubDate>Thu, 22 Oct 2020 09:26:42 +0000</pubDate>
  <dc:creator>admin</dc:creator>
  <guid isPermaLink="false">https://demo2wpopal.b-cdn.net/smartic/wp-content/uploads/2020/10/image1-h5.png</guid>
  <description/>
  <content:encoded><![CDATA[]]></content:encoded>
  <excerpt:encoded><![CDATA[]]></excerpt:encoded>
  <wp:post_id>1690</wp:post_id>
  <wp:post_date>2020-10-22 09:26:42</wp:post_date>
  <wp:post_date_gmt>2020-10-22 09:26:42</wp:post_date_gmt>
  <wp:post_modified>2020-10-22 09:26:42</wp:post_modified>
  <wp:post_modified_gmt>2020-10-22 09:26:42</wp:post_modified_gmt>
  <wp:comment_status>open</wp:comment_status>
  <wp:ping_status>closed</wp:ping_status>
  <wp:post_name>image1-h5</wp:post_name>
  <wp:status>inherit</wp:status>
  <wp:post_parent>1068</wp:post_parent>
  <wp:menu_order>0</wp:menu_order>
  <wp:post_type>attachment</wp:post_type>
  <wp:post_password/>
  <wp:is_sticky>0</wp:is_sticky>
  <wp:attachment_url>https://demo2wpopal.b-cdn.net/smartic/wp-content/uploads/2020/10/image1-h5.png</wp:attachment_url>
  <wp:postmeta>
    <wp:meta_key>_wp_attached_file</wp:meta_key>
    <wp:meta_value><![CDATA[2020/10/image1-h5.png]]></wp:meta_value>
  </wp:postmeta>
  <wp:postmeta>
    <wp:meta_key>_wp_attachment_metadata</wp:meta_key>
    <wp:meta_value><![CDATA[a:6:{s:5:"width";i:403;s:6:"height";i:440;s:4:"file";s:21:"2020/10/image1-h5.png";s:8:"filesize";i:64484;s:5:"sizes";a:6:{s:6:"medium";a:5:{s:4:"file";s:21:"image1-h5-275x300.png";s:5:"width";i:275;s:6:"height";i:300;s:9:"mime-type";s:9:"image/png";s:8:"filesize";i:42472;}s:9:"thumbnail";a:5:{s:4:"file";s:21:"image1-h5-150x150.png";s:5:"width";i:150;s:6:"height";i:150;s:9:"mime-type";s:9:"image/png";s:8:"filesize";i:15891;}s:17:"smartic-post-grid";a:5:{s:4:"file";s:21:"image1-h5-403x330.png";s:5:"width";i:403;s:6:"height";i:330;s:9:"mime-type";s:9:"image/png";s:8:"filesize";i:43858;}s:29:"woocommerce_gallery_thumbnail";a:5:{s:4:"file";s:21:"image1-h5-100x100.png";s:5:"width";i:100;s:6:"height";i:100;s:9:"mime-type";s:9:"image/png";s:8:"filesize";i:8844;}s:29:"variation_swatches_image_size";a:5:{s:4:"file";s:19:"image1-h5-50x50.png";s:5:"width";i:50;s:6:"height";i:50;s:9:"mime-type";s:9:"image/png";s:8:"filesize";i:3176;}s:31:"variation_swatches_tooltip_size";a:5:{s:4:"file";s:21:"image1-h5-100x100.png";s:5:"width";i:100;s:6:"height";i:100;s:9:"mime-type";s:9:"image/png";s:8:"filesize";i:8844;}}s:10:"image_meta";a:12:{s:8:"aperture";s:1:"0";s:6:"credit";s:0:"";s:6:"camera";s:0:"";s:7:"caption";s:0:"";s:17:"created_timestamp";s:1:"0";s:9:"copyright";s:0:"";s:12:"focal_length";s:1:"0";s:3:"iso";s:1:"0";s:13:"shutter_speed";s:1:"0";s:5:"title";s:0:"";s:11:"orientation";s:1:"0";s:8:"keywords";a:0:{}}}]]></wp:meta_value>
  </wp:postmeta>
  <wp:postmeta>
    <wp:meta_key>_wp_attachment_image_alt</wp:meta_key>
    <wp:meta_value><![CDATA[Smartic]]></wp:meta_value>
  </wp:postmeta>
</item>
<item>
  <title><![CDATA[image3-h5]]></title>
  <link>https://demo2wpopal.b-cdn.net/smartic/home-5/image3-h5/</link>
  <pubDate>Thu, 22 Oct 2020 10:11:06 +0000</pubDate>
  <dc:creator>admin</dc:creator>
  <guid isPermaLink="false">https://demo2wpopal.b-cdn.net/smartic/wp-content/uploads/2020/10/image3-h5.png</guid>
  <description/>
  <content:encoded><![CDATA[]]></content:encoded>
  <excerpt:encoded><![CDATA[]]></excerpt:encoded>
  <wp:post_id>1767</wp:post_id>
  <wp:post_date>2020-10-22 10:11:06</wp:post_date>
  <wp:post_date_gmt>2020-10-22 10:11:06</wp:post_date_gmt>
  <wp:post_modified>2020-10-22 10:11:06</wp:post_modified>
  <wp:post_modified_gmt>2020-10-22 10:11:06</wp:post_modified_gmt>
  <wp:comment_status>open</wp:comment_status>
  <wp:ping_status>closed</wp:ping_status>
  <wp:post_name>image3-h5</wp:post_name>
  <wp:status>inherit</wp:status>
  <wp:post_parent>1068</wp:post_parent>
  <wp:menu_order>0</wp:menu_order>
  <wp:post_type>attachment</wp:post_type>
  <wp:post_password/>
  <wp:is_sticky>0</wp:is_sticky>
  <wp:attachment_url>https://demo2wpopal.b-cdn.net/smartic/wp-content/uploads/2020/10/image3-h5.png</wp:attachment_url>
  <wp:postmeta>
    <wp:meta_key>_wp_attached_file</wp:meta_key>
    <wp:meta_value><![CDATA[2020/10/image3-h5.png]]></wp:meta_value>
  </wp:postmeta>
  <wp:postmeta>
    <wp:meta_key>_wp_attachment_metadata</wp:meta_key>
    <wp:meta_value><![CDATA[a:6:{s:5:"width";i:896;s:6:"height";i:435;s:4:"file";s:21:"2020/10/image3-h5.png";s:8:"filesize";i:111569;s:5:"sizes";a:9:{s:6:"medium";a:5:{s:4:"file";s:21:"image3-h5-300x146.png";s:5:"width";i:300;s:6:"height";i:146;s:9:"mime-type";s:9:"image/png";s:8:"filesize";i:29409;}s:9:"thumbnail";a:5:{s:4:"file";s:21:"image3-h5-150x150.png";s:5:"width";i:150;s:6:"height";i:150;s:9:"mime-type";s:9:"image/png";s:8:"filesize";i:15249;}s:12:"medium_large";a:5:{s:4:"file";s:21:"image3-h5-768x373.png";s:5:"width";i:768;s:6:"height";i:373;s:9:"mime-type";s:9:"image/png";s:8:"filesize";i:100687;}s:17:"smartic-post-grid";a:5:{s:4:"file";s:21:"image3-h5-500x330.png";s:5:"width";i:500;s:6:"height";i:330;s:9:"mime-type";s:9:"image/png";s:8:"filesize";i:60996;}s:21:"woocommerce_thumbnail";a:6:{s:4:"file";s:21:"image3-h5-500x243.png";s:5:"width";i:500;s:6:"height";i:243;s:9:"mime-type";s:9:"image/png";s:8:"filesize";i:57928;s:9:"uncropped";b:1;}s:18:"woocommerce_single";a:5:{s:4:"file";s:21:"image3-h5-800x388.png";s:5:"width";i:800;s:6:"height";i:388;s:9:"mime-type";s:9:"image/png";s:8:"filesize";i:107205;}s:29:"woocommerce_gallery_thumbnail";a:5:{s:4:"file";s:21:"image3-h5-100x100.png";s:5:"width";i:100;s:6:"height";i:100;s:9:"mime-type";s:9:"image/png";s:8:"filesize";i:8355;}s:29:"variation_swatches_image_size";a:5:{s:4:"file";s:19:"image3-h5-50x50.png";s:5:"width";i:50;s:6:"height";i:50;s:9:"mime-type";s:9:"image/png";s:8:"filesize";i:2817;}s:31:"variation_swatches_tooltip_size";a:5:{s:4:"file";s:21:"image3-h5-100x100.png";s:5:"width";i:100;s:6:"height";i:100;s:9:"mime-type";s:9:"image/png";s:8:"filesize";i:8355;}}s:10:"image_meta";a:12:{s:8:"aperture";s:1:"0";s:6:"credit";s:0:"";s:6:"camera";s:0:"";s:7:"caption";s:0:"";s:17:"created_timestamp";s:1:"0";s:9:"copyright";s:0:"";s:12:"focal_length";s:1:"0";s:3:"iso";s:1:"0";s:13:"shutter_speed";s:1:"0";s:5:"title";s:0:"";s:11:"orientation";s:1:"0";s:8:"keywords";a:0:{}}}]]></wp:meta_value>
  </wp:postmeta>
  <wp:postmeta>
    <wp:meta_key>_wp_attachment_image_alt</wp:meta_key>
    <wp:meta_value><![CDATA[Smartic]]></wp:meta_value>
  </wp:postmeta>
</item>
<item>
  <title><![CDATA[bg1-h5]]></title>
  <link>https://demo2wpopal.b-cdn.net/smartic/home-5/bg1-h5/</link>
  <pubDate>Fri, 23 Oct 2020 01:49:31 +0000</pubDate>
  <dc:creator>admin</dc:creator>
  <guid isPermaLink="false">https://demo2wpopal.b-cdn.net/smartic/wp-content/uploads/2020/10/bg1-h5.jpg</guid>
  <description/>
  <content:encoded><![CDATA[]]></content:encoded>
  <excerpt:encoded><![CDATA[]]></excerpt:encoded>
  <wp:post_id>1820</wp:post_id>
  <wp:post_date>2020-10-23 01:49:31</wp:post_date>
  <wp:post_date_gmt>2020-10-23 01:49:31</wp:post_date_gmt>
  <wp:post_modified>2020-10-23 01:49:31</wp:post_modified>
  <wp:post_modified_gmt>2020-10-23 01:49:31</wp:post_modified_gmt>
  <wp:comment_status>open</wp:comment_status>
  <wp:ping_status>closed</wp:ping_status>
  <wp:post_name>bg1-h5</wp:post_name>
  <wp:status>inherit</wp:status>
  <wp:post_parent>1068</wp:post_parent>
  <wp:menu_order>0</wp:menu_order>
  <wp:post_type>attachment</wp:post_type>
  <wp:post_password/>
  <wp:is_sticky>0</wp:is_sticky>
  <wp:attachment_url>https://demo2wpopal.b-cdn.net/smartic/wp-content/uploads/2020/10/bg1-h5.jpg</wp:attachment_url>
  <wp:postmeta>
    <wp:meta_key>_wp_attached_file</wp:meta_key>
    <wp:meta_value><![CDATA[2020/10/bg1-h5.jpg]]></wp:meta_value>
  </wp:postmeta>
  <wp:postmeta>
    <wp:meta_key>_wp_attachment_metadata</wp:meta_key>
    <wp:meta_value><![CDATA[a:6:{s:5:"width";i:1920;s:6:"height";i:720;s:4:"file";s:18:"2020/10/bg1-h5.jpg";s:8:"filesize";i:89869;s:5:"sizes";a:12:{s:6:"medium";a:5:{s:4:"file";s:18:"bg1-h5-300x113.jpg";s:5:"width";i:300;s:6:"height";i:113;s:9:"mime-type";s:10:"image/jpeg";s:8:"filesize";i:3575;}s:5:"large";a:5:{s:4:"file";s:19:"bg1-h5-1024x384.jpg";s:5:"width";i:1024;s:6:"height";i:384;s:9:"mime-type";s:10:"image/jpeg";s:8:"filesize";i:20720;}s:9:"thumbnail";a:5:{s:4:"file";s:18:"bg1-h5-150x150.jpg";s:5:"width";i:150;s:6:"height";i:150;s:9:"mime-type";s:10:"image/jpeg";s:8:"filesize";i:2361;}s:12:"medium_large";a:5:{s:4:"file";s:18:"bg1-h5-768x288.jpg";s:5:"width";i:768;s:6:"height";i:288;s:9:"mime-type";s:10:"image/jpeg";s:8:"filesize";i:13223;}s:9:"1536x1536";a:5:{s:4:"file";s:19:"bg1-h5-1536x576.jpg";s:5:"width";i:1536;s:6:"height";i:576;s:9:"mime-type";s:10:"image/jpeg";s:8:"filesize";i:39871;}s:14:"post-thumbnail";a:5:{s:4:"file";s:19:"bg1-h5-1000x565.jpg";s:5:"width";i:1000;s:6:"height";i:565;s:9:"mime-type";s:10:"image/jpeg";s:8:"filesize";i:28280;}s:17:"smartic-post-grid";a:5:{s:4:"file";s:18:"bg1-h5-500x330.jpg";s:5:"width";i:500;s:6:"height";i:330;s:9:"mime-type";s:10:"image/jpeg";s:8:"filesize";i:11058;}s:21:"woocommerce_thumbnail";a:6:{s:4:"file";s:18:"bg1-h5-500x188.jpg";s:5:"width";i:500;s:6:"height";i:188;s:9:"mime-type";s:10:"image/jpeg";s:8:"filesize";i:7015;s:9:"uncropped";b:1;}s:18:"woocommerce_single";a:5:{s:4:"file";s:18:"bg1-h5-800x300.jpg";s:5:"width";i:800;s:6:"height";i:300;s:9:"mime-type";s:10:"image/jpeg";s:8:"filesize";i:14210;}s:29:"woocommerce_gallery_thumbnail";a:5:{s:4:"file";s:18:"bg1-h5-100x100.jpg";s:5:"width";i:100;s:6:"height";i:100;s:9:"mime-type";s:10:"image/jpeg";s:8:"filesize";i:1609;}s:29:"variation_swatches_image_size";a:5:{s:4:"file";s:16:"bg1-h5-50x50.jpg";s:5:"width";i:50;s:6:"height";i:50;s:9:"mime-type";s:10:"image/jpeg";s:8:"filesize";i:1038;}s:31:"variation_swatches_tooltip_size";a:5:{s:4:"file";s:18:"bg1-h5-100x100.jpg";s:5:"width";i:100;s:6:"height";i:100;s:9:"mime-type";s:10:"image/jpeg";s:8:"filesize";i:1609;}}s:10:"image_meta";a:12:{s:8:"aperture";s:1:"0";s:6:"credit";s:0:"";s:6:"camera";s:0:"";s:7:"caption";s:0:"";s:17:"created_timestamp";s:1:"0";s:9:"copyright";s:0:"";s:12:"focal_length";s:1:"0";s:3:"iso";s:1:"0";s:13:"shutter_speed";s:1:"0";s:5:"title";s:0:"";s:11:"orientation";s:1:"0";s:8:"keywords";a:0:{}}}]]></wp:meta_value>
  </wp:postmeta>
  <wp:postmeta>
    <wp:meta_key>_wp_attachment_image_alt</wp:meta_key>
    <wp:meta_value><![CDATA[Smartic]]></wp:meta_value>
  </wp:postmeta>
</item>
<item>
  <title><![CDATA[bg2-h5]]></title>
  <link>https://demo2wpopal.b-cdn.net/smartic/home-5/bg2-h5/</link>
  <pubDate>Fri, 23 Oct 2020 01:49:35 +0000</pubDate>
  <dc:creator>admin</dc:creator>
  <guid isPermaLink="false">https://demo2wpopal.b-cdn.net/smartic/wp-content/uploads/2020/10/bg2-h5.jpg</guid>
  <description/>
  <content:encoded><![CDATA[]]></content:encoded>
  <excerpt:encoded><![CDATA[]]></excerpt:encoded>
  <wp:post_id>1821</wp:post_id>
  <wp:post_date>2020-10-23 01:49:35</wp:post_date>
  <wp:post_date_gmt>2020-10-23 01:49:35</wp:post_date_gmt>
  <wp:post_modified>2020-10-23 01:49:35</wp:post_modified>
  <wp:post_modified_gmt>2020-10-23 01:49:35</wp:post_modified_gmt>
  <wp:comment_status>open</wp:comment_status>
  <wp:ping_status>closed</wp:ping_status>
  <wp:post_name>bg2-h5</wp:post_name>
  <wp:status>inherit</wp:status>
  <wp:post_parent>1068</wp:post_parent>
  <wp:menu_order>0</wp:menu_order>
  <wp:post_type>attachment</wp:post_type>
  <wp:post_password/>
  <wp:is_sticky>0</wp:is_sticky>
  <wp:attachment_url>https://demo2wpopal.b-cdn.net/smartic/wp-content/uploads/2020/10/bg2-h5.jpg</wp:attachment_url>
  <wp:postmeta>
    <wp:meta_key>_wp_attached_file</wp:meta_key>
    <wp:meta_value><![CDATA[2020/10/bg2-h5.jpg]]></wp:meta_value>
  </wp:postmeta>
  <wp:postmeta>
    <wp:meta_key>_wp_attachment_metadata</wp:meta_key>
    <wp:meta_value><![CDATA[a:6:{s:5:"width";i:1920;s:6:"height";i:720;s:4:"file";s:18:"2020/10/bg2-h5.jpg";s:8:"filesize";i:136472;s:5:"sizes";a:12:{s:6:"medium";a:5:{s:4:"file";s:18:"bg2-h5-300x113.jpg";s:5:"width";i:300;s:6:"height";i:113;s:9:"mime-type";s:10:"image/jpeg";s:8:"filesize";i:4960;}s:5:"large";a:5:{s:4:"file";s:19:"bg2-h5-1024x384.jpg";s:5:"width";i:1024;s:6:"height";i:384;s:9:"mime-type";s:10:"image/jpeg";s:8:"filesize";i:30947;}s:9:"thumbnail";a:5:{s:4:"file";s:18:"bg2-h5-150x150.jpg";s:5:"width";i:150;s:6:"height";i:150;s:9:"mime-type";s:10:"image/jpeg";s:8:"filesize";i:3418;}s:12:"medium_large";a:5:{s:4:"file";s:18:"bg2-h5-768x288.jpg";s:5:"width";i:768;s:6:"height";i:288;s:9:"mime-type";s:10:"image/jpeg";s:8:"filesize";i:19581;}s:9:"1536x1536";a:5:{s:4:"file";s:19:"bg2-h5-1536x576.jpg";s:5:"width";i:1536;s:6:"height";i:576;s:9:"mime-type";s:10:"image/jpeg";s:8:"filesize";i:59664;}s:14:"post-thumbnail";a:5:{s:4:"file";s:19:"bg2-h5-1000x565.jpg";s:5:"width";i:1000;s:6:"height";i:565;s:9:"mime-type";s:10:"image/jpeg";s:8:"filesize";i:41301;}s:17:"smartic-post-grid";a:5:{s:4:"file";s:18:"bg2-h5-500x330.jpg";s:5:"width";i:500;s:6:"height";i:330;s:9:"mime-type";s:10:"image/jpeg";s:8:"filesize";i:14095;}s:21:"woocommerce_thumbnail";a:6:{s:4:"file";s:18:"bg2-h5-500x188.jpg";s:5:"width";i:500;s:6:"height";i:188;s:9:"mime-type";s:10:"image/jpeg";s:8:"filesize";i:10107;s:9:"uncropped";b:1;}s:18:"woocommerce_single";a:5:{s:4:"file";s:18:"bg2-h5-800x300.jpg";s:5:"width";i:800;s:6:"height";i:300;s:9:"mime-type";s:10:"image/jpeg";s:8:"filesize";i:21003;}s:29:"woocommerce_gallery_thumbnail";a:5:{s:4:"file";s:18:"bg2-h5-100x100.jpg";s:5:"width";i:100;s:6:"height";i:100;s:9:"mime-type";s:10:"image/jpeg";s:8:"filesize";i:2206;}s:29:"variation_swatches_image_size";a:5:{s:4:"file";s:16:"bg2-h5-50x50.jpg";s:5:"width";i:50;s:6:"height";i:50;s:9:"mime-type";s:10:"image/jpeg";s:8:"filesize";i:1232;}s:31:"variation_swatches_tooltip_size";a:5:{s:4:"file";s:18:"bg2-h5-100x100.jpg";s:5:"width";i:100;s:6:"height";i:100;s:9:"mime-type";s:10:"image/jpeg";s:8:"filesize";i:2206;}}s:10:"image_meta";a:12:{s:8:"aperture";s:1:"0";s:6:"credit";s:0:"";s:6:"camera";s:0:"";s:7:"caption";s:0:"";s:17:"created_timestamp";s:1:"0";s:9:"copyright";s:0:"";s:12:"focal_length";s:1:"0";s:3:"iso";s:1:"0";s:13:"shutter_speed";s:1:"0";s:5:"title";s:0:"";s:11:"orientation";s:1:"0";s:8:"keywords";a:0:{}}}]]></wp:meta_value>
  </wp:postmeta>
  <wp:postmeta>
    <wp:meta_key>_wp_attachment_image_alt</wp:meta_key>
    <wp:meta_value><![CDATA[Smartic]]></wp:meta_value>
  </wp:postmeta>
</item>
<item>
  <title><![CDATA[bg3-h5]]></title>
  <link>https://demo2wpopal.b-cdn.net/smartic/home-5/bg3-h5/</link>
  <pubDate>Fri, 23 Oct 2020 01:49:37 +0000</pubDate>
  <dc:creator>admin</dc:creator>
  <guid isPermaLink="false">https://demo2wpopal.b-cdn.net/smartic/wp-content/uploads/2020/10/bg3-h5.jpg</guid>
  <description/>
  <content:encoded><![CDATA[]]></content:encoded>
  <excerpt:encoded><![CDATA[]]></excerpt:encoded>
  <wp:post_id>1822</wp:post_id>
  <wp:post_date>2020-10-23 01:49:37</wp:post_date>
  <wp:post_date_gmt>2020-10-23 01:49:37</wp:post_date_gmt>
  <wp:post_modified>2020-10-23 01:49:37</wp:post_modified>
  <wp:post_modified_gmt>2020-10-23 01:49:37</wp:post_modified_gmt>
  <wp:comment_status>open</wp:comment_status>
  <wp:ping_status>closed</wp:ping_status>
  <wp:post_name>bg3-h5</wp:post_name>
  <wp:status>inherit</wp:status>
  <wp:post_parent>1068</wp:post_parent>
  <wp:menu_order>0</wp:menu_order>
  <wp:post_type>attachment</wp:post_type>
  <wp:post_password/>
  <wp:is_sticky>0</wp:is_sticky>
  <wp:attachment_url>https://demo2wpopal.b-cdn.net/smartic/wp-content/uploads/2020/10/bg3-h5.jpg</wp:attachment_url>
  <wp:postmeta>
    <wp:meta_key>_wp_attached_file</wp:meta_key>
    <wp:meta_value><![CDATA[2020/10/bg3-h5.jpg]]></wp:meta_value>
  </wp:postmeta>
  <wp:postmeta>
    <wp:meta_key>_wp_attachment_metadata</wp:meta_key>
    <wp:meta_value><![CDATA[a:6:{s:5:"width";i:1920;s:6:"height";i:600;s:4:"file";s:18:"2020/10/bg3-h5.jpg";s:8:"filesize";i:138037;s:5:"sizes";a:12:{s:6:"medium";a:5:{s:4:"file";s:17:"bg3-h5-300x94.jpg";s:5:"width";i:300;s:6:"height";i:94;s:9:"mime-type";s:10:"image/jpeg";s:8:"filesize";i:4310;}s:5:"large";a:5:{s:4:"file";s:19:"bg3-h5-1024x320.jpg";s:5:"width";i:1024;s:6:"height";i:320;s:9:"mime-type";s:10:"image/jpeg";s:8:"filesize";i:28008;}s:9:"thumbnail";a:5:{s:4:"file";s:18:"bg3-h5-150x150.jpg";s:5:"width";i:150;s:6:"height";i:150;s:9:"mime-type";s:10:"image/jpeg";s:8:"filesize";i:3665;}s:12:"medium_large";a:5:{s:4:"file";s:18:"bg3-h5-768x240.jpg";s:5:"width";i:768;s:6:"height";i:240;s:9:"mime-type";s:10:"image/jpeg";s:8:"filesize";i:17459;}s:9:"1536x1536";a:5:{s:4:"file";s:19:"bg3-h5-1536x480.jpg";s:5:"width";i:1536;s:6:"height";i:480;s:9:"mime-type";s:10:"image/jpeg";s:8:"filesize";i:55032;}s:14:"post-thumbnail";a:5:{s:4:"file";s:19:"bg3-h5-1000x565.jpg";s:5:"width";i:1000;s:6:"height";i:565;s:9:"mime-type";s:10:"image/jpeg";s:8:"filesize";i:47747;}s:17:"smartic-post-grid";a:5:{s:4:"file";s:18:"bg3-h5-500x330.jpg";s:5:"width";i:500;s:6:"height";i:330;s:9:"mime-type";s:10:"image/jpeg";s:8:"filesize";i:17404;}s:21:"woocommerce_thumbnail";a:6:{s:4:"file";s:18:"bg3-h5-500x156.jpg";s:5:"width";i:500;s:6:"height";i:156;s:9:"mime-type";s:10:"image/jpeg";s:8:"filesize";i:9077;s:9:"uncropped";b:1;}s:18:"woocommerce_single";a:5:{s:4:"file";s:18:"bg3-h5-800x250.jpg";s:5:"width";i:800;s:6:"height";i:250;s:9:"mime-type";s:10:"image/jpeg";s:8:"filesize";i:18950;}s:29:"woocommerce_gallery_thumbnail";a:5:{s:4:"file";s:18:"bg3-h5-100x100.jpg";s:5:"width";i:100;s:6:"height";i:100;s:9:"mime-type";s:10:"image/jpeg";s:8:"filesize";i:2248;}s:29:"variation_swatches_image_size";a:5:{s:4:"file";s:16:"bg3-h5-50x50.jpg";s:5:"width";i:50;s:6:"height";i:50;s:9:"mime-type";s:10:"image/jpeg";s:8:"filesize";i:1241;}s:31:"variation_swatches_tooltip_size";a:5:{s:4:"file";s:18:"bg3-h5-100x100.jpg";s:5:"width";i:100;s:6:"height";i:100;s:9:"mime-type";s:10:"image/jpeg";s:8:"filesize";i:2248;}}s:10:"image_meta";a:12:{s:8:"aperture";s:1:"0";s:6:"credit";s:0:"";s:6:"camera";s:0:"";s:7:"caption";s:0:"";s:17:"created_timestamp";s:1:"0";s:9:"copyright";s:0:"";s:12:"focal_length";s:1:"0";s:3:"iso";s:1:"0";s:13:"shutter_speed";s:1:"0";s:5:"title";s:0:"";s:11:"orientation";s:1:"0";s:8:"keywords";a:0:{}}}]]></wp:meta_value>
  </wp:postmeta>
  <wp:postmeta>
    <wp:meta_key>_wp_attachment_image_alt</wp:meta_key>
    <wp:meta_value><![CDATA[Smartic]]></wp:meta_value>
  </wp:postmeta>
</item>
<item>
  <title><![CDATA[bg4-h5]]></title>
  <link>https://demo2wpopal.b-cdn.net/smartic/home-5/bg4-h5/</link>
  <pubDate>Fri, 23 Oct 2020 01:49:40 +0000</pubDate>
  <dc:creator>admin</dc:creator>
  <guid isPermaLink="false">https://demo2wpopal.b-cdn.net/smartic/wp-content/uploads/2020/10/bg4-h5.jpg</guid>
  <description/>
  <content:encoded><![CDATA[]]></content:encoded>
  <excerpt:encoded><![CDATA[]]></excerpt:encoded>
  <wp:post_id>1823</wp:post_id>
  <wp:post_date>2020-10-23 01:49:40</wp:post_date>
  <wp:post_date_gmt>2020-10-23 01:49:40</wp:post_date_gmt>
  <wp:post_modified>2020-10-23 01:49:40</wp:post_modified>
  <wp:post_modified_gmt>2020-10-23 01:49:40</wp:post_modified_gmt>
  <wp:comment_status>open</wp:comment_status>
  <wp:ping_status>closed</wp:ping_status>
  <wp:post_name>bg4-h5</wp:post_name>
  <wp:status>inherit</wp:status>
  <wp:post_parent>1068</wp:post_parent>
  <wp:menu_order>0</wp:menu_order>
  <wp:post_type>attachment</wp:post_type>
  <wp:post_password/>
  <wp:is_sticky>0</wp:is_sticky>
  <wp:attachment_url>https://demo2wpopal.b-cdn.net/smartic/wp-content/uploads/2020/10/bg4-h5.jpg</wp:attachment_url>
  <wp:postmeta>
    <wp:meta_key>_wp_attached_file</wp:meta_key>
    <wp:meta_value><![CDATA[2020/10/bg4-h5.jpg]]></wp:meta_value>
  </wp:postmeta>
  <wp:postmeta>
    <wp:meta_key>_wp_attachment_metadata</wp:meta_key>
    <wp:meta_value><![CDATA[a:6:{s:5:"width";i:960;s:6:"height";i:720;s:4:"file";s:18:"2020/10/bg4-h5.jpg";s:8:"filesize";i:92362;s:5:"sizes";a:10:{s:6:"medium";a:5:{s:4:"file";s:18:"bg4-h5-300x225.jpg";s:5:"width";i:300;s:6:"height";i:225;s:9:"mime-type";s:10:"image/jpeg";s:8:"filesize";i:9341;}s:9:"thumbnail";a:5:{s:4:"file";s:18:"bg4-h5-150x150.jpg";s:5:"width";i:150;s:6:"height";i:150;s:9:"mime-type";s:10:"image/jpeg";s:8:"filesize";i:4745;}s:12:"medium_large";a:5:{s:4:"file";s:18:"bg4-h5-768x576.jpg";s:5:"width";i:768;s:6:"height";i:576;s:9:"mime-type";s:10:"image/jpeg";s:8:"filesize";i:37268;}s:14:"post-thumbnail";a:5:{s:4:"file";s:18:"bg4-h5-960x565.jpg";s:5:"width";i:960;s:6:"height";i:565;s:9:"mime-type";s:10:"image/jpeg";s:8:"filesize";i:43719;}s:17:"smartic-post-grid";a:5:{s:4:"file";s:18:"bg4-h5-500x330.jpg";s:5:"width";i:500;s:6:"height";i:330;s:9:"mime-type";s:10:"image/jpeg";s:8:"filesize";i:17873;}s:21:"woocommerce_thumbnail";a:6:{s:4:"file";s:18:"bg4-h5-500x375.jpg";s:5:"width";i:500;s:6:"height";i:375;s:9:"mime-type";s:10:"image/jpeg";s:8:"filesize";i:19875;s:9:"uncropped";b:1;}s:18:"woocommerce_single";a:5:{s:4:"file";s:18:"bg4-h5-800x600.jpg";s:5:"width";i:800;s:6:"height";i:600;s:9:"mime-type";s:10:"image/jpeg";s:8:"filesize";i:39811;}s:29:"woocommerce_gallery_thumbnail";a:5:{s:4:"file";s:18:"bg4-h5-100x100.jpg";s:5:"width";i:100;s:6:"height";i:100;s:9:"mime-type";s:10:"image/jpeg";s:8:"filesize";i:2886;}s:29:"variation_swatches_image_size";a:5:{s:4:"file";s:16:"bg4-h5-50x50.jpg";s:5:"width";i:50;s:6:"height";i:50;s:9:"mime-type";s:10:"image/jpeg";s:8:"filesize";i:1473;}s:31:"variation_swatches_tooltip_size";a:5:{s:4:"file";s:18:"bg4-h5-100x100.jpg";s:5:"width";i:100;s:6:"height";i:100;s:9:"mime-type";s:10:"image/jpeg";s:8:"filesize";i:2886;}}s:10:"image_meta";a:12:{s:8:"aperture";s:1:"0";s:6:"credit";s:0:"";s:6:"camera";s:0:"";s:7:"caption";s:0:"";s:17:"created_timestamp";s:1:"0";s:9:"copyright";s:0:"";s:12:"focal_length";s:1:"0";s:3:"iso";s:1:"0";s:13:"shutter_speed";s:1:"0";s:5:"title";s:0:"";s:11:"orientation";s:1:"0";s:8:"keywords";a:0:{}}}]]></wp:meta_value>
  </wp:postmeta>
  <wp:postmeta>
    <wp:meta_key>_wp_attachment_image_alt</wp:meta_key>
    <wp:meta_value><![CDATA[Smartic]]></wp:meta_value>
  </wp:postmeta>
</item>
<item>
  <title><![CDATA[bg5-h5]]></title>
  <link>https://demo2wpopal.b-cdn.net/smartic/home-5/bg5-h5/</link>
  <pubDate>Fri, 23 Oct 2020 01:49:42 +0000</pubDate>
  <dc:creator>admin</dc:creator>
  <guid isPermaLink="false">https://demo2wpopal.b-cdn.net/smartic/wp-content/uploads/2020/10/bg5-h5.jpg</guid>
  <description/>
  <content:encoded><![CDATA[]]></content:encoded>
  <excerpt:encoded><![CDATA[]]></excerpt:encoded>
  <wp:post_id>1824</wp:post_id>
  <wp:post_date>2020-10-23 01:49:42</wp:post_date>
  <wp:post_date_gmt>2020-10-23 01:49:42</wp:post_date_gmt>
  <wp:post_modified>2020-10-23 01:49:42</wp:post_modified>
  <wp:post_modified_gmt>2020-10-23 01:49:42</wp:post_modified_gmt>
  <wp:comment_status>open</wp:comment_status>
  <wp:ping_status>closed</wp:ping_status>
  <wp:post_name>bg5-h5</wp:post_name>
  <wp:status>inherit</wp:status>
  <wp:post_parent>1068</wp:post_parent>
  <wp:menu_order>0</wp:menu_order>
  <wp:post_type>attachment</wp:post_type>
  <wp:post_password/>
  <wp:is_sticky>0</wp:is_sticky>
  <wp:attachment_url>https://demo2wpopal.b-cdn.net/smartic/wp-content/uploads/2020/10/bg5-h5.jpg</wp:attachment_url>
  <wp:postmeta>
    <wp:meta_key>_wp_attached_file</wp:meta_key>
    <wp:meta_value><![CDATA[2020/10/bg5-h5.jpg]]></wp:meta_value>
  </wp:postmeta>
  <wp:postmeta>
    <wp:meta_key>_wp_attachment_metadata</wp:meta_key>
    <wp:meta_value><![CDATA[a:6:{s:5:"width";i:960;s:6:"height";i:720;s:4:"file";s:18:"2020/10/bg5-h5.jpg";s:8:"filesize";i:144914;s:5:"sizes";a:10:{s:6:"medium";a:5:{s:4:"file";s:18:"bg5-h5-300x225.jpg";s:5:"width";i:300;s:6:"height";i:225;s:9:"mime-type";s:10:"image/jpeg";s:8:"filesize";i:11530;}s:9:"thumbnail";a:5:{s:4:"file";s:18:"bg5-h5-150x150.jpg";s:5:"width";i:150;s:6:"height";i:150;s:9:"mime-type";s:10:"image/jpeg";s:8:"filesize";i:4625;}s:12:"medium_large";a:5:{s:4:"file";s:18:"bg5-h5-768x576.jpg";s:5:"width";i:768;s:6:"height";i:576;s:9:"mime-type";s:10:"image/jpeg";s:8:"filesize";i:59109;}s:14:"post-thumbnail";a:5:{s:4:"file";s:18:"bg5-h5-960x565.jpg";s:5:"width";i:960;s:6:"height";i:565;s:9:"mime-type";s:10:"image/jpeg";s:8:"filesize";i:75010;}s:17:"smartic-post-grid";a:5:{s:4:"file";s:18:"bg5-h5-500x330.jpg";s:5:"width";i:500;s:6:"height";i:330;s:9:"mime-type";s:10:"image/jpeg";s:8:"filesize";i:24862;}s:21:"woocommerce_thumbnail";a:6:{s:4:"file";s:18:"bg5-h5-500x375.jpg";s:5:"width";i:500;s:6:"height";i:375;s:9:"mime-type";s:10:"image/jpeg";s:8:"filesize";i:27924;s:9:"uncropped";b:1;}s:18:"woocommerce_single";a:5:{s:4:"file";s:18:"bg5-h5-800x600.jpg";s:5:"width";i:800;s:6:"height";i:600;s:9:"mime-type";s:10:"image/jpeg";s:8:"filesize";i:63456;}s:29:"woocommerce_gallery_thumbnail";a:5:{s:4:"file";s:18:"bg5-h5-100x100.jpg";s:5:"width";i:100;s:6:"height";i:100;s:9:"mime-type";s:10:"image/jpeg";s:8:"filesize";i:2852;}s:29:"variation_swatches_image_size";a:5:{s:4:"file";s:16:"bg5-h5-50x50.jpg";s:5:"width";i:50;s:6:"height";i:50;s:9:"mime-type";s:10:"image/jpeg";s:8:"filesize";i:1496;}s:31:"variation_swatches_tooltip_size";a:5:{s:4:"file";s:18:"bg5-h5-100x100.jpg";s:5:"width";i:100;s:6:"height";i:100;s:9:"mime-type";s:10:"image/jpeg";s:8:"filesize";i:2852;}}s:10:"image_meta";a:12:{s:8:"aperture";s:1:"0";s:6:"credit";s:0:"";s:6:"camera";s:0:"";s:7:"caption";s:0:"";s:17:"created_timestamp";s:1:"0";s:9:"copyright";s:0:"";s:12:"focal_length";s:1:"0";s:3:"iso";s:1:"0";s:13:"shutter_speed";s:1:"0";s:5:"title";s:0:"";s:11:"orientation";s:1:"0";s:8:"keywords";a:0:{}}}]]></wp:meta_value>
  </wp:postmeta>
  <wp:postmeta>
    <wp:meta_key>_wp_attachment_image_alt</wp:meta_key>
    <wp:meta_value><![CDATA[Smartic]]></wp:meta_value>
  </wp:postmeta>
</item>
  </channel>
</rss>
