<?xml version="1.0" encoding="UTF-8"?>
<!--
 This is a WordPress eXtended RSS file generated by WordPress as an export of your site.
 It contains information about your site's posts, pages, comments, categories, and other content.
 You may use this file to transfer that content from one site to another.
 This file is not intended to serve as a complete backup of your site.

 To import this information into a WordPress site follow these steps:
 1. Log in to that site as an administrator.
 2. Go to Tools: Import in the WordPress admin panel.
 3. Install the "WordPress" importer from the list.
 4. Activate & Run Importer.
 5. Upload this file using the form provided on that page.
 6. You will first be asked to map the authors in this export file to users
    on the site. For each author, you may choose to map to an
    existing user on the site or to create a new user.
 7. WordPress will then import each of the posts, pages, comments, categories, etc.
    contained in this file into your site.
-->
<!-- generator="WordPress/6.2" created="2023-04-27 03:58" -->
<rss version="2.0" xmlns:excerpt="http://wordpress.org/export/1.2/excerpt/" xmlns:content="http://purl.org/rss/1.0/modules/content/" xmlns:wfw="http://wellformedweb.org/CommentAPI/" xmlns:dc="http://purl.org/dc/elements/1.1/" xmlns:wp="http://wordpress.org/export/1.2/">
  <channel>
<title>Smartic</title>
<link>https://demo2wpopal.b-cdn.net/smartic</link>
<description>Just another WordPress site</description>
<pubDate>Thu, 27 Apr 2023 03:58:59 +0000</pubDate>
<language>en-US</language>
<wp:wxr_version>1.2</wp:wxr_version>
<wp:base_site_url>https://demo2wpopal.b-cdn.net/smartic</wp:base_site_url>
<wp:base_blog_url>https://demo2wpopal.b-cdn.net/smartic</wp:base_blog_url>
<generator>https://wordpress.org/?v=6.2</generator>
<item>
  <title><![CDATA[Home 18]]></title>
  <link>https://demo2wpopal.b-cdn.net/smartic/home-18/</link>
  <pubDate>Tue, 16 Mar 2021 03:18:12 +0000</pubDate>
  <dc:creator>admin</dc:creator>
  <guid isPermaLink="false">https://demo2wpopal.b-cdn.net/smartic/?page_id=6701</guid>
  <description/>
  <content:encoded><![CDATA[<h2>A Better Way<br>
to Listen</h2>		
		The portable smart speaker for all your listening<br> adventures.		
			<a href="https://demo2wpopal.b-cdn.net/smartic/product/stainless-steel-portable-fast-2/" role="button">
						Shop Now
					</a>
												<img width="354" height="406" src="https://demo2wpopal.b-cdn.net/smartic/wp-content/uploads/2021/03/img1-h18.png" alt="" loading="lazy" srcset="https://demo2wpopal.b-cdn.net/smartic/wp-content/uploads/2021/03/img1-h18.png 354w, https://demo2wpopal.b-cdn.net/smartic/wp-content/uploads/2021/03/img1-h18-262x300.png 262w" sizes="(max-width: 354px) 100vw, 354px" />														
				<h3>
						Bluetooth 5.0 for fast, stable connections					
				</h3>
				<h3>
						Dual audio for stereo sound					
				</h3>
				<h3>
						Get hands-free with voice control					
				</h3>
												<img width="340" height="420" src="https://demo2wpopal.b-cdn.net/smartic/wp-content/uploads/2021/03/img2-h18.png" alt="" loading="lazy" srcset="https://demo2wpopal.b-cdn.net/smartic/wp-content/uploads/2021/03/img2-h18.png 340w, https://demo2wpopal.b-cdn.net/smartic/wp-content/uploads/2021/03/img2-h18-243x300.png 243w" sizes="(max-width: 340px) 100vw, 340px" />														
			<h2>A seamless listening<br>
experience, everywhere </h2>		
		Automatically connects to your network<p>Duis aute irure dolor in reprehenderit in voluptate velit esse cillum dolore eu fugiat nulla pariatur. Excepteur sint occaecat cupidatat non proident, sunt in culpa qui officia deserunt mollit anim id est laborum. Sed ut perspiciatis unde omnis iste natus error sit voluptatem accusa</p>		
			<h2>Sound that defies<br>
expectations </h2>		
		Precision-engineered acousticsExcepteur sint occaecat cupidatat non proident, sunt in culpa qui officia deserunt mollit anim id est laborum. Sed ut perspiciatis unde omnis iste natus error sit voluptatem tium doloremque laudantium, totam rem aperiam, eaque ipsa quae ab illo inventore veritatis et quasi architecto beatae vitae dicta sunt explicabo. 		
												<img width="335" height="369" src="https://demo2wpopal.b-cdn.net/smartic/wp-content/uploads/2021/03/img3-h18.png" alt="" loading="lazy" srcset="https://demo2wpopal.b-cdn.net/smartic/wp-content/uploads/2021/03/img3-h18.png 335w, https://demo2wpopal.b-cdn.net/smartic/wp-content/uploads/2021/03/img3-h18-272x300.png 272w" sizes="(max-width: 335px) 100vw, 335px" />														
			<h2>Freedom of control </h2>		
				<h3>
						Mobile App					
				</h3>
									<p>
						Duis aute irure dolor in reprehderit in voluptate velit esse					</p>
				<h3>
						Touch					
				</h3>
									<p>
						Duis aute irure dolor in reprehderit in voluptate velit esse					</p>
				<h3>
						Voice					
				</h3>
									<p>
						Duis aute irure dolor in reprehderit in voluptate velit esse					</p>
				<h3>
						Button					
				</h3>
									<p>
						Duis aute irure dolor in reprehderit in voluptate velit esse					</p>
			<h2>12 hours of play time </h2>		
		Powered by a built-in rechargeable battery.Excepteur sint occaecat cupidatat non proident, sunt in culpa qui officia deserunt mollit anim id est laborum. Sed ut perspiciatis unde omnis iste.
 natus error sit voluptatem tium doloremque laudantium, totam rem		
			<h2>Ultimate Color Combinations</h2>		
			<h2>Bring your music<br>
with you</h2>		
		And get 10% off first orderDuis aute irure dolor in reprehenderit in voluptate velit esse cillum dolore eu fugiat nulla pariatur.		
			<a href="https://demo2wpopal.b-cdn.net/smartic/product/stainless-steel-portable-fast-2/" role="button">
						Shop Now
					</a>
		Or Call us at+844 - 1800 3355]]></content:encoded>
  <excerpt:encoded><![CDATA[]]></excerpt:encoded>
  <wp:post_id>6701</wp:post_id>
  <wp:post_date>2021-03-16 03:18:12</wp:post_date>
  <wp:post_date_gmt>2021-03-16 03:18:12</wp:post_date_gmt>
  <wp:post_modified>2022-10-24 10:03:49</wp:post_modified>
  <wp:post_modified_gmt>2022-10-24 10:03:49</wp:post_modified_gmt>
  <wp:comment_status>closed</wp:comment_status>
  <wp:ping_status>closed</wp:ping_status>
  <wp:post_name>home-18</wp:post_name>
  <wp:status>publish</wp:status>
  <wp:post_parent>0</wp:post_parent>
  <wp:menu_order>0</wp:menu_order>
  <wp:post_type>page</wp:post_type>
  <wp:post_password/>
  <wp:is_sticky>0</wp:is_sticky>
  <wp:postmeta>
    <wp:meta_key>inline_featured_image</wp:meta_key>
    <wp:meta_value><![CDATA[0]]></wp:meta_value>
  </wp:postmeta>
  <wp:postmeta>
    <wp:meta_key>_wp_page_template</wp:meta_key>
    <wp:meta_value><![CDATA[template-homepage.php]]></wp:meta_value>
  </wp:postmeta>
  <wp:postmeta>
    <wp:meta_key>_edit_last</wp:meta_key>
    <wp:meta_value><![CDATA[5]]></wp:meta_value>
  </wp:postmeta>
  <wp:postmeta>
    <wp:meta_key>slide_template</wp:meta_key>
    <wp:meta_value><![CDATA[default]]></wp:meta_value>
  </wp:postmeta>
  <wp:postmeta>
    <wp:meta_key>rs_page_bg_color</wp:meta_key>
    <wp:meta_value><![CDATA[#ffffff]]></wp:meta_value>
  </wp:postmeta>
  <wp:postmeta>
    <wp:meta_key>_elementor_edit_mode</wp:meta_key>
    <wp:meta_value><![CDATA[builder]]></wp:meta_value>
  </wp:postmeta>
  <wp:postmeta>
    <wp:meta_key>_elementor_template_type</wp:meta_key>
    <wp:meta_value><![CDATA[wp-page]]></wp:meta_value>
  </wp:postmeta>
  <wp:postmeta>
    <wp:meta_key>_elementor_version</wp:meta_key>
    <wp:meta_value><![CDATA[3.7.8]]></wp:meta_value>
  </wp:postmeta>
  <wp:postmeta>
    <wp:meta_key>_elementor_pro_version</wp:meta_key>
    <wp:meta_value><![CDATA[3.7.7]]></wp:meta_value>
  </wp:postmeta>
  <wp:postmeta>
    <wp:meta_key>_elementor_data</wp:meta_key>
    <wp:meta_value><![CDATA[[{"id":"9010714","elType":"section","settings":{"gap":"no","height":"min-height","custom_height":{"unit":"px","size":868,"sizes":[]},"stretch_section":"section-stretched","structure":"20","background_background":"classic","background_image":{"url":"https:\/\/demo2wpopal.b-cdn.net\/smartic\/wp-content\/uploads\/2021\/03\/bg1-h18.jpg","id":6703},"background_repeat":"no-repeat","background_overlay_background":"classic","background_overlay_opacity":{"unit":"px","size":0.200000000000000011102230246251565404236316680908203125,"sizes":[]},"__globals__":{"background_overlay_color":"globals\/colors?id=accent"},"shape_divider_bottom":"tilt","shape_divider_bottom_width":{"unit":"%","size":115,"sizes":[]},"shape_divider_bottom_height":{"unit":"px","size":115,"sizes":[]},"shape_divider_bottom_flip":"yes","shape_divider_bottom_above_content":"yes","custom_height_mobile":{"unit":"px","size":467,"sizes":[]},"shape_divider_bottom_height_mobile":{"unit":"px","size":50,"sizes":[]},"padding":{"unit":"px","top":"0","right":"30","bottom":"0","left":"30","isLinked":false},"padding_mobile":{"unit":"px","top":"0","right":"15","bottom":"0","left":"15","isLinked":false},"background_size":"cover","background_size_mobile":"cover","html_tag":"div"},"elements":[{"id":"44defb7","elType":"column","settings":{"_column_size":50,"_inline_size":null,"space_between_widgets":0,"_inline_size_tablet":30},"elements":[],"isInner":false},{"id":"f4a4ad4","elType":"column","settings":{"_column_size":50,"_inline_size":null,"space_between_widgets":0,"padding":{"unit":"px","top":"0","right":"0","bottom":"0","left":"40","isLinked":false},"_inline_size_tablet":70,"padding_mobile":{"unit":"px","top":"0","right":"0","bottom":"0","left":"0","isLinked":false}},"elements":[{"id":"90a839f","elType":"widget","settings":{"title":"A Better Way<br>\nto Listen","title_color":"#FFFFFF","typography_typography":"custom","typography_font_size":{"unit":"px","size":60,"sizes":[]},"typography_font_weight":"600","_margin":{"unit":"px","top":"0","right":"0","bottom":"20","left":"0","isLinked":false},"_animation":"opal-move-left","animation_duration":"fast","align_mobile":"center","typography_font_size_mobile":{"unit":"px","size":30,"sizes":[]},"typography_font_family":"Montserrat"},"elements":[],"widgetType":"heading"},{"id":"5af65a6","elType":"widget","settings":{"editor":"The portable smart speaker for all your listening<br> adventures.","text_color":"#FFFFFF","typography_typography":"custom","typography_font_size":{"unit":"px","size":18,"sizes":[]},"_margin":{"unit":"px","top":"0","right":"0","bottom":"30","left":"0","isLinked":false},"_animation":"opal-move-left","animation_duration":"fast","_animation_delay":300,"align_mobile":"center"},"elements":[],"widgetType":"text-editor"},{"id":"62b12b2","elType":"widget","settings":{"text":"Shop Now","_animation":"opal-move-left","animation_duration":"fast","_animation_delay":500,"align_mobile":"center","link":{"url":"https:\/\/demo2wpopal.b-cdn.net\/smartic\/product\/stainless-steel-portable-fast-2\/","is_external":"","nofollow":"","custom_attributes":""}},"elements":[],"widgetType":"button"},{"id":"d828eef","elType":"widget","settings":{"image":{"url":"https:\/\/demo2wpopal.b-cdn.net\/smartic\/wp-content\/uploads\/2021\/03\/img1-h18.png","id":6706},"image_size":"full","_z_index":2,"motion_fx_motion_fx_mouse":"yes","motion_fx_mouseTrack_effect":"yes","_animation":"opal-move-left","animation_duration":"fast","_animation_delay":700,"_element_width":"auto","_position":"absolute","_offset_x_end":{"unit":"%","size":-25,"sizes":[]},"_offset_orientation_v":"end","_offset_y_end":{"unit":"%","size":-110,"sizes":[]},"width_tablet":{"unit":"%","size":60,"sizes":[]},"_offset_x_mobile":{"unit":"%","size":45,"sizes":[]},"_offset_x_end_mobile":{"unit":"%","size":46,"sizes":[]},"_offset_y_end_mobile":{"unit":"%","size":-45,"sizes":[]},"_offset_x":{"unit":"%","size":50,"sizes":[]}},"elements":[],"widgetType":"image"}],"isInner":false}],"isInner":false},{"id":"bca855e","elType":"section","settings":{"content_width":{"unit":"px","size":850,"sizes":[]},"gap":"no","stretch_section":"section-stretched","structure":"30","padding":{"unit":"px","top":"80","right":"0","bottom":"0","left":"0","isLinked":false},"padding_tablet":{"unit":"px","top":"60","right":"0","bottom":"0","left":"0","isLinked":false},"html_tag":"div"},"elements":[{"id":"641d1f9","elType":"column","settings":{"_column_size":33,"_inline_size":null,"space_between_widgets":0},"elements":[{"id":"b49576d","elType":"widget","settings":{"selected_icon":{"value":"fab fa-bluetooth-b","library":"fa-brands"},"view":"framed","title_text":"Bluetooth 5.0 for fast, stable connections","description_text":"","icon_space":{"unit":"px","size":20,"sizes":[]},"icon_size":{"unit":"px","size":38,"sizes":[]},"title_typography_typography":"custom","title_typography_font_size":{"unit":"px","size":18,"sizes":[]},"title_typography_font_weight":"600","_padding":{"unit":"px","top":"0","right":"30","bottom":"0","left":"30","isLinked":false},"__globals__":{"title_color":"globals\/colors?id=accent"},"hover_animation":"float","_animation":"opal-move-up","animation_duration":"fast","border_width":{"unit":"px","top":"2","right":"2","bottom":"2","left":"2","isLinked":true},"title_typography_font_family":"Montserrat"},"elements":[],"widgetType":"icon-box"}],"isInner":false},{"id":"19bb981","elType":"column","settings":{"_column_size":33,"_inline_size":null,"space_between_widgets":0,"margin_mobile":{"unit":"px","top":"30","right":"0","bottom":"30","left":"0","isLinked":false}},"elements":[{"id":"6f6807e","elType":"widget","settings":{"selected_icon":{"value":"smartic-icon- smartic-icon-sound","library":"smartic-icon"},"view":"framed","title_text":"Dual audio for stereo sound","description_text":"","icon_space":{"unit":"px","size":20,"sizes":[]},"icon_size":{"unit":"px","size":38,"sizes":[]},"title_typography_typography":"custom","title_typography_font_size":{"unit":"px","size":18,"sizes":[]},"title_typography_font_weight":"600","_padding":{"unit":"px","top":"0","right":"30","bottom":"0","left":"30","isLinked":false},"__globals__":{"title_color":"globals\/colors?id=accent"},"hover_animation":"float","_animation":"opal-move-up","animation_duration":"fast","_animation_delay":200,"border_width":{"unit":"px","top":"2","right":"2","bottom":"2","left":"2","isLinked":true},"title_typography_font_family":"Montserrat"},"elements":[],"widgetType":"icon-box"}],"isInner":false},{"id":"00bd574","elType":"column","settings":{"_column_size":33,"_inline_size":null,"space_between_widgets":0},"elements":[{"id":"e0c491f","elType":"widget","settings":{"selected_icon":{"value":"smartic-icon- smartic-icon-voice","library":"smartic-icon"},"view":"framed","title_text":"Get hands-free with voice control","description_text":"","icon_space":{"unit":"px","size":20,"sizes":[]},"icon_size":{"unit":"px","size":38,"sizes":[]},"title_typography_typography":"custom","title_typography_font_size":{"unit":"px","size":18,"sizes":[]},"title_typography_font_weight":"600","_padding":{"unit":"px","top":"0","right":"30","bottom":"0","left":"30","isLinked":false},"__globals__":{"title_color":"globals\/colors?id=accent"},"hover_animation":"float","_animation":"opal-move-up","animation_duration":"fast","_animation_delay":400,"border_width":{"unit":"px","top":"2","right":"2","bottom":"2","left":"2","isLinked":true},"title_typography_font_family":"Montserrat"},"elements":[],"widgetType":"icon-box"}],"isInner":false}],"isInner":false},{"id":"7000577","elType":"section","settings":{"layout":"full_width","gap":"no","height":"min-height","custom_height":{"unit":"px","size":840,"sizes":[]},"stretch_section":"section-stretched","background_background":"classic","background_image":{"url":"https:\/\/demo2wpopal.b-cdn.net\/smartic\/wp-content\/uploads\/2021\/03\/bg2-h18.jpg","id":6736},"background_repeat":"no-repeat","shape_divider_top":"tilt","shape_divider_top_height":{"unit":"px","size":100,"sizes":[]},"shape_divider_top_flip":"yes","shape_divider_bottom":"tilt","shape_divider_bottom_height":{"unit":"px","size":100,"sizes":[]},"shape_divider_bottom_flip":"yes","motion_fx_motion_fx_scrolling":"yes","motion_fx_translateY_effect":"yes","motion_fx_translateY_speed":{"unit":"px","size":3,"sizes":[]},"motion_fx_devices":["desktop","tablet"],"custom_height_mobile":{"unit":"px","size":500,"sizes":[]},"hide_mobile":"hidden-phone","custom_height_tablet":{"unit":"px","size":600,"sizes":[]},"background_size":"cover","html_tag":"div"},"elements":[{"id":"9b29891","elType":"column","settings":{"_column_size":100,"_inline_size":null,"space_between_widgets":0},"elements":[],"isInner":false}],"isInner":false},{"id":"1ab35af","elType":"section","settings":{"gap":"no","content_position":"middle","stretch_section":"section-stretched","structure":"20","padding":{"unit":"px","top":"30","right":"30","bottom":"30","left":"30","isLinked":true},"html_tag":"div"},"elements":[{"id":"ee86bf5","elType":"column","settings":{"_column_size":50,"_inline_size":null,"space_between_widgets":0},"elements":[{"id":"eedbb06","elType":"widget","settings":{"image":{"url":"https:\/\/demo2wpopal.b-cdn.net\/smartic\/wp-content\/uploads\/2021\/03\/img2-h18.png","id":6761},"image_size":"full","align":"center","_animation":"opal-move-right","animation_duration":"fast"},"elements":[],"widgetType":"image"}],"isInner":false},{"id":"e9813df","elType":"column","settings":{"_column_size":50,"_inline_size":null,"space_between_widgets":0},"elements":[{"id":"ee8475f","elType":"widget","settings":{"title":"A seamless listening<br>\nexperience, everywhere ","typography_typography":"custom","typography_font_size":{"unit":"px","size":40,"sizes":[]},"typography_font_weight":"600","_margin":{"unit":"px","top":"0","right":"0","bottom":"30","left":"0","isLinked":false},"__globals__":{"title_color":"globals\/colors?id=accent"},"align_mobile":"center","typography_font_size_tablet":{"unit":"px","size":30,"sizes":[]},"_animation":"opal-move-left","animation_duration":"fast","typography_font_family":"Montserrat"},"elements":[],"widgetType":"heading"},{"id":"35a0e26","elType":"widget","settings":{"editor":"Automatically connects to your network","typography_typography":"custom","typography_font_size":{"unit":"px","size":20,"sizes":[]},"typography_font_weight":"600","_margin":{"unit":"px","top":"0","right":"0","bottom":"10","left":"0","isLinked":false},"__globals__":{"text_color":"globals\/colors?id=accent"},"align_mobile":"center","_animation":"opal-move-left","animation_duration":"fast","_animation_delay":200},"elements":[],"widgetType":"text-editor"},{"id":"eaa8026","elType":"widget","settings":{"editor":"<p>Duis aute irure dolor in reprehenderit in voluptate velit esse cillum dolore eu fugiat nulla pariatur. Excepteur sint occaecat cupidatat non proident, sunt in culpa qui officia deserunt mollit anim id est laborum. Sed ut perspiciatis unde omnis iste natus error sit voluptatem accusa<\/p>","_element_width":"initial","_element_custom_width":{"unit":"%","size":80,"sizes":[]},"align_mobile":"center","_element_width_tablet":"inherit","_animation":"opal-move-left","animation_duration":"fast","_animation_delay":400},"elements":[],"widgetType":"text-editor"}],"isInner":false}],"isInner":false},{"id":"03a9512","elType":"section","settings":{"gap":"no","height":"min-height","custom_height":{"unit":"px","size":660,"sizes":[]},"content_position":"middle","stretch_section":"section-stretched","structure":"20","background_background":"classic","background_color":"#E0E1E3","background_image":{"url":"https:\/\/demo2wpopal.b-cdn.net\/smartic\/wp-content\/uploads\/2021\/03\/bg3-h18.jpg","id":6764},"background_repeat":"no-repeat","shape_divider_top":"tilt","shape_divider_top_height":{"unit":"px","size":100,"sizes":[]},"shape_divider_top_flip":"yes","shape_divider_bottom":"tilt","shape_divider_bottom_height":{"unit":"px","size":100,"sizes":[]},"shape_divider_bottom_flip":"yes","padding":{"unit":"px","top":"0","right":"30","bottom":"0","left":"30","isLinked":false},"background_position_tablet":"center center","html_tag":"div"},"elements":[{"id":"3d33d6e","elType":"column","settings":{"_column_size":50,"_inline_size":null,"space_between_widgets":0,"_inline_size_tablet":70},"elements":[{"id":"ae343e2","elType":"widget","settings":{"title":"Sound that defies<br>\nexpectations ","typography_typography":"custom","typography_font_size":{"unit":"px","size":40,"sizes":[]},"typography_font_weight":"600","_margin":{"unit":"px","top":"0","right":"0","bottom":"30","left":"0","isLinked":false},"__globals__":{"title_color":"globals\/colors?id=accent"},"typography_font_size_tablet":{"unit":"px","size":30,"sizes":[]},"align_mobile":"center","_animation":"opal-move-right","animation_duration":"fast","typography_font_family":"Montserrat"},"elements":[],"widgetType":"heading"},{"id":"070aa32","elType":"widget","settings":{"editor":"Precision-engineered acoustics","typography_typography":"custom","typography_font_size":{"unit":"px","size":20,"sizes":[]},"typography_font_weight":"600","_margin":{"unit":"px","top":"0","right":"0","bottom":"10","left":"0","isLinked":false},"__globals__":{"text_color":"globals\/colors?id=accent"},"align_mobile":"center","_animation":"opal-move-right","animation_duration":"fast","_animation_delay":200},"elements":[],"widgetType":"text-editor"},{"id":"00ee1f5","elType":"widget","settings":{"editor":"Excepteur sint occaecat cupidatat non proident, sunt in culpa qui officia deserunt mollit anim id est laborum. Sed ut perspiciatis unde omnis iste natus error sit voluptatem tium doloremque laudantium, totam rem aperiam, eaque ipsa quae ab illo inventore veritatis et quasi architecto beatae vitae dicta sunt explicabo. ","_element_width":"initial","_element_custom_width":{"unit":"%","size":80,"sizes":[]},"_element_width_tablet":"inherit","align_mobile":"center","_animation":"opal-move-right","animation_duration":"fast","_animation_delay":400},"elements":[],"widgetType":"text-editor"}],"isInner":false},{"id":"cda7181","elType":"column","settings":{"_column_size":50,"_inline_size":null,"space_between_widgets":0,"_inline_size_tablet":30},"elements":[],"isInner":false}],"isInner":false},{"id":"8097beb","elType":"section","settings":{"gap":"no","stretch_section":"section-stretched","structure":"20","content_position":"middle","padding":{"unit":"px","top":"0","right":"30","bottom":"0","left":"30","isLinked":false},"html_tag":"div"},"elements":[{"id":"bfb83f9","elType":"column","settings":{"_column_size":50,"_inline_size":null,"space_between_widgets":0,"align":"center","_inline_size_tablet":100},"elements":[{"id":"aae10af","elType":"widget","settings":{"image":{"url":"https:\/\/demo2wpopal.b-cdn.net\/smartic\/wp-content\/uploads\/2021\/03\/img3-h18.png","id":6775},"image_size":"full","align":"center","_z_index":3,"_element_width":"auto","_position":"absolute","_offset_x":{"unit":"%","size":"","sizes":[]},"_offset_y":{"unit":"%","size":14,"sizes":[]},"animation_duration":"fast","_animation":"opal-scale-up"},"elements":[],"widgetType":"image"},{"id":"75971cc","elType":"widget","settings":{"space":{"unit":"px","size":545,"sizes":[]},"_border_border":"solid","_border_width":{"unit":"px","top":"1","right":"1","bottom":"1","left":"1","isLinked":true},"_border_color":"#7CD4F740","_border_radius":{"unit":"%","top":"100","right":"100","bottom":"100","left":"100","isLinked":true},"_element_width":"initial","_element_custom_width":{"unit":"px","size":545,"sizes":[]},"_animation":"opal-scale-up","animation_duration":"fast","_animation_delay":300},"elements":[],"widgetType":"spacer"},{"id":"f7270b8","elType":"widget","settings":{"space":{"unit":"px","size":445,"sizes":[]},"_border_border":"solid","_border_width":{"unit":"px","top":"2","right":"2","bottom":"2","left":"2","isLinked":true},"_border_color":"#7C9DF750","_border_radius":{"unit":"%","top":"100","right":"100","bottom":"100","left":"100","isLinked":true},"_element_width":"initial","_element_custom_width":{"unit":"px","size":445,"sizes":[]},"_position":"absolute","_offset_x":{"unit":"%","size":"","sizes":[]},"_offset_y":{"unit":"%","size":8,"sizes":[]},"_animation":"opal-scale-up","animation_duration":"fast","_animation_delay":200},"elements":[],"widgetType":"spacer"}],"isInner":false},{"id":"1af9228","elType":"column","settings":{"_column_size":50,"_inline_size":null,"space_between_widgets":0,"padding":{"unit":"px","top":"0","right":"0","bottom":"0","left":"15","isLinked":false},"_inline_size_tablet":100,"padding_tablet":{"unit":"px","top":"0","right":"0","bottom":"0","left":"0","isLinked":false}},"elements":[{"id":"1b7ea14","elType":"widget","settings":{"title":"Freedom of control ","typography_typography":"custom","typography_font_size":{"unit":"px","size":40,"sizes":[]},"typography_font_weight":"600","_margin":{"unit":"px","top":"0","right":"0","bottom":"40","left":"0","isLinked":false},"__globals__":{"title_color":"globals\/colors?id=accent"},"typography_font_size_tablet":{"unit":"px","size":30,"sizes":[]},"align_mobile":"center","_animation":"opal-move-up","animation_duration":"fast","typography_font_family":"Montserrat"},"elements":[],"widgetType":"heading"},{"id":"4b0557e","elType":"section","settings":{"gap":"no","structure":"20","margin":{"unit":"px","top":"0","right":0,"bottom":"30","left":0,"isLinked":false},"html_tag":"div"},"elements":[{"id":"34ed22c","elType":"column","settings":{"_column_size":50,"_inline_size":null,"space_between_widgets":0},"elements":[{"id":"4847480","elType":"widget","settings":{"selected_icon":{"value":"smartic-icon- smartic-icon-app","library":"smartic-icon"},"title_text":"Mobile App","description_text":"Duis aute irure dolor in reprehderit in voluptate velit esse","text_align":"left","title_typography_typography":"custom","title_typography_font_size":{"unit":"px","size":20,"sizes":[]},"title_typography_font_weight":"600","_padding":{"unit":"px","top":"0","right":"30","bottom":"0","left":"0","isLinked":false},"__globals__":{"title_color":"globals\/colors?id=accent"},"hover_animation":"float","text_align_mobile":"center","_padding_mobile":{"unit":"px","top":"0","right":"0","bottom":"40","left":"0","isLinked":false},"_animation":"opal-move-up","animation_duration":"fast","icon_size":{"unit":"px","size":32,"sizes":[]}},"elements":[],"widgetType":"icon-box"}],"isInner":true},{"id":"7aec600","elType":"column","settings":{"_column_size":50,"_inline_size":null,"space_between_widgets":0},"elements":[{"id":"16b1f24","elType":"widget","settings":{"selected_icon":{"value":"smartic-icon- smartic-icon-touch","library":"smartic-icon"},"title_text":"Touch","description_text":"Duis aute irure dolor in reprehderit in voluptate velit esse","text_align":"left","title_typography_typography":"custom","title_typography_font_size":{"unit":"px","size":20,"sizes":[]},"title_typography_font_weight":"600","__globals__":{"title_color":"globals\/colors?id=accent"},"hover_animation":"float","text_align_mobile":"center","_animation":"opal-move-up","animation_duration":"fast","_animation_delay":200,"icon_size":{"unit":"px","size":32,"sizes":[]}},"elements":[],"widgetType":"icon-box"}],"isInner":true}],"isInner":true},{"id":"15d807d","elType":"section","settings":{"gap":"no","structure":"20","margin":{"unit":"px","top":"","right":0,"bottom":"","left":0,"isLinked":true},"html_tag":"div"},"elements":[{"id":"3ddd36f","elType":"column","settings":{"_column_size":50,"_inline_size":null,"space_between_widgets":0},"elements":[{"id":"24b16a1","elType":"widget","settings":{"selected_icon":{"value":"smartic-icon- smartic-icon-voice_2","library":"smartic-icon"},"title_text":"Voice","description_text":"Duis aute irure dolor in reprehderit in voluptate velit esse","text_align":"left","title_typography_typography":"custom","title_typography_font_size":{"unit":"px","size":20,"sizes":[]},"title_typography_font_weight":"600","_padding":{"unit":"px","top":"0","right":"30","bottom":"0","left":"0","isLinked":false},"__globals__":{"title_color":"globals\/colors?id=accent"},"hover_animation":"float","text_align_mobile":"center","_padding_mobile":{"unit":"px","top":"0","right":"0","bottom":"40","left":"0","isLinked":false},"_animation":"opal-move-up","animation_duration":"fast","icon_size":{"unit":"px","size":32,"sizes":[]}},"elements":[],"widgetType":"icon-box"}],"isInner":true},{"id":"7a0640c","elType":"column","settings":{"_column_size":50,"_inline_size":null,"space_between_widgets":0},"elements":[{"id":"1fc4b48","elType":"widget","settings":{"selected_icon":{"value":"smartic-icon- smartic-icon-button","library":"smartic-icon"},"title_text":"Button","description_text":"Duis aute irure dolor in reprehderit in voluptate velit esse","text_align":"left","title_typography_typography":"custom","title_typography_font_size":{"unit":"px","size":20,"sizes":[]},"title_typography_font_weight":"600","__globals__":{"title_color":"globals\/colors?id=accent"},"hover_animation":"float","text_align_mobile":"center","_animation":"opal-move-up","animation_duration":"fast","_animation_delay":200,"icon_size":{"unit":"px","size":32,"sizes":[]}},"elements":[],"widgetType":"icon-box"}],"isInner":true}],"isInner":true}],"isInner":false}],"isInner":false},{"id":"836d78c","elType":"section","settings":{"gap":"no","height":"min-height","custom_height":{"unit":"px","size":660,"sizes":[]},"content_position":"middle","stretch_section":"section-stretched","structure":"20","background_background":"classic","background_color":"#E0E1E3","background_image":{"url":"https:\/\/demo2wpopal.b-cdn.net\/smartic\/wp-content\/uploads\/2021\/03\/bg4-h18.jpg","id":6823},"background_repeat":"no-repeat","shape_divider_top":"tilt","shape_divider_top_height":{"unit":"px","size":100,"sizes":[]},"shape_divider_top_flip":"yes","shape_divider_bottom":"tilt","shape_divider_bottom_height":{"unit":"px","size":100,"sizes":[]},"shape_divider_bottom_flip":"yes","padding":{"unit":"px","top":"0","right":"30","bottom":"0","left":"30","isLinked":false},"margin":{"unit":"px","top":"0","right":0,"bottom":"30","left":0,"isLinked":false},"background_position_tablet":"center center","html_tag":"div"},"elements":[{"id":"8709a5f","elType":"column","settings":{"_column_size":50,"_inline_size":null,"space_between_widgets":0,"_inline_size_tablet":70},"elements":[{"id":"8b18631","elType":"widget","settings":{"title":"12 hours of play time ","typography_typography":"custom","typography_font_size":{"unit":"px","size":40,"sizes":[]},"typography_font_weight":"600","_margin":{"unit":"px","top":"0","right":"0","bottom":"30","left":"0","isLinked":false},"__globals__":{"title_color":""},"title_color":"#FFFFFF","typography_font_size_tablet":{"unit":"px","size":30,"sizes":[]},"align_mobile":"center","_animation":"opal-move-right","animation_duration":"fast","typography_font_family":"Montserrat"},"elements":[],"widgetType":"heading"},{"id":"ac7e1b4","elType":"widget","settings":{"editor":"Powered by a built-in rechargeable battery.","typography_typography":"custom","typography_font_size":{"unit":"px","size":20,"sizes":[]},"typography_font_weight":"600","_margin":{"unit":"px","top":"0","right":"0","bottom":"10","left":"0","isLinked":false},"__globals__":{"text_color":""},"text_color":"#FFFFFF","align_mobile":"center","_animation":"opal-move-right","animation_duration":"fast","_animation_delay":200},"elements":[],"widgetType":"text-editor"},{"id":"6c70fe9","elType":"widget","settings":{"editor":"Excepteur sint occaecat cupidatat non proident, sunt in culpa qui officia deserunt mollit anim id est laborum. Sed ut perspiciatis unde omnis iste.\n natus error sit voluptatem tium doloremque laudantium, totam rem","_element_width":"initial","_element_custom_width":{"unit":"%","size":80,"sizes":[]},"text_color":"#FFFFFF","_element_width_tablet":"inherit","align_mobile":"center","_animation":"opal-move-right","animation_duration":"fast","_animation_delay":400},"elements":[],"widgetType":"text-editor"}],"isInner":false},{"id":"f093266","elType":"column","settings":{"_column_size":50,"_inline_size":null,"space_between_widgets":0,"_inline_size_tablet":30},"elements":[],"isInner":false}],"isInner":false},{"id":"b0f0c6e","elType":"section","settings":{"gap":"no","stretch_section":"section-stretched","margin":{"unit":"px","top":"0","right":0,"bottom":"30","left":0,"isLinked":false},"padding_mobile":{"unit":"px","top":"0","right":"15","bottom":"0","left":"15","isLinked":false},"html_tag":"div"},"elements":[{"id":"26b6a9c","elType":"column","settings":{"_column_size":100,"_inline_size":null,"space_between_widgets":0},"elements":[{"id":"e8b3eae","elType":"widget","settings":{"title":"Ultimate Color Combinations","typography_typography":"custom","typography_font_size":{"unit":"px","size":40,"sizes":[]},"typography_font_weight":"600","_margin":{"unit":"px","top":"0","right":"0","bottom":"50","left":"0","isLinked":false},"__globals__":{"title_color":"globals\/colors?id=accent"},"align":"center","typography_font_size_tablet":{"unit":"px","size":30,"sizes":[]},"_animation":"opal-move-up","animation_duration":"fast","typography_font_family":"Montserrat"},"elements":[],"widgetType":"heading"},{"id":"47c65df","elType":"widget","settings":{"slides":[{"image":{"url":"https:\/\/demo2wpopal.b-cdn.net\/smartic\/wp-content\/uploads\/2021\/03\/18_color_1.png","id":8160},"_id":"45ec757"},{"image":{"url":"https:\/\/demo2wpopal.b-cdn.net\/smartic\/wp-content\/uploads\/2021\/03\/18_color_2.png","id":8161},"_id":"37de893"},{"image":{"url":"https:\/\/demo2wpopal.b-cdn.net\/smartic\/wp-content\/uploads\/2021\/03\/18_color_3.png","id":8162},"_id":"a687b93"},{"image":{"url":"https:\/\/demo2wpopal.b-cdn.net\/smartic\/wp-content\/uploads\/2021\/03\/18_color_4.png","id":8163},"_id":"f24216d"}],"slides_per_view":"1","slides_to_scroll":"1","height":{"unit":"px","size":450,"sizes":[]},"width":{"unit":"px","size":400,"sizes":[]},"show_arrows":"","image_fit":"auto","arrows_color":"#E7E7E7","__globals__":{"pagination_color":"globals\/colors?id=primary"},"slides_per_view_tablet":"1","_animation":"opal-move-up","animation_duration":"fast"},"elements":[],"widgetType":"media-carousel"}],"isInner":false}],"isInner":false},{"id":"42e6ad8","elType":"section","settings":{"gap":"no","height":"min-height","custom_height":{"unit":"px","size":660,"sizes":[]},"content_position":"middle","stretch_section":"section-stretched","structure":"20","background_background":"classic","background_color":"#E0E1E3","background_image":{"url":"https:\/\/demo2wpopal.b-cdn.net\/smartic\/wp-content\/uploads\/2021\/03\/bg5-h18.jpg","id":6850},"background_repeat":"no-repeat","shape_divider_top":"tilt","shape_divider_top_height":{"unit":"px","size":100,"sizes":[]},"shape_divider_top_flip":"yes","shape_divider_bottom":"tilt","shape_divider_bottom_height":{"unit":"px","size":100,"sizes":[]},"shape_divider_bottom_flip":"yes","padding":{"unit":"px","top":"0","right":"30","bottom":"0","left":"30","isLinked":false},"margin":{"unit":"px","top":"","right":0,"bottom":"","left":0,"isLinked":true},"background_position_tablet":"center center","html_tag":"div"},"elements":[{"id":"d76f19b","elType":"column","settings":{"_column_size":50,"_inline_size":null,"space_between_widgets":0,"_inline_size_tablet":30},"elements":[],"isInner":false},{"id":"e3a00fb","elType":"column","settings":{"_column_size":50,"_inline_size":null,"space_between_widgets":0,"_inline_size_tablet":70},"elements":[{"id":"8af5325","elType":"widget","settings":{"title":"Bring your music<br>\nwith you","typography_typography":"custom","typography_font_size":{"unit":"px","size":40,"sizes":[]},"typography_font_weight":"600","_margin":{"unit":"px","top":"0","right":"0","bottom":"30","left":"0","isLinked":false},"__globals__":{"title_color":"globals\/colors?id=accent"},"typography_font_size_tablet":{"unit":"px","size":30,"sizes":[]},"align_mobile":"center","_animation":"opal-move-left","animation_duration":"fast","typography_font_family":"Montserrat"},"elements":[],"widgetType":"heading"},{"id":"14aceaf","elType":"widget","settings":{"editor":"And get 10% off first order","typography_typography":"custom","typography_font_size":{"unit":"px","size":20,"sizes":[]},"typography_font_weight":"600","_margin":{"unit":"px","top":"0","right":"0","bottom":"10","left":"0","isLinked":false},"__globals__":{"text_color":"globals\/colors?id=accent"},"align_mobile":"center","_animation":"opal-move-left","animation_duration":"fast","_animation_delay":200},"elements":[],"widgetType":"text-editor"},{"id":"fc374ab","elType":"widget","settings":{"editor":"Duis aute irure dolor in reprehenderit in voluptate velit esse cillum dolore eu fugiat nulla pariatur.","_element_width":"initial","_element_custom_width":{"unit":"%","size":80,"sizes":[]},"text_color":"#666666","_margin":{"unit":"px","top":"0","right":"0","bottom":"40","left":"0","isLinked":false},"align_mobile":"center","_animation":"opal-move-left","animation_duration":"fast","_animation_delay":400,"_element_width_mobile":"inherit"},"elements":[],"widgetType":"text-editor"},{"id":"9076147","elType":"section","settings":{"gap":"no","structure":"20","html_tag":"div"},"elements":[{"id":"c05cdcd","elType":"column","settings":{"_column_size":50,"_inline_size":35.0390000000000014779288903810083866119384765625,"space_between_widgets":0},"elements":[{"id":"3fcc114","elType":"widget","settings":{"text":"Shop Now","_animation":"opal-move-right","animation_duration":"fast","align_mobile":"center","_margin_mobile":{"unit":"px","top":"0","right":"0","bottom":"30","left":"0","isLinked":false},"link":{"url":"https:\/\/demo2wpopal.b-cdn.net\/smartic\/product\/stainless-steel-portable-fast-2\/","is_external":"","nofollow":"","custom_attributes":""}},"elements":[],"widgetType":"button"}],"isInner":true},{"id":"4ab8363","elType":"column","settings":{"_column_size":50,"_inline_size":64.9609999999999985220711096189916133880615234375,"space_between_widgets":0},"elements":[{"id":"362d888","elType":"widget","settings":{"editor":"Or Call us at","text_color":"#666666","typography_typography":"custom","typography_font_size":{"unit":"px","size":14,"sizes":[]},"typography_font_weight":"600","align_mobile":"center","_animation":"opal-move-left","animation_duration":"fast","_animation_delay":200},"elements":[],"widgetType":"text-editor"},{"id":"0b85586","elType":"widget","settings":{"editor":"+844 - 1800 3355","typography_typography":"custom","typography_font_size":{"unit":"px","size":24,"sizes":[]},"typography_font_weight":"600","__globals__":{"text_color":"globals\/colors?id=accent"},"align_mobile":"center","_animation":"opal-move-left","animation_duration":"fast","_animation_delay":300},"elements":[],"widgetType":"text-editor"}],"isInner":true}],"isInner":true}],"isInner":false}],"isInner":false}]]]></wp:meta_value>
  </wp:postmeta>
  <wp:postmeta>
    <wp:meta_key>_yoast_wpseo_content_score</wp:meta_key>
    <wp:meta_value><![CDATA[60]]></wp:meta_value>
  </wp:postmeta>
  <wp:postmeta>
    <wp:meta_key>_yoast_wpseo_estimated-reading-time-minutes</wp:meta_key>
    <wp:meta_value><![CDATA[2]]></wp:meta_value>
  </wp:postmeta>
  <wp:postmeta>
    <wp:meta_key>_elementor_controls_usage</wp:meta_key>
    <wp:meta_value><![CDATA[a:9:{s:6:"column";a:3:{s:5:"count";i:23;s:15:"control_percent";i:1;s:8:"controls";a:2:{s:6:"layout";a:1:{s:6:"layout";a:4:{s:12:"_inline_size";i:23;s:21:"space_between_widgets";i:23;s:19:"_inline_size_tablet";i:10;s:5:"align";i:1;}}s:8:"advanced";a:1:{s:16:"section_advanced";a:4:{s:7:"padding";i:2;s:14:"padding_mobile";i:1;s:13:"margin_mobile";i:1;s:14:"padding_tablet";i:1;}}}}s:7:"heading";a:3:{s:5:"count";i:7;s:15:"control_percent";i:3;s:8:"controls";a:3:{s:7:"content";a:1:{s:13:"section_title";a:3:{s:5:"title";i:7;s:12:"align_mobile";i:6;s:5:"align";i:1;}}s:5:"style";a:1:{s:19:"section_title_style";a:7:{s:11:"title_color";i:2;s:21:"typography_typography";i:7;s:20:"typography_font_size";i:7;s:22:"typography_font_weight";i:7;s:27:"typography_font_size_mobile";i:1;s:22:"typography_font_family";i:7;s:27:"typography_font_size_tablet";i:6;}}s:8:"advanced";a:2:{s:14:"_section_style";a:1:{s:7:"_margin";i:7;}s:15:"section_effects";a:2:{s:10:"_animation";i:7;s:18:"animation_duration";i:7;}}}}s:11:"text-editor";a:3:{s:5:"count";i:11;s:15:"control_percent";i:3;s:8:"controls";a:3:{s:7:"content";a:1:{s:14:"section_editor";a:1:{s:6:"editor";i:11;}}s:5:"style";a:1:{s:13:"section_style";a:5:{s:10:"text_color";i:5;s:21:"typography_typography";i:7;s:20:"typography_font_size";i:7;s:12:"align_mobile";i:11;s:22:"typography_font_weight";i:6;}}s:8:"advanced";a:3:{s:14:"_section_style";a:1:{s:7:"_margin";i:6;}s:15:"section_effects";a:3:{s:10:"_animation";i:11;s:18:"animation_duration";i:11;s:16:"_animation_delay";i:11;}s:17:"_section_position";a:4:{s:14:"_element_width";i:4;s:21:"_element_custom_width";i:4;s:21:"_element_width_tablet";i:3;s:21:"_element_width_mobile";i:1;}}}}s:6:"button";a:3:{s:5:"count";i:2;s:15:"control_percent";i:1;s:8:"controls";a:2:{s:7:"content";a:1:{s:14:"section_button";a:3:{s:4:"text";i:2;s:12:"align_mobile";i:2;s:4:"link";i:2;}}s:8:"advanced";a:2:{s:15:"section_effects";a:3:{s:10:"_animation";i:2;s:18:"animation_duration";i:2;s:16:"_animation_delay";i:1;}s:14:"_section_style";a:1:{s:14:"_margin_mobile";i:1;}}}}s:5:"image";a:3:{s:5:"count";i:3;s:15:"control_percent";i:3;s:8:"controls";a:3:{s:7:"content";a:1:{s:13:"section_image";a:3:{s:5:"image";i:3;s:10:"image_size";i:3;s:5:"align";i:2;}}s:8:"advanced";a:3:{s:14:"_section_style";a:1:{s:8:"_z_index";i:2;}s:15:"section_effects";a:5:{s:25:"motion_fx_motion_fx_mouse";i:1;s:27:"motion_fx_mouseTrack_effect";i:1;s:10:"_animation";i:3;s:18:"animation_duration";i:3;s:16:"_animation_delay";i:1;}s:17:"_section_position";a:10:{s:14:"_element_width";i:2;s:9:"_position";i:2;s:13:"_offset_x_end";i:1;s:21:"_offset_orientation_v";i:1;s:13:"_offset_y_end";i:1;s:16:"_offset_x_mobile";i:1;s:20:"_offset_x_end_mobile";i:1;s:20:"_offset_y_end_mobile";i:1;s:9:"_offset_x";i:2;s:9:"_offset_y";i:1;}}s:5:"style";a:1:{s:19:"section_style_image";a:1:{s:12:"width_tablet";i:1;}}}}s:7:"section";a:3:{s:5:"count";i:12;s:15:"control_percent";i:5;s:8:"controls";a:3:{s:6:"layout";a:2:{s:14:"section_layout";a:9:{s:3:"gap";i:12;s:6:"height";i:5;s:13:"custom_height";i:5;s:15:"stretch_section";i:9;s:20:"custom_height_mobile";i:2;s:13:"content_width";i:1;s:6:"layout";i:1;s:20:"custom_height_tablet";i:1;s:16:"content_position";i:5;}s:17:"section_structure";a:1:{s:9:"structure";i:10;}}s:5:"style";a:3:{s:18:"section_background";a:5:{s:21:"background_background";i:5;s:16:"background_image";i:5;s:17:"background_repeat";i:5;s:16:"background_color";i:3;s:26:"background_position_tablet";i:3;}s:26:"section_background_overlay";a:2:{s:29:"background_overlay_background";i:1;s:26:"background_overlay_opacity";i:1;}s:21:"section_shape_divider";a:9:{s:20:"shape_divider_bottom";i:5;s:26:"shape_divider_bottom_width";i:1;s:27:"shape_divider_bottom_height";i:5;s:25:"shape_divider_bottom_flip";i:5;s:34:"shape_divider_bottom_above_content";i:1;s:34:"shape_divider_bottom_height_mobile";i:1;s:17:"shape_divider_top";i:4;s:24:"shape_divider_top_height";i:4;s:22:"shape_divider_top_flip";i:4;}}s:8:"advanced";a:3:{s:16:"section_advanced";a:4:{s:7:"padding";i:7;s:14:"padding_mobile";i:2;s:14:"padding_tablet";i:1;s:6:"margin";i:5;}s:15:"section_effects";a:4:{s:29:"motion_fx_motion_fx_scrolling";i:1;s:27:"motion_fx_translateY_effect";i:1;s:26:"motion_fx_translateY_speed";i:1;s:17:"motion_fx_devices";i:1;}s:19:"_section_responsive";a:1:{s:11:"hide_mobile";i:1;}}}}s:8:"icon-box";a:3:{s:5:"count";i:7;s:15:"control_percent";i:4;s:8:"controls";a:3:{s:7:"content";a:1:{s:12:"section_icon";a:4:{s:13:"selected_icon";i:7;s:4:"view";i:3;s:10:"title_text";i:7;s:16:"description_text";i:7;}}s:5:"style";a:2:{s:18:"section_style_icon";a:4:{s:10:"icon_space";i:3;s:9:"icon_size";i:7;s:15:"hover_animation";i:7;s:12:"border_width";i:3;}s:21:"section_style_content";a:6:{s:27:"title_typography_typography";i:7;s:26:"title_typography_font_size";i:7;s:28:"title_typography_font_weight";i:7;s:28:"title_typography_font_family";i:3;s:10:"text_align";i:4;s:17:"text_align_mobile";i:4;}}s:8:"advanced";a:2:{s:14:"_section_style";a:2:{s:8:"_padding";i:5;s:15:"_padding_mobile";i:2;}s:15:"section_effects";a:3:{s:10:"_animation";i:7;s:18:"animation_duration";i:7;s:16:"_animation_delay";i:4;}}}}s:6:"spacer";a:3:{s:5:"count";i:2;s:15:"control_percent";i:5;s:8:"controls";a:2:{s:7:"content";a:1:{s:14:"section_spacer";a:1:{s:5:"space";i:2;}}s:8:"advanced";a:3:{s:15:"_section_border";a:4:{s:14:"_border_border";i:2;s:13:"_border_width";i:2;s:13:"_border_color";i:2;s:14:"_border_radius";i:2;}s:17:"_section_position";a:5:{s:14:"_element_width";i:2;s:21:"_element_custom_width";i:2;s:9:"_position";i:1;s:9:"_offset_x";i:1;s:9:"_offset_y";i:1;}s:15:"section_effects";a:3:{s:10:"_animation";i:2;s:18:"animation_duration";i:2;s:16:"_animation_delay";i:2;}}}}s:14:"media-carousel";a:3:{s:5:"count";i:1;s:15:"control_percent";i:3;s:8:"controls";a:3:{s:7:"content";a:2:{s:14:"section_slides";a:6:{s:6:"slides";i:1;s:15:"slides_per_view";i:1;s:16:"slides_to_scroll";i:1;s:6:"height";i:1;s:5:"width";i:1;s:22:"slides_per_view_tablet";i:1;}s:26:"section_additional_options";a:2:{s:11:"show_arrows";i:1;s:9:"image_fit";i:1;}}s:5:"style";a:1:{s:18:"section_navigation";a:1:{s:12:"arrows_color";i:1;}}s:8:"advanced";a:1:{s:15:"section_effects";a:2:{s:10:"_animation";i:1;s:18:"animation_duration";i:1;}}}}}]]></wp:meta_value>
  </wp:postmeta>
  <wp:postmeta>
    <wp:meta_key>_elementor_page_assets</wp:meta_key>
    <wp:meta_value><![CDATA[a:1:{s:6:"styles";a:40:{i:0;s:12:"e-animations";i:1;s:12:"e-animations";i:2;s:12:"e-animations";i:3;s:12:"e-animations";i:4;s:12:"e-animations";i:5;s:12:"e-animations";i:6;s:12:"e-animations";i:7;s:12:"e-animations";i:8;s:12:"e-animations";i:9;s:12:"e-animations";i:10;s:12:"e-animations";i:11;s:12:"e-animations";i:12;s:12:"e-animations";i:13;s:12:"e-animations";i:14;s:12:"e-animations";i:15;s:12:"e-animations";i:16;s:12:"e-animations";i:17;s:12:"e-animations";i:18;s:12:"e-animations";i:19;s:12:"e-animations";i:20;s:12:"e-animations";i:21;s:12:"e-animations";i:22;s:12:"e-animations";i:23;s:12:"e-animations";i:24;s:12:"e-animations";i:25;s:12:"e-animations";i:26;s:12:"e-animations";i:27;s:12:"e-animations";i:28;s:12:"e-animations";i:29;s:12:"e-animations";i:30;s:12:"e-animations";i:31;s:12:"e-animations";i:32;s:12:"e-animations";i:33;s:12:"e-animations";i:34;s:12:"e-animations";i:35;s:12:"e-animations";i:36;s:12:"e-animations";i:37;s:12:"e-animations";i:38;s:12:"e-animations";i:39;s:12:"e-animations";}}]]></wp:meta_value>
  </wp:postmeta>
</item>
<item>
  <title><![CDATA[bg1-h18]]></title>
  <link>https://demo2wpopal.b-cdn.net/smartic/home-18/bg1-h18/</link>
  <pubDate>Tue, 16 Mar 2021 03:19:59 +0000</pubDate>
  <dc:creator>admin</dc:creator>
  <guid isPermaLink="false">https://demo2wpopal.b-cdn.net/smartic/wp-content/uploads/2021/03/bg1-h18.jpg</guid>
  <description/>
  <content:encoded><![CDATA[]]></content:encoded>
  <excerpt:encoded><![CDATA[]]></excerpt:encoded>
  <wp:post_id>6703</wp:post_id>
  <wp:post_date>2021-03-16 03:19:59</wp:post_date>
  <wp:post_date_gmt>2021-03-16 03:19:59</wp:post_date_gmt>
  <wp:post_modified>2021-03-16 03:19:59</wp:post_modified>
  <wp:post_modified_gmt>2021-03-16 03:19:59</wp:post_modified_gmt>
  <wp:comment_status>open</wp:comment_status>
  <wp:ping_status>closed</wp:ping_status>
  <wp:post_name>bg1-h18</wp:post_name>
  <wp:status>inherit</wp:status>
  <wp:post_parent>6701</wp:post_parent>
  <wp:menu_order>0</wp:menu_order>
  <wp:post_type>attachment</wp:post_type>
  <wp:post_password/>
  <wp:is_sticky>0</wp:is_sticky>
  <wp:attachment_url>https://demo2wpopal.b-cdn.net/smartic/wp-content/uploads/2021/03/bg1-h18.jpg</wp:attachment_url>
  <wp:postmeta>
    <wp:meta_key>_wp_attached_file</wp:meta_key>
    <wp:meta_value><![CDATA[2021/03/bg1-h18.jpg]]></wp:meta_value>
  </wp:postmeta>
  <wp:postmeta>
    <wp:meta_key>_wp_attachment_metadata</wp:meta_key>
    <wp:meta_value><![CDATA[a:6:{s:5:"width";i:1920;s:6:"height";i:868;s:4:"file";s:19:"2021/03/bg1-h18.jpg";s:8:"filesize";i:318276;s:5:"sizes";a:12:{s:6:"medium";a:5:{s:4:"file";s:19:"bg1-h18-300x136.jpg";s:5:"width";i:300;s:6:"height";i:136;s:9:"mime-type";s:10:"image/jpeg";s:8:"filesize";i:8525;}s:5:"large";a:5:{s:4:"file";s:20:"bg1-h18-1024x463.jpg";s:5:"width";i:1024;s:6:"height";i:463;s:9:"mime-type";s:10:"image/jpeg";s:8:"filesize";i:55803;}s:9:"thumbnail";a:5:{s:4:"file";s:19:"bg1-h18-150x150.jpg";s:5:"width";i:150;s:6:"height";i:150;s:9:"mime-type";s:10:"image/jpeg";s:8:"filesize";i:4615;}s:12:"medium_large";a:5:{s:4:"file";s:19:"bg1-h18-768x347.jpg";s:5:"width";i:768;s:6:"height";i:347;s:9:"mime-type";s:10:"image/jpeg";s:8:"filesize";i:35211;}s:9:"1536x1536";a:5:{s:4:"file";s:20:"bg1-h18-1536x694.jpg";s:5:"width";i:1536;s:6:"height";i:694;s:9:"mime-type";s:10:"image/jpeg";s:8:"filesize";i:112194;}s:14:"post-thumbnail";a:5:{s:4:"file";s:20:"bg1-h18-1000x565.jpg";s:5:"width";i:1000;s:6:"height";i:565;s:9:"mime-type";s:10:"image/jpeg";s:8:"filesize";i:59870;}s:17:"smartic-post-grid";a:5:{s:4:"file";s:19:"bg1-h18-500x330.jpg";s:5:"width";i:500;s:6:"height";i:330;s:9:"mime-type";s:10:"image/jpeg";s:8:"filesize";i:21904;}s:21:"woocommerce_thumbnail";a:6:{s:4:"file";s:19:"bg1-h18-500x226.jpg";s:5:"width";i:500;s:6:"height";i:226;s:9:"mime-type";s:10:"image/jpeg";s:8:"filesize";i:18239;s:9:"uncropped";b:1;}s:18:"woocommerce_single";a:5:{s:4:"file";s:19:"bg1-h18-800x362.jpg";s:5:"width";i:800;s:6:"height";i:362;s:9:"mime-type";s:10:"image/jpeg";s:8:"filesize";i:37683;}s:29:"woocommerce_gallery_thumbnail";a:5:{s:4:"file";s:19:"bg1-h18-100x100.jpg";s:5:"width";i:100;s:6:"height";i:100;s:9:"mime-type";s:10:"image/jpeg";s:8:"filesize";i:2906;}s:29:"variation_swatches_image_size";a:5:{s:4:"file";s:17:"bg1-h18-50x50.jpg";s:5:"width";i:50;s:6:"height";i:50;s:9:"mime-type";s:10:"image/jpeg";s:8:"filesize";i:1520;}s:31:"variation_swatches_tooltip_size";a:5:{s:4:"file";s:19:"bg1-h18-100x100.jpg";s:5:"width";i:100;s:6:"height";i:100;s:9:"mime-type";s:10:"image/jpeg";s:8:"filesize";i:2906;}}s:10:"image_meta";a:12:{s:8:"aperture";s:1:"0";s:6:"credit";s:0:"";s:6:"camera";s:0:"";s:7:"caption";s:0:"";s:17:"created_timestamp";s:1:"0";s:9:"copyright";s:0:"";s:12:"focal_length";s:1:"0";s:3:"iso";s:1:"0";s:13:"shutter_speed";s:1:"0";s:5:"title";s:0:"";s:11:"orientation";s:1:"0";s:8:"keywords";a:0:{}}}]]></wp:meta_value>
  </wp:postmeta>
</item>
<item>
  <title><![CDATA[img1-h18]]></title>
  <link>https://demo2wpopal.b-cdn.net/smartic/home-18/img1-h18/</link>
  <pubDate>Tue, 16 Mar 2021 03:27:12 +0000</pubDate>
  <dc:creator>admin</dc:creator>
  <guid isPermaLink="false">https://demo2wpopal.b-cdn.net/smartic/wp-content/uploads/2021/03/img1-h18.png</guid>
  <description/>
  <content:encoded><![CDATA[]]></content:encoded>
  <excerpt:encoded><![CDATA[]]></excerpt:encoded>
  <wp:post_id>6706</wp:post_id>
  <wp:post_date>2021-03-16 03:27:12</wp:post_date>
  <wp:post_date_gmt>2021-03-16 03:27:12</wp:post_date_gmt>
  <wp:post_modified>2021-03-16 03:27:12</wp:post_modified>
  <wp:post_modified_gmt>2021-03-16 03:27:12</wp:post_modified_gmt>
  <wp:comment_status>open</wp:comment_status>
  <wp:ping_status>closed</wp:ping_status>
  <wp:post_name>img1-h18</wp:post_name>
  <wp:status>inherit</wp:status>
  <wp:post_parent>6701</wp:post_parent>
  <wp:menu_order>0</wp:menu_order>
  <wp:post_type>attachment</wp:post_type>
  <wp:post_password/>
  <wp:is_sticky>0</wp:is_sticky>
  <wp:attachment_url>https://demo2wpopal.b-cdn.net/smartic/wp-content/uploads/2021/03/img1-h18.png</wp:attachment_url>
  <wp:postmeta>
    <wp:meta_key>_wp_attached_file</wp:meta_key>
    <wp:meta_value><![CDATA[2021/03/img1-h18.png]]></wp:meta_value>
  </wp:postmeta>
  <wp:postmeta>
    <wp:meta_key>_wp_attachment_metadata</wp:meta_key>
    <wp:meta_value><![CDATA[a:6:{s:5:"width";i:354;s:6:"height";i:406;s:4:"file";s:20:"2021/03/img1-h18.png";s:8:"filesize";i:248831;s:5:"sizes";a:6:{s:6:"medium";a:5:{s:4:"file";s:20:"img1-h18-262x300.png";s:5:"width";i:262;s:6:"height";i:300;s:9:"mime-type";s:9:"image/png";s:8:"filesize";i:139385;}s:9:"thumbnail";a:5:{s:4:"file";s:20:"img1-h18-150x150.png";s:5:"width";i:150;s:6:"height";i:150;s:9:"mime-type";s:9:"image/png";s:8:"filesize";i:43920;}s:17:"smartic-post-grid";a:5:{s:4:"file";s:20:"img1-h18-354x330.png";s:5:"width";i:354;s:6:"height";i:330;s:9:"mime-type";s:9:"image/png";s:8:"filesize";i:271536;}s:29:"woocommerce_gallery_thumbnail";a:5:{s:4:"file";s:20:"img1-h18-100x100.png";s:5:"width";i:100;s:6:"height";i:100;s:9:"mime-type";s:9:"image/png";s:8:"filesize";i:17008;}s:29:"variation_swatches_image_size";a:5:{s:4:"file";s:18:"img1-h18-50x50.png";s:5:"width";i:50;s:6:"height";i:50;s:9:"mime-type";s:9:"image/png";s:8:"filesize";i:3846;}s:31:"variation_swatches_tooltip_size";a:5:{s:4:"file";s:20:"img1-h18-100x100.png";s:5:"width";i:100;s:6:"height";i:100;s:9:"mime-type";s:9:"image/png";s:8:"filesize";i:17008;}}s:10:"image_meta";a:12:{s:8:"aperture";s:1:"0";s:6:"credit";s:0:"";s:6:"camera";s:0:"";s:7:"caption";s:0:"";s:17:"created_timestamp";s:1:"0";s:9:"copyright";s:0:"";s:12:"focal_length";s:1:"0";s:3:"iso";s:1:"0";s:13:"shutter_speed";s:1:"0";s:5:"title";s:0:"";s:11:"orientation";s:1:"0";s:8:"keywords";a:0:{}}}]]></wp:meta_value>
  </wp:postmeta>
</item>
<item>
  <title><![CDATA[bg2-h18]]></title>
  <link>https://demo2wpopal.b-cdn.net/smartic/home-18/bg2-h18/</link>
  <pubDate>Tue, 16 Mar 2021 03:45:42 +0000</pubDate>
  <dc:creator>admin</dc:creator>
  <guid isPermaLink="false">https://demo2wpopal.b-cdn.net/smartic/wp-content/uploads/2021/03/bg2-h18.jpg</guid>
  <description/>
  <content:encoded><![CDATA[]]></content:encoded>
  <excerpt:encoded><![CDATA[]]></excerpt:encoded>
  <wp:post_id>6736</wp:post_id>
  <wp:post_date>2021-03-16 03:45:42</wp:post_date>
  <wp:post_date_gmt>2021-03-16 03:45:42</wp:post_date_gmt>
  <wp:post_modified>2021-03-16 03:45:42</wp:post_modified>
  <wp:post_modified_gmt>2021-03-16 03:45:42</wp:post_modified_gmt>
  <wp:comment_status>open</wp:comment_status>
  <wp:ping_status>closed</wp:ping_status>
  <wp:post_name>bg2-h18</wp:post_name>
  <wp:status>inherit</wp:status>
  <wp:post_parent>6701</wp:post_parent>
  <wp:menu_order>0</wp:menu_order>
  <wp:post_type>attachment</wp:post_type>
  <wp:post_password/>
  <wp:is_sticky>0</wp:is_sticky>
  <wp:attachment_url>https://demo2wpopal.b-cdn.net/smartic/wp-content/uploads/2021/03/bg2-h18.jpg</wp:attachment_url>
  <wp:postmeta>
    <wp:meta_key>_wp_attached_file</wp:meta_key>
    <wp:meta_value><![CDATA[2021/03/bg2-h18.jpg]]></wp:meta_value>
  </wp:postmeta>
  <wp:postmeta>
    <wp:meta_key>_wp_attachment_metadata</wp:meta_key>
    <wp:meta_value><![CDATA[a:6:{s:5:"width";i:1920;s:6:"height";i:839;s:4:"file";s:19:"2021/03/bg2-h18.jpg";s:8:"filesize";i:153148;s:5:"sizes";a:12:{s:6:"medium";a:5:{s:4:"file";s:19:"bg2-h18-300x131.jpg";s:5:"width";i:300;s:6:"height";i:131;s:9:"mime-type";s:10:"image/jpeg";s:8:"filesize";i:5025;}s:5:"large";a:5:{s:4:"file";s:20:"bg2-h18-1024x447.jpg";s:5:"width";i:1024;s:6:"height";i:447;s:9:"mime-type";s:10:"image/jpeg";s:8:"filesize";i:32616;}s:9:"thumbnail";a:5:{s:4:"file";s:19:"bg2-h18-150x150.jpg";s:5:"width";i:150;s:6:"height";i:150;s:9:"mime-type";s:10:"image/jpeg";s:8:"filesize";i:3369;}s:12:"medium_large";a:5:{s:4:"file";s:19:"bg2-h18-768x336.jpg";s:5:"width";i:768;s:6:"height";i:336;s:9:"mime-type";s:10:"image/jpeg";s:8:"filesize";i:19546;}s:9:"1536x1536";a:5:{s:4:"file";s:20:"bg2-h18-1536x671.jpg";s:5:"width";i:1536;s:6:"height";i:671;s:9:"mime-type";s:10:"image/jpeg";s:8:"filesize";i:63221;}s:14:"post-thumbnail";a:5:{s:4:"file";s:20:"bg2-h18-1000x565.jpg";s:5:"width";i:1000;s:6:"height";i:565;s:9:"mime-type";s:10:"image/jpeg";s:8:"filesize";i:40544;}s:17:"smartic-post-grid";a:5:{s:4:"file";s:19:"bg2-h18-500x330.jpg";s:5:"width";i:500;s:6:"height";i:330;s:9:"mime-type";s:10:"image/jpeg";s:8:"filesize";i:14320;}s:21:"woocommerce_thumbnail";a:6:{s:4:"file";s:19:"bg2-h18-500x218.jpg";s:5:"width";i:500;s:6:"height";i:218;s:9:"mime-type";s:10:"image/jpeg";s:8:"filesize";i:10126;s:9:"uncropped";b:1;}s:18:"woocommerce_single";a:5:{s:4:"file";s:19:"bg2-h18-800x350.jpg";s:5:"width";i:800;s:6:"height";i:350;s:9:"mime-type";s:10:"image/jpeg";s:8:"filesize";i:20902;}s:29:"woocommerce_gallery_thumbnail";a:5:{s:4:"file";s:19:"bg2-h18-100x100.jpg";s:5:"width";i:100;s:6:"height";i:100;s:9:"mime-type";s:10:"image/jpeg";s:8:"filesize";i:2281;}s:29:"variation_swatches_image_size";a:5:{s:4:"file";s:17:"bg2-h18-50x50.jpg";s:5:"width";i:50;s:6:"height";i:50;s:9:"mime-type";s:10:"image/jpeg";s:8:"filesize";i:1388;}s:31:"variation_swatches_tooltip_size";a:5:{s:4:"file";s:19:"bg2-h18-100x100.jpg";s:5:"width";i:100;s:6:"height";i:100;s:9:"mime-type";s:10:"image/jpeg";s:8:"filesize";i:2281;}}s:10:"image_meta";a:12:{s:8:"aperture";s:1:"0";s:6:"credit";s:0:"";s:6:"camera";s:0:"";s:7:"caption";s:0:"";s:17:"created_timestamp";s:1:"0";s:9:"copyright";s:0:"";s:12:"focal_length";s:1:"0";s:3:"iso";s:1:"0";s:13:"shutter_speed";s:1:"0";s:5:"title";s:0:"";s:11:"orientation";s:1:"0";s:8:"keywords";a:0:{}}}]]></wp:meta_value>
  </wp:postmeta>
</item>
<item>
  <title><![CDATA[img2-h18]]></title>
  <link>https://demo2wpopal.b-cdn.net/smartic/home-18/img2-h18/</link>
  <pubDate>Tue, 16 Mar 2021 03:54:59 +0000</pubDate>
  <dc:creator>admin</dc:creator>
  <guid isPermaLink="false">https://demo2wpopal.b-cdn.net/smartic/wp-content/uploads/2021/03/img2-h18.png</guid>
  <description/>
  <content:encoded><![CDATA[]]></content:encoded>
  <excerpt:encoded><![CDATA[]]></excerpt:encoded>
  <wp:post_id>6761</wp:post_id>
  <wp:post_date>2021-03-16 03:54:59</wp:post_date>
  <wp:post_date_gmt>2021-03-16 03:54:59</wp:post_date_gmt>
  <wp:post_modified>2021-03-16 03:54:59</wp:post_modified>
  <wp:post_modified_gmt>2021-03-16 03:54:59</wp:post_modified_gmt>
  <wp:comment_status>open</wp:comment_status>
  <wp:ping_status>closed</wp:ping_status>
  <wp:post_name>img2-h18</wp:post_name>
  <wp:status>inherit</wp:status>
  <wp:post_parent>6701</wp:post_parent>
  <wp:menu_order>0</wp:menu_order>
  <wp:post_type>attachment</wp:post_type>
  <wp:post_password/>
  <wp:is_sticky>0</wp:is_sticky>
  <wp:attachment_url>https://demo2wpopal.b-cdn.net/smartic/wp-content/uploads/2021/03/img2-h18.png</wp:attachment_url>
  <wp:postmeta>
    <wp:meta_key>_wp_attached_file</wp:meta_key>
    <wp:meta_value><![CDATA[2021/03/img2-h18.png]]></wp:meta_value>
  </wp:postmeta>
  <wp:postmeta>
    <wp:meta_key>_wp_attachment_metadata</wp:meta_key>
    <wp:meta_value><![CDATA[a:6:{s:5:"width";i:340;s:6:"height";i:420;s:4:"file";s:20:"2021/03/img2-h18.png";s:8:"filesize";i:112773;s:5:"sizes";a:6:{s:6:"medium";a:5:{s:4:"file";s:20:"img2-h18-243x300.png";s:5:"width";i:243;s:6:"height";i:300;s:9:"mime-type";s:9:"image/png";s:8:"filesize";i:63709;}s:9:"thumbnail";a:5:{s:4:"file";s:20:"img2-h18-150x150.png";s:5:"width";i:150;s:6:"height";i:150;s:9:"mime-type";s:9:"image/png";s:8:"filesize";i:23829;}s:17:"smartic-post-grid";a:5:{s:4:"file";s:20:"img2-h18-340x330.png";s:5:"width";i:340;s:6:"height";i:330;s:9:"mime-type";s:9:"image/png";s:8:"filesize";i:119134;}s:29:"woocommerce_gallery_thumbnail";a:5:{s:4:"file";s:20:"img2-h18-100x100.png";s:5:"width";i:100;s:6:"height";i:100;s:9:"mime-type";s:9:"image/png";s:8:"filesize";i:10396;}s:29:"variation_swatches_image_size";a:5:{s:4:"file";s:18:"img2-h18-50x50.png";s:5:"width";i:50;s:6:"height";i:50;s:9:"mime-type";s:9:"image/png";s:8:"filesize";i:3081;}s:31:"variation_swatches_tooltip_size";a:5:{s:4:"file";s:20:"img2-h18-100x100.png";s:5:"width";i:100;s:6:"height";i:100;s:9:"mime-type";s:9:"image/png";s:8:"filesize";i:10396;}}s:10:"image_meta";a:12:{s:8:"aperture";s:1:"0";s:6:"credit";s:0:"";s:6:"camera";s:0:"";s:7:"caption";s:0:"";s:17:"created_timestamp";s:1:"0";s:9:"copyright";s:0:"";s:12:"focal_length";s:1:"0";s:3:"iso";s:1:"0";s:13:"shutter_speed";s:1:"0";s:5:"title";s:0:"";s:11:"orientation";s:1:"0";s:8:"keywords";a:0:{}}}]]></wp:meta_value>
  </wp:postmeta>
</item>
<item>
  <title><![CDATA[bg3-h18]]></title>
  <link>https://demo2wpopal.b-cdn.net/smartic/home-18/bg3-h18/</link>
  <pubDate>Tue, 16 Mar 2021 04:06:06 +0000</pubDate>
  <dc:creator>admin</dc:creator>
  <guid isPermaLink="false">https://demo2wpopal.b-cdn.net/smartic/wp-content/uploads/2021/03/bg3-h18.jpg</guid>
  <description/>
  <content:encoded><![CDATA[]]></content:encoded>
  <excerpt:encoded><![CDATA[]]></excerpt:encoded>
  <wp:post_id>6764</wp:post_id>
  <wp:post_date>2021-03-16 04:06:06</wp:post_date>
  <wp:post_date_gmt>2021-03-16 04:06:06</wp:post_date_gmt>
  <wp:post_modified>2021-03-16 04:06:06</wp:post_modified>
  <wp:post_modified_gmt>2021-03-16 04:06:06</wp:post_modified_gmt>
  <wp:comment_status>open</wp:comment_status>
  <wp:ping_status>closed</wp:ping_status>
  <wp:post_name>bg3-h18</wp:post_name>
  <wp:status>inherit</wp:status>
  <wp:post_parent>6701</wp:post_parent>
  <wp:menu_order>0</wp:menu_order>
  <wp:post_type>attachment</wp:post_type>
  <wp:post_password/>
  <wp:is_sticky>0</wp:is_sticky>
  <wp:attachment_url>https://demo2wpopal.b-cdn.net/smartic/wp-content/uploads/2021/03/bg3-h18.jpg</wp:attachment_url>
  <wp:postmeta>
    <wp:meta_key>_wp_attached_file</wp:meta_key>
    <wp:meta_value><![CDATA[2021/03/bg3-h18.jpg]]></wp:meta_value>
  </wp:postmeta>
  <wp:postmeta>
    <wp:meta_key>_wp_attachment_metadata</wp:meta_key>
    <wp:meta_value><![CDATA[a:6:{s:5:"width";i:1920;s:6:"height";i:660;s:4:"file";s:19:"2021/03/bg3-h18.jpg";s:8:"filesize";i:55341;s:5:"sizes";a:12:{s:6:"medium";a:5:{s:4:"file";s:19:"bg3-h18-300x103.jpg";s:5:"width";i:300;s:6:"height";i:103;s:9:"mime-type";s:10:"image/jpeg";s:8:"filesize";i:2146;}s:5:"large";a:5:{s:4:"file";s:20:"bg3-h18-1024x352.jpg";s:5:"width";i:1024;s:6:"height";i:352;s:9:"mime-type";s:10:"image/jpeg";s:8:"filesize";i:12354;}s:9:"thumbnail";a:5:{s:4:"file";s:19:"bg3-h18-150x150.jpg";s:5:"width";i:150;s:6:"height";i:150;s:9:"mime-type";s:10:"image/jpeg";s:8:"filesize";i:1892;}s:12:"medium_large";a:5:{s:4:"file";s:19:"bg3-h18-768x264.jpg";s:5:"width";i:768;s:6:"height";i:264;s:9:"mime-type";s:10:"image/jpeg";s:8:"filesize";i:7514;}s:9:"1536x1536";a:5:{s:4:"file";s:20:"bg3-h18-1536x528.jpg";s:5:"width";i:1536;s:6:"height";i:528;s:9:"mime-type";s:10:"image/jpeg";s:8:"filesize";i:27148;}s:14:"post-thumbnail";a:5:{s:4:"file";s:20:"bg3-h18-1000x565.jpg";s:5:"width";i:1000;s:6:"height";i:565;s:9:"mime-type";s:10:"image/jpeg";s:8:"filesize";i:25105;}s:17:"smartic-post-grid";a:5:{s:4:"file";s:19:"bg3-h18-500x330.jpg";s:5:"width";i:500;s:6:"height";i:330;s:9:"mime-type";s:10:"image/jpeg";s:8:"filesize";i:8997;}s:21:"woocommerce_thumbnail";a:6:{s:4:"file";s:19:"bg3-h18-500x172.jpg";s:5:"width";i:500;s:6:"height";i:172;s:9:"mime-type";s:10:"image/jpeg";s:8:"filesize";i:3909;s:9:"uncropped";b:1;}s:18:"woocommerce_single";a:5:{s:4:"file";s:19:"bg3-h18-800x275.jpg";s:5:"width";i:800;s:6:"height";i:275;s:9:"mime-type";s:10:"image/jpeg";s:8:"filesize";i:8053;}s:29:"woocommerce_gallery_thumbnail";a:5:{s:4:"file";s:19:"bg3-h18-100x100.jpg";s:5:"width";i:100;s:6:"height";i:100;s:9:"mime-type";s:10:"image/jpeg";s:8:"filesize";i:1364;}s:29:"variation_swatches_image_size";a:5:{s:4:"file";s:17:"bg3-h18-50x50.jpg";s:5:"width";i:50;s:6:"height";i:50;s:9:"mime-type";s:10:"image/jpeg";s:8:"filesize";i:982;}s:31:"variation_swatches_tooltip_size";a:5:{s:4:"file";s:19:"bg3-h18-100x100.jpg";s:5:"width";i:100;s:6:"height";i:100;s:9:"mime-type";s:10:"image/jpeg";s:8:"filesize";i:1364;}}s:10:"image_meta";a:12:{s:8:"aperture";s:1:"0";s:6:"credit";s:0:"";s:6:"camera";s:0:"";s:7:"caption";s:0:"";s:17:"created_timestamp";s:1:"0";s:9:"copyright";s:0:"";s:12:"focal_length";s:1:"0";s:3:"iso";s:1:"0";s:13:"shutter_speed";s:1:"0";s:5:"title";s:0:"";s:11:"orientation";s:1:"0";s:8:"keywords";a:0:{}}}]]></wp:meta_value>
  </wp:postmeta>
</item>
<item>
  <title><![CDATA[img3-h18]]></title>
  <link>https://demo2wpopal.b-cdn.net/smartic/home-18/img3-h18/</link>
  <pubDate>Tue, 16 Mar 2021 04:13:50 +0000</pubDate>
  <dc:creator>admin</dc:creator>
  <guid isPermaLink="false">https://demo2wpopal.b-cdn.net/smartic/wp-content/uploads/2021/03/img3-h18.png</guid>
  <description/>
  <content:encoded><![CDATA[]]></content:encoded>
  <excerpt:encoded><![CDATA[]]></excerpt:encoded>
  <wp:post_id>6775</wp:post_id>
  <wp:post_date>2021-03-16 04:13:50</wp:post_date>
  <wp:post_date_gmt>2021-03-16 04:13:50</wp:post_date_gmt>
  <wp:post_modified>2021-03-16 04:13:50</wp:post_modified>
  <wp:post_modified_gmt>2021-03-16 04:13:50</wp:post_modified_gmt>
  <wp:comment_status>open</wp:comment_status>
  <wp:ping_status>closed</wp:ping_status>
  <wp:post_name>img3-h18</wp:post_name>
  <wp:status>inherit</wp:status>
  <wp:post_parent>6701</wp:post_parent>
  <wp:menu_order>0</wp:menu_order>
  <wp:post_type>attachment</wp:post_type>
  <wp:post_password/>
  <wp:is_sticky>0</wp:is_sticky>
  <wp:attachment_url>https://demo2wpopal.b-cdn.net/smartic/wp-content/uploads/2021/03/img3-h18.png</wp:attachment_url>
  <wp:postmeta>
    <wp:meta_key>_wp_attached_file</wp:meta_key>
    <wp:meta_value><![CDATA[2021/03/img3-h18.png]]></wp:meta_value>
  </wp:postmeta>
  <wp:postmeta>
    <wp:meta_key>_wp_attachment_metadata</wp:meta_key>
    <wp:meta_value><![CDATA[a:6:{s:5:"width";i:335;s:6:"height";i:369;s:4:"file";s:20:"2021/03/img3-h18.png";s:8:"filesize";i:197191;s:5:"sizes";a:6:{s:6:"medium";a:5:{s:4:"file";s:20:"img3-h18-272x300.png";s:5:"width";i:272;s:6:"height";i:300;s:9:"mime-type";s:9:"image/png";s:8:"filesize";i:143717;}s:9:"thumbnail";a:5:{s:4:"file";s:20:"img3-h18-150x150.png";s:5:"width";i:150;s:6:"height";i:150;s:9:"mime-type";s:9:"image/png";s:8:"filesize";i:46062;}s:17:"smartic-post-grid";a:5:{s:4:"file";s:20:"img3-h18-335x330.png";s:5:"width";i:335;s:6:"height";i:330;s:9:"mime-type";s:9:"image/png";s:8:"filesize";i:214753;}s:29:"woocommerce_gallery_thumbnail";a:5:{s:4:"file";s:20:"img3-h18-100x100.png";s:5:"width";i:100;s:6:"height";i:100;s:9:"mime-type";s:9:"image/png";s:8:"filesize";i:20010;}s:29:"variation_swatches_image_size";a:5:{s:4:"file";s:18:"img3-h18-50x50.png";s:5:"width";i:50;s:6:"height";i:50;s:9:"mime-type";s:9:"image/png";s:8:"filesize";i:4693;}s:31:"variation_swatches_tooltip_size";a:5:{s:4:"file";s:20:"img3-h18-100x100.png";s:5:"width";i:100;s:6:"height";i:100;s:9:"mime-type";s:9:"image/png";s:8:"filesize";i:20010;}}s:10:"image_meta";a:12:{s:8:"aperture";s:1:"0";s:6:"credit";s:0:"";s:6:"camera";s:0:"";s:7:"caption";s:0:"";s:17:"created_timestamp";s:1:"0";s:9:"copyright";s:0:"";s:12:"focal_length";s:1:"0";s:3:"iso";s:1:"0";s:13:"shutter_speed";s:1:"0";s:5:"title";s:0:"";s:11:"orientation";s:1:"0";s:8:"keywords";a:0:{}}}]]></wp:meta_value>
  </wp:postmeta>
</item>
<item>
  <title><![CDATA[bg4-h18]]></title>
  <link>https://demo2wpopal.b-cdn.net/smartic/home-18/bg4-h18/</link>
  <pubDate>Tue, 16 Mar 2021 04:30:03 +0000</pubDate>
  <dc:creator>admin</dc:creator>
  <guid isPermaLink="false">https://demo2wpopal.b-cdn.net/smartic/wp-content/uploads/2021/03/bg4-h18.jpg</guid>
  <description/>
  <content:encoded><![CDATA[]]></content:encoded>
  <excerpt:encoded><![CDATA[]]></excerpt:encoded>
  <wp:post_id>6823</wp:post_id>
  <wp:post_date>2021-03-16 04:30:03</wp:post_date>
  <wp:post_date_gmt>2021-03-16 04:30:03</wp:post_date_gmt>
  <wp:post_modified>2021-03-16 04:30:03</wp:post_modified>
  <wp:post_modified_gmt>2021-03-16 04:30:03</wp:post_modified_gmt>
  <wp:comment_status>open</wp:comment_status>
  <wp:ping_status>closed</wp:ping_status>
  <wp:post_name>bg4-h18</wp:post_name>
  <wp:status>inherit</wp:status>
  <wp:post_parent>6701</wp:post_parent>
  <wp:menu_order>0</wp:menu_order>
  <wp:post_type>attachment</wp:post_type>
  <wp:post_password/>
  <wp:is_sticky>0</wp:is_sticky>
  <wp:attachment_url>https://demo2wpopal.b-cdn.net/smartic/wp-content/uploads/2021/03/bg4-h18.jpg</wp:attachment_url>
  <wp:postmeta>
    <wp:meta_key>_wp_attached_file</wp:meta_key>
    <wp:meta_value><![CDATA[2021/03/bg4-h18.jpg]]></wp:meta_value>
  </wp:postmeta>
  <wp:postmeta>
    <wp:meta_key>_wp_attachment_metadata</wp:meta_key>
    <wp:meta_value><![CDATA[a:6:{s:5:"width";i:1920;s:6:"height";i:660;s:4:"file";s:19:"2021/03/bg4-h18.jpg";s:8:"filesize";i:217302;s:5:"sizes";a:12:{s:6:"medium";a:5:{s:4:"file";s:19:"bg4-h18-300x103.jpg";s:5:"width";i:300;s:6:"height";i:103;s:9:"mime-type";s:10:"image/jpeg";s:8:"filesize";i:6500;}s:5:"large";a:5:{s:4:"file";s:20:"bg4-h18-1024x352.jpg";s:5:"width";i:1024;s:6:"height";i:352;s:9:"mime-type";s:10:"image/jpeg";s:8:"filesize";i:47386;}s:9:"thumbnail";a:5:{s:4:"file";s:19:"bg4-h18-150x150.jpg";s:5:"width";i:150;s:6:"height";i:150;s:9:"mime-type";s:10:"image/jpeg";s:8:"filesize";i:4614;}s:12:"medium_large";a:5:{s:4:"file";s:19:"bg4-h18-768x264.jpg";s:5:"width";i:768;s:6:"height";i:264;s:9:"mime-type";s:10:"image/jpeg";s:8:"filesize";i:30310;}s:9:"1536x1536";a:5:{s:4:"file";s:20:"bg4-h18-1536x528.jpg";s:5:"width";i:1536;s:6:"height";i:528;s:9:"mime-type";s:10:"image/jpeg";s:8:"filesize";i:89590;}s:14:"post-thumbnail";a:5:{s:4:"file";s:20:"bg4-h18-1000x565.jpg";s:5:"width";i:1000;s:6:"height";i:565;s:9:"mime-type";s:10:"image/jpeg";s:8:"filesize";i:59038;}s:17:"smartic-post-grid";a:5:{s:4:"file";s:19:"bg4-h18-500x330.jpg";s:5:"width";i:500;s:6:"height";i:330;s:9:"mime-type";s:10:"image/jpeg";s:8:"filesize";i:23341;}s:21:"woocommerce_thumbnail";a:6:{s:4:"file";s:19:"bg4-h18-500x172.jpg";s:5:"width";i:500;s:6:"height";i:172;s:9:"mime-type";s:10:"image/jpeg";s:8:"filesize";i:15413;s:9:"uncropped";b:1;}s:18:"woocommerce_single";a:5:{s:4:"file";s:19:"bg4-h18-800x275.jpg";s:5:"width";i:800;s:6:"height";i:275;s:9:"mime-type";s:10:"image/jpeg";s:8:"filesize";i:32810;}s:29:"woocommerce_gallery_thumbnail";a:5:{s:4:"file";s:19:"bg4-h18-100x100.jpg";s:5:"width";i:100;s:6:"height";i:100;s:9:"mime-type";s:10:"image/jpeg";s:8:"filesize";i:2713;}s:29:"variation_swatches_image_size";a:5:{s:4:"file";s:17:"bg4-h18-50x50.jpg";s:5:"width";i:50;s:6:"height";i:50;s:9:"mime-type";s:10:"image/jpeg";s:8:"filesize";i:1370;}s:31:"variation_swatches_tooltip_size";a:5:{s:4:"file";s:19:"bg4-h18-100x100.jpg";s:5:"width";i:100;s:6:"height";i:100;s:9:"mime-type";s:10:"image/jpeg";s:8:"filesize";i:2713;}}s:10:"image_meta";a:12:{s:8:"aperture";s:1:"0";s:6:"credit";s:0:"";s:6:"camera";s:0:"";s:7:"caption";s:0:"";s:17:"created_timestamp";s:1:"0";s:9:"copyright";s:0:"";s:12:"focal_length";s:1:"0";s:3:"iso";s:1:"0";s:13:"shutter_speed";s:1:"0";s:5:"title";s:0:"";s:11:"orientation";s:1:"0";s:8:"keywords";a:0:{}}}]]></wp:meta_value>
  </wp:postmeta>
</item>
<item>
  <title><![CDATA[img4-h18]]></title>
  <link>https://demo2wpopal.b-cdn.net/smartic/home-18/img4-h18/</link>
  <pubDate>Tue, 16 Mar 2021 06:21:05 +0000</pubDate>
  <dc:creator>admin</dc:creator>
  <guid isPermaLink="false">https://demo2wpopal.b-cdn.net/smartic/wp-content/uploads/2021/03/img4-h18.png</guid>
  <description/>
  <content:encoded><![CDATA[]]></content:encoded>
  <excerpt:encoded><![CDATA[]]></excerpt:encoded>
  <wp:post_id>6834</wp:post_id>
  <wp:post_date>2021-03-16 06:21:05</wp:post_date>
  <wp:post_date_gmt>2021-03-16 06:21:05</wp:post_date_gmt>
  <wp:post_modified>2021-03-16 06:21:05</wp:post_modified>
  <wp:post_modified_gmt>2021-03-16 06:21:05</wp:post_modified_gmt>
  <wp:comment_status>open</wp:comment_status>
  <wp:ping_status>closed</wp:ping_status>
  <wp:post_name>img4-h18</wp:post_name>
  <wp:status>inherit</wp:status>
  <wp:post_parent>6701</wp:post_parent>
  <wp:menu_order>0</wp:menu_order>
  <wp:post_type>attachment</wp:post_type>
  <wp:post_password/>
  <wp:is_sticky>0</wp:is_sticky>
  <wp:attachment_url>https://demo2wpopal.b-cdn.net/smartic/wp-content/uploads/2021/03/img4-h18.png</wp:attachment_url>
  <wp:postmeta>
    <wp:meta_key>_wp_attached_file</wp:meta_key>
    <wp:meta_value><![CDATA[2021/03/img4-h18.png]]></wp:meta_value>
  </wp:postmeta>
  <wp:postmeta>
    <wp:meta_key>_wp_attachment_metadata</wp:meta_key>
    <wp:meta_value><![CDATA[a:6:{s:5:"width";i:354;s:6:"height";i:406;s:4:"file";s:20:"2021/03/img4-h18.png";s:8:"filesize";i:248831;s:5:"sizes";a:6:{s:6:"medium";a:5:{s:4:"file";s:20:"img4-h18-262x300.png";s:5:"width";i:262;s:6:"height";i:300;s:9:"mime-type";s:9:"image/png";s:8:"filesize";i:139385;}s:9:"thumbnail";a:5:{s:4:"file";s:20:"img4-h18-150x150.png";s:5:"width";i:150;s:6:"height";i:150;s:9:"mime-type";s:9:"image/png";s:8:"filesize";i:43920;}s:17:"smartic-post-grid";a:5:{s:4:"file";s:20:"img4-h18-354x330.png";s:5:"width";i:354;s:6:"height";i:330;s:9:"mime-type";s:9:"image/png";s:8:"filesize";i:271536;}s:29:"woocommerce_gallery_thumbnail";a:5:{s:4:"file";s:20:"img4-h18-100x100.png";s:5:"width";i:100;s:6:"height";i:100;s:9:"mime-type";s:9:"image/png";s:8:"filesize";i:17008;}s:29:"variation_swatches_image_size";a:5:{s:4:"file";s:18:"img4-h18-50x50.png";s:5:"width";i:50;s:6:"height";i:50;s:9:"mime-type";s:9:"image/png";s:8:"filesize";i:3846;}s:31:"variation_swatches_tooltip_size";a:5:{s:4:"file";s:20:"img4-h18-100x100.png";s:5:"width";i:100;s:6:"height";i:100;s:9:"mime-type";s:9:"image/png";s:8:"filesize";i:17008;}}s:10:"image_meta";a:12:{s:8:"aperture";s:1:"0";s:6:"credit";s:0:"";s:6:"camera";s:0:"";s:7:"caption";s:0:"";s:17:"created_timestamp";s:1:"0";s:9:"copyright";s:0:"";s:12:"focal_length";s:1:"0";s:3:"iso";s:1:"0";s:13:"shutter_speed";s:1:"0";s:5:"title";s:0:"";s:11:"orientation";s:1:"0";s:8:"keywords";a:0:{}}}]]></wp:meta_value>
  </wp:postmeta>
</item>
<item>
  <title><![CDATA[bg5-h18]]></title>
  <link>https://demo2wpopal.b-cdn.net/smartic/home-18/bg5-h18/</link>
  <pubDate>Tue, 16 Mar 2021 06:32:54 +0000</pubDate>
  <dc:creator>admin</dc:creator>
  <guid isPermaLink="false">https://demo2wpopal.b-cdn.net/smartic/wp-content/uploads/2021/03/bg5-h18.jpg</guid>
  <description/>
  <content:encoded><![CDATA[]]></content:encoded>
  <excerpt:encoded><![CDATA[]]></excerpt:encoded>
  <wp:post_id>6850</wp:post_id>
  <wp:post_date>2021-03-16 06:32:54</wp:post_date>
  <wp:post_date_gmt>2021-03-16 06:32:54</wp:post_date_gmt>
  <wp:post_modified>2021-03-16 06:32:54</wp:post_modified>
  <wp:post_modified_gmt>2021-03-16 06:32:54</wp:post_modified_gmt>
  <wp:comment_status>open</wp:comment_status>
  <wp:ping_status>closed</wp:ping_status>
  <wp:post_name>bg5-h18</wp:post_name>
  <wp:status>inherit</wp:status>
  <wp:post_parent>6701</wp:post_parent>
  <wp:menu_order>0</wp:menu_order>
  <wp:post_type>attachment</wp:post_type>
  <wp:post_password/>
  <wp:is_sticky>0</wp:is_sticky>
  <wp:attachment_url>https://demo2wpopal.b-cdn.net/smartic/wp-content/uploads/2021/03/bg5-h18.jpg</wp:attachment_url>
  <wp:postmeta>
    <wp:meta_key>_wp_attached_file</wp:meta_key>
    <wp:meta_value><![CDATA[2021/03/bg5-h18.jpg]]></wp:meta_value>
  </wp:postmeta>
  <wp:postmeta>
    <wp:meta_key>_wp_attachment_metadata</wp:meta_key>
    <wp:meta_value><![CDATA[a:6:{s:5:"width";i:1920;s:6:"height";i:660;s:4:"file";s:19:"2021/03/bg5-h18.jpg";s:8:"filesize";i:70912;s:5:"sizes";a:12:{s:6:"medium";a:5:{s:4:"file";s:19:"bg5-h18-300x103.jpg";s:5:"width";i:300;s:6:"height";i:103;s:9:"mime-type";s:10:"image/jpeg";s:8:"filesize";i:3150;}s:5:"large";a:5:{s:4:"file";s:20:"bg5-h18-1024x352.jpg";s:5:"width";i:1024;s:6:"height";i:352;s:9:"mime-type";s:10:"image/jpeg";s:8:"filesize";i:15705;}s:9:"thumbnail";a:5:{s:4:"file";s:19:"bg5-h18-150x150.jpg";s:5:"width";i:150;s:6:"height";i:150;s:9:"mime-type";s:10:"image/jpeg";s:8:"filesize";i:1737;}s:12:"medium_large";a:5:{s:4:"file";s:19:"bg5-h18-768x264.jpg";s:5:"width";i:768;s:6:"height";i:264;s:9:"mime-type";s:10:"image/jpeg";s:8:"filesize";i:10458;}s:9:"1536x1536";a:5:{s:4:"file";s:20:"bg5-h18-1536x528.jpg";s:5:"width";i:1536;s:6:"height";i:528;s:9:"mime-type";s:10:"image/jpeg";s:8:"filesize";i:29869;}s:14:"post-thumbnail";a:5:{s:4:"file";s:20:"bg5-h18-1000x565.jpg";s:5:"width";i:1000;s:6:"height";i:565;s:9:"mime-type";s:10:"image/jpeg";s:8:"filesize";i:20171;}s:17:"smartic-post-grid";a:5:{s:4:"file";s:19:"bg5-h18-500x330.jpg";s:5:"width";i:500;s:6:"height";i:330;s:9:"mime-type";s:10:"image/jpeg";s:8:"filesize";i:7244;}s:21:"woocommerce_thumbnail";a:6:{s:4:"file";s:19:"bg5-h18-500x172.jpg";s:5:"width";i:500;s:6:"height";i:172;s:9:"mime-type";s:10:"image/jpeg";s:8:"filesize";i:5886;s:9:"uncropped";b:1;}s:18:"woocommerce_single";a:5:{s:4:"file";s:19:"bg5-h18-800x275.jpg";s:5:"width";i:800;s:6:"height";i:275;s:9:"mime-type";s:10:"image/jpeg";s:8:"filesize";i:11221;}s:29:"woocommerce_gallery_thumbnail";a:5:{s:4:"file";s:19:"bg5-h18-100x100.jpg";s:5:"width";i:100;s:6:"height";i:100;s:9:"mime-type";s:10:"image/jpeg";s:8:"filesize";i:1256;}s:29:"variation_swatches_image_size";a:5:{s:4:"file";s:17:"bg5-h18-50x50.jpg";s:5:"width";i:50;s:6:"height";i:50;s:9:"mime-type";s:10:"image/jpeg";s:8:"filesize";i:890;}s:31:"variation_swatches_tooltip_size";a:5:{s:4:"file";s:19:"bg5-h18-100x100.jpg";s:5:"width";i:100;s:6:"height";i:100;s:9:"mime-type";s:10:"image/jpeg";s:8:"filesize";i:1256;}}s:10:"image_meta";a:12:{s:8:"aperture";s:1:"0";s:6:"credit";s:0:"";s:6:"camera";s:0:"";s:7:"caption";s:0:"";s:17:"created_timestamp";s:1:"0";s:9:"copyright";s:0:"";s:12:"focal_length";s:1:"0";s:3:"iso";s:1:"0";s:13:"shutter_speed";s:1:"0";s:5:"title";s:0:"";s:11:"orientation";s:1:"0";s:8:"keywords";a:0:{}}}]]></wp:meta_value>
  </wp:postmeta>
</item>
<item>
  <title><![CDATA[18_color_1]]></title>
  <link>https://demo2wpopal.b-cdn.net/smartic/home-18/18_color_1/</link>
  <pubDate>Sat, 20 Mar 2021 07:08:24 +0000</pubDate>
  <dc:creator>admin</dc:creator>
  <guid isPermaLink="false">https://demo2wpopal.b-cdn.net/smartic/wp-content/uploads/2021/03/18_color_1.png</guid>
  <description/>
  <content:encoded><![CDATA[]]></content:encoded>
  <excerpt:encoded><![CDATA[]]></excerpt:encoded>
  <wp:post_id>8160</wp:post_id>
  <wp:post_date>2021-03-20 07:08:24</wp:post_date>
  <wp:post_date_gmt>2021-03-20 07:08:24</wp:post_date_gmt>
  <wp:post_modified>2021-03-20 07:08:24</wp:post_modified>
  <wp:post_modified_gmt>2021-03-20 07:08:24</wp:post_modified_gmt>
  <wp:comment_status>open</wp:comment_status>
  <wp:ping_status>closed</wp:ping_status>
  <wp:post_name>18_color_1</wp:post_name>
  <wp:status>inherit</wp:status>
  <wp:post_parent>6701</wp:post_parent>
  <wp:menu_order>0</wp:menu_order>
  <wp:post_type>attachment</wp:post_type>
  <wp:post_password/>
  <wp:is_sticky>0</wp:is_sticky>
  <wp:attachment_url>https://demo2wpopal.b-cdn.net/smartic/wp-content/uploads/2021/03/18_color_1.png</wp:attachment_url>
  <wp:postmeta>
    <wp:meta_key>_wp_attached_file</wp:meta_key>
    <wp:meta_value><![CDATA[2021/03/18_color_1.png]]></wp:meta_value>
  </wp:postmeta>
  <wp:postmeta>
    <wp:meta_key>_wp_attachment_metadata</wp:meta_key>
    <wp:meta_value><![CDATA[a:6:{s:5:"width";i:354;s:6:"height";i:406;s:4:"file";s:22:"2021/03/18_color_1.png";s:8:"filesize";i:249649;s:5:"sizes";a:6:{s:6:"medium";a:5:{s:4:"file";s:22:"18_color_1-262x300.png";s:5:"width";i:262;s:6:"height";i:300;s:9:"mime-type";s:9:"image/png";s:8:"filesize";i:139385;}s:9:"thumbnail";a:5:{s:4:"file";s:22:"18_color_1-150x150.png";s:5:"width";i:150;s:6:"height";i:150;s:9:"mime-type";s:9:"image/png";s:8:"filesize";i:43920;}s:17:"smartic-post-grid";a:5:{s:4:"file";s:22:"18_color_1-354x330.png";s:5:"width";i:354;s:6:"height";i:330;s:9:"mime-type";s:9:"image/png";s:8:"filesize";i:271536;}s:29:"woocommerce_gallery_thumbnail";a:5:{s:4:"file";s:22:"18_color_1-100x100.png";s:5:"width";i:100;s:6:"height";i:100;s:9:"mime-type";s:9:"image/png";s:8:"filesize";i:17008;}s:29:"variation_swatches_image_size";a:5:{s:4:"file";s:20:"18_color_1-50x50.png";s:5:"width";i:50;s:6:"height";i:50;s:9:"mime-type";s:9:"image/png";s:8:"filesize";i:3846;}s:31:"variation_swatches_tooltip_size";a:5:{s:4:"file";s:22:"18_color_1-100x100.png";s:5:"width";i:100;s:6:"height";i:100;s:9:"mime-type";s:9:"image/png";s:8:"filesize";i:17008;}}s:10:"image_meta";a:12:{s:8:"aperture";s:1:"0";s:6:"credit";s:0:"";s:6:"camera";s:0:"";s:7:"caption";s:0:"";s:17:"created_timestamp";s:1:"0";s:9:"copyright";s:0:"";s:12:"focal_length";s:1:"0";s:3:"iso";s:1:"0";s:13:"shutter_speed";s:1:"0";s:5:"title";s:0:"";s:11:"orientation";s:1:"0";s:8:"keywords";a:0:{}}}]]></wp:meta_value>
  </wp:postmeta>
</item>
<item>
  <title><![CDATA[18_color_2]]></title>
  <link>https://demo2wpopal.b-cdn.net/smartic/home-18/18_color_2/</link>
  <pubDate>Sat, 20 Mar 2021 07:08:27 +0000</pubDate>
  <dc:creator>admin</dc:creator>
  <guid isPermaLink="false">https://demo2wpopal.b-cdn.net/smartic/wp-content/uploads/2021/03/18_color_2.png</guid>
  <description/>
  <content:encoded><![CDATA[]]></content:encoded>
  <excerpt:encoded><![CDATA[]]></excerpt:encoded>
  <wp:post_id>8161</wp:post_id>
  <wp:post_date>2021-03-20 07:08:27</wp:post_date>
  <wp:post_date_gmt>2021-03-20 07:08:27</wp:post_date_gmt>
  <wp:post_modified>2021-03-20 07:08:27</wp:post_modified>
  <wp:post_modified_gmt>2021-03-20 07:08:27</wp:post_modified_gmt>
  <wp:comment_status>open</wp:comment_status>
  <wp:ping_status>closed</wp:ping_status>
  <wp:post_name>18_color_2</wp:post_name>
  <wp:status>inherit</wp:status>
  <wp:post_parent>6701</wp:post_parent>
  <wp:menu_order>0</wp:menu_order>
  <wp:post_type>attachment</wp:post_type>
  <wp:post_password/>
  <wp:is_sticky>0</wp:is_sticky>
  <wp:attachment_url>https://demo2wpopal.b-cdn.net/smartic/wp-content/uploads/2021/03/18_color_2.png</wp:attachment_url>
  <wp:postmeta>
    <wp:meta_key>_wp_attached_file</wp:meta_key>
    <wp:meta_value><![CDATA[2021/03/18_color_2.png]]></wp:meta_value>
  </wp:postmeta>
  <wp:postmeta>
    <wp:meta_key>_wp_attachment_metadata</wp:meta_key>
    <wp:meta_value><![CDATA[a:6:{s:5:"width";i:354;s:6:"height";i:406;s:4:"file";s:22:"2021/03/18_color_2.png";s:8:"filesize";i:252637;s:5:"sizes";a:6:{s:6:"medium";a:5:{s:4:"file";s:22:"18_color_2-262x300.png";s:5:"width";i:262;s:6:"height";i:300;s:9:"mime-type";s:9:"image/png";s:8:"filesize";i:137244;}s:9:"thumbnail";a:5:{s:4:"file";s:22:"18_color_2-150x150.png";s:5:"width";i:150;s:6:"height";i:150;s:9:"mime-type";s:9:"image/png";s:8:"filesize";i:43235;}s:17:"smartic-post-grid";a:5:{s:4:"file";s:22:"18_color_2-354x330.png";s:5:"width";i:354;s:6:"height";i:330;s:9:"mime-type";s:9:"image/png";s:8:"filesize";i:267006;}s:29:"woocommerce_gallery_thumbnail";a:5:{s:4:"file";s:22:"18_color_2-100x100.png";s:5:"width";i:100;s:6:"height";i:100;s:9:"mime-type";s:9:"image/png";s:8:"filesize";i:16771;}s:29:"variation_swatches_image_size";a:5:{s:4:"file";s:20:"18_color_2-50x50.png";s:5:"width";i:50;s:6:"height";i:50;s:9:"mime-type";s:9:"image/png";s:8:"filesize";i:3732;}s:31:"variation_swatches_tooltip_size";a:5:{s:4:"file";s:22:"18_color_2-100x100.png";s:5:"width";i:100;s:6:"height";i:100;s:9:"mime-type";s:9:"image/png";s:8:"filesize";i:16771;}}s:10:"image_meta";a:12:{s:8:"aperture";s:1:"0";s:6:"credit";s:0:"";s:6:"camera";s:0:"";s:7:"caption";s:0:"";s:17:"created_timestamp";s:1:"0";s:9:"copyright";s:0:"";s:12:"focal_length";s:1:"0";s:3:"iso";s:1:"0";s:13:"shutter_speed";s:1:"0";s:5:"title";s:0:"";s:11:"orientation";s:1:"0";s:8:"keywords";a:0:{}}}]]></wp:meta_value>
  </wp:postmeta>
</item>
<item>
  <title><![CDATA[18_color_3]]></title>
  <link>https://demo2wpopal.b-cdn.net/smartic/home-18/18_color_3/</link>
  <pubDate>Sat, 20 Mar 2021 07:08:28 +0000</pubDate>
  <dc:creator>admin</dc:creator>
  <guid isPermaLink="false">https://demo2wpopal.b-cdn.net/smartic/wp-content/uploads/2021/03/18_color_3.png</guid>
  <description/>
  <content:encoded><![CDATA[]]></content:encoded>
  <excerpt:encoded><![CDATA[]]></excerpt:encoded>
  <wp:post_id>8162</wp:post_id>
  <wp:post_date>2021-03-20 07:08:28</wp:post_date>
  <wp:post_date_gmt>2021-03-20 07:08:28</wp:post_date_gmt>
  <wp:post_modified>2021-03-20 07:08:28</wp:post_modified>
  <wp:post_modified_gmt>2021-03-20 07:08:28</wp:post_modified_gmt>
  <wp:comment_status>open</wp:comment_status>
  <wp:ping_status>closed</wp:ping_status>
  <wp:post_name>18_color_3</wp:post_name>
  <wp:status>inherit</wp:status>
  <wp:post_parent>6701</wp:post_parent>
  <wp:menu_order>0</wp:menu_order>
  <wp:post_type>attachment</wp:post_type>
  <wp:post_password/>
  <wp:is_sticky>0</wp:is_sticky>
  <wp:attachment_url>https://demo2wpopal.b-cdn.net/smartic/wp-content/uploads/2021/03/18_color_3.png</wp:attachment_url>
  <wp:postmeta>
    <wp:meta_key>_wp_attached_file</wp:meta_key>
    <wp:meta_value><![CDATA[2021/03/18_color_3.png]]></wp:meta_value>
  </wp:postmeta>
  <wp:postmeta>
    <wp:meta_key>_wp_attachment_metadata</wp:meta_key>
    <wp:meta_value><![CDATA[a:6:{s:5:"width";i:354;s:6:"height";i:406;s:4:"file";s:22:"2021/03/18_color_3.png";s:8:"filesize";i:264952;s:5:"sizes";a:6:{s:6:"medium";a:5:{s:4:"file";s:22:"18_color_3-262x300.png";s:5:"width";i:262;s:6:"height";i:300;s:9:"mime-type";s:9:"image/png";s:8:"filesize";i:142027;}s:9:"thumbnail";a:5:{s:4:"file";s:22:"18_color_3-150x150.png";s:5:"width";i:150;s:6:"height";i:150;s:9:"mime-type";s:9:"image/png";s:8:"filesize";i:44778;}s:17:"smartic-post-grid";a:5:{s:4:"file";s:22:"18_color_3-354x330.png";s:5:"width";i:354;s:6:"height";i:330;s:9:"mime-type";s:9:"image/png";s:8:"filesize";i:272483;}s:29:"woocommerce_gallery_thumbnail";a:5:{s:4:"file";s:22:"18_color_3-100x100.png";s:5:"width";i:100;s:6:"height";i:100;s:9:"mime-type";s:9:"image/png";s:8:"filesize";i:17388;}s:29:"variation_swatches_image_size";a:5:{s:4:"file";s:20:"18_color_3-50x50.png";s:5:"width";i:50;s:6:"height";i:50;s:9:"mime-type";s:9:"image/png";s:8:"filesize";i:3858;}s:31:"variation_swatches_tooltip_size";a:5:{s:4:"file";s:22:"18_color_3-100x100.png";s:5:"width";i:100;s:6:"height";i:100;s:9:"mime-type";s:9:"image/png";s:8:"filesize";i:17388;}}s:10:"image_meta";a:12:{s:8:"aperture";s:1:"0";s:6:"credit";s:0:"";s:6:"camera";s:0:"";s:7:"caption";s:0:"";s:17:"created_timestamp";s:1:"0";s:9:"copyright";s:0:"";s:12:"focal_length";s:1:"0";s:3:"iso";s:1:"0";s:13:"shutter_speed";s:1:"0";s:5:"title";s:0:"";s:11:"orientation";s:1:"0";s:8:"keywords";a:0:{}}}]]></wp:meta_value>
  </wp:postmeta>
</item>
<item>
  <title><![CDATA[18_color_4]]></title>
  <link>https://demo2wpopal.b-cdn.net/smartic/home-18/18_color_4/</link>
  <pubDate>Sat, 20 Mar 2021 07:08:29 +0000</pubDate>
  <dc:creator>admin</dc:creator>
  <guid isPermaLink="false">https://demo2wpopal.b-cdn.net/smartic/wp-content/uploads/2021/03/18_color_4.png</guid>
  <description/>
  <content:encoded><![CDATA[]]></content:encoded>
  <excerpt:encoded><![CDATA[]]></excerpt:encoded>
  <wp:post_id>8163</wp:post_id>
  <wp:post_date>2021-03-20 07:08:29</wp:post_date>
  <wp:post_date_gmt>2021-03-20 07:08:29</wp:post_date_gmt>
  <wp:post_modified>2021-03-20 07:08:29</wp:post_modified>
  <wp:post_modified_gmt>2021-03-20 07:08:29</wp:post_modified_gmt>
  <wp:comment_status>open</wp:comment_status>
  <wp:ping_status>closed</wp:ping_status>
  <wp:post_name>18_color_4</wp:post_name>
  <wp:status>inherit</wp:status>
  <wp:post_parent>6701</wp:post_parent>
  <wp:menu_order>0</wp:menu_order>
  <wp:post_type>attachment</wp:post_type>
  <wp:post_password/>
  <wp:is_sticky>0</wp:is_sticky>
  <wp:attachment_url>https://demo2wpopal.b-cdn.net/smartic/wp-content/uploads/2021/03/18_color_4.png</wp:attachment_url>
  <wp:postmeta>
    <wp:meta_key>_wp_attached_file</wp:meta_key>
    <wp:meta_value><![CDATA[2021/03/18_color_4.png]]></wp:meta_value>
  </wp:postmeta>
  <wp:postmeta>
    <wp:meta_key>_wp_attachment_metadata</wp:meta_key>
    <wp:meta_value><![CDATA[a:6:{s:5:"width";i:354;s:6:"height";i:406;s:4:"file";s:22:"2021/03/18_color_4.png";s:8:"filesize";i:274775;s:5:"sizes";a:6:{s:6:"medium";a:5:{s:4:"file";s:22:"18_color_4-262x300.png";s:5:"width";i:262;s:6:"height";i:300;s:9:"mime-type";s:9:"image/png";s:8:"filesize";i:143207;}s:9:"thumbnail";a:5:{s:4:"file";s:22:"18_color_4-150x150.png";s:5:"width";i:150;s:6:"height";i:150;s:9:"mime-type";s:9:"image/png";s:8:"filesize";i:45474;}s:17:"smartic-post-grid";a:5:{s:4:"file";s:22:"18_color_4-354x330.png";s:5:"width";i:354;s:6:"height";i:330;s:9:"mime-type";s:9:"image/png";s:8:"filesize";i:271662;}s:29:"woocommerce_gallery_thumbnail";a:5:{s:4:"file";s:22:"18_color_4-100x100.png";s:5:"width";i:100;s:6:"height";i:100;s:9:"mime-type";s:9:"image/png";s:8:"filesize";i:17745;}s:29:"variation_swatches_image_size";a:5:{s:4:"file";s:20:"18_color_4-50x50.png";s:5:"width";i:50;s:6:"height";i:50;s:9:"mime-type";s:9:"image/png";s:8:"filesize";i:3886;}s:31:"variation_swatches_tooltip_size";a:5:{s:4:"file";s:22:"18_color_4-100x100.png";s:5:"width";i:100;s:6:"height";i:100;s:9:"mime-type";s:9:"image/png";s:8:"filesize";i:17745;}}s:10:"image_meta";a:12:{s:8:"aperture";s:1:"0";s:6:"credit";s:0:"";s:6:"camera";s:0:"";s:7:"caption";s:0:"";s:17:"created_timestamp";s:1:"0";s:9:"copyright";s:0:"";s:12:"focal_length";s:1:"0";s:3:"iso";s:1:"0";s:13:"shutter_speed";s:1:"0";s:5:"title";s:0:"";s:11:"orientation";s:1:"0";s:8:"keywords";a:0:{}}}]]></wp:meta_value>
  </wp:postmeta>
</item>
  </channel>
</rss>
