<?xml version="1.0" encoding="UTF-8"?>
<!--
 This is a WordPress eXtended RSS file generated by WordPress as an export of your site.
 It contains information about your site's posts, pages, comments, categories, and other content.
 You may use this file to transfer that content from one site to another.
 This file is not intended to serve as a complete backup of your site.

 To import this information into a WordPress site follow these steps:
 1. Log in to that site as an administrator.
 2. Go to Tools: Import in the WordPress admin panel.
 3. Install the "WordPress" importer from the list.
 4. Activate & Run Importer.
 5. Upload this file using the form provided on that page.
 6. You will first be asked to map the authors in this export file to users
    on the site. For each author, you may choose to map to an
    existing user on the site or to create a new user.
 7. WordPress will then import each of the posts, pages, comments, categories, etc.
    contained in this file into your site.
-->
<!-- generator="WordPress/6.2" created="2023-04-27 03:58" -->
<rss version="2.0" xmlns:excerpt="http://wordpress.org/export/1.2/excerpt/" xmlns:content="http://purl.org/rss/1.0/modules/content/" xmlns:wfw="http://wellformedweb.org/CommentAPI/" xmlns:dc="http://purl.org/dc/elements/1.1/" xmlns:wp="http://wordpress.org/export/1.2/">
  <channel>
<title>Smartic</title>
<link>https://demo2wpopal.b-cdn.net/smartic</link>
<description>Just another WordPress site</description>
<pubDate>Thu, 27 Apr 2023 03:58:37 +0000</pubDate>
<language>en-US</language>
<wp:wxr_version>1.2</wp:wxr_version>
<wp:base_site_url>https://demo2wpopal.b-cdn.net/smartic</wp:base_site_url>
<wp:base_blog_url>https://demo2wpopal.b-cdn.net/smartic</wp:base_blog_url>
<generator>https://wordpress.org/?v=6.2</generator>
<item>
  <title><![CDATA[Home 32]]></title>
  <link>https://demo2wpopal.b-cdn.net/smartic/home-32/</link>
  <pubDate>Fri, 09 Apr 2021 07:43:29 +0000</pubDate>
  <dc:creator>admin</dc:creator>
  <guid isPermaLink="false">https://demo2wpopal.b-cdn.net/smartic/?page_id=11405</guid>
  <description/>
  <content:encoded><![CDATA[[rev_slider alias="niches_09_smartglasse" slidertitle="Home 32 smartglasses"][/rev_slider]		
												<img width="806" height="389" src="https://demo2wpopal.b-cdn.net/smartic/wp-content/uploads/2021/04/home-9_glasses-p.png" alt="" loading="lazy" srcset="https://demo2wpopal.b-cdn.net/smartic/wp-content/uploads/2021/04/home-9_glasses-p.png 806w, https://demo2wpopal.b-cdn.net/smartic/wp-content/uploads/2021/04/home-9_glasses-p-300x145.png 300w, https://demo2wpopal.b-cdn.net/smartic/wp-content/uploads/2021/04/home-9_glasses-p-768x371.png 768w, https://demo2wpopal.b-cdn.net/smartic/wp-content/uploads/2021/04/home-9_glasses-p-500x241.png 500w, https://demo2wpopal.b-cdn.net/smartic/wp-content/uploads/2021/04/home-9_glasses-p-800x386.png 800w" sizes="(max-width: 806px) 100vw, 806px" />														
			<h2>Smart Glasses</h2>		
		<p>smarter eyewear. built by athletes for athletes</p>		
			<h3>Improve</h3><p> Ut enim ad minim veniam, quis nostrud exercitation ullamco laboris nisi ut aliquip ex ea commodo consequat. 
</p>		
			<h3>SHOOT &amp; SHARE</h3><p> Ut enim ad minim veniam, quis nostrud exercitation ullamco laboris nisi ut aliquip ex ea commodo consequat. 
</p>		
			<h3>Track your activity</h3><p>Lorem ipsum dolor sit amet, consectetur adipisicing elit, sed do eiusmod tempor incididunt ut labore et dolore magna </p>		
			<a href="#" role="button">
						Learn More
					</a>
				<a href="#">
								</a>
				<h3>
					<a href="#" >
						Ride Better					</a>
				</h3>
									<p>
						Lorem ipsum dolor sit amet, consectetur adipisicing elit, sed do eiusmod tempor 					</p>
				<a href="#">
								</a>
				<h3>
					<a href="#" >
						Run smarter					</a>
				</h3>
									<p>
						Lorem ipsum dolor sit amet, consectetur adipisicing elit, sed do eiusmod tempor 					</p>
			<h2>Lightweight. Advanced Technology.</h2>		
		Smart glasses is designed to feel like your existing cycling glasses, which is why they are lightweight, aerodynamic and designed with human ergonomics in mind.		
                        display                    
                        camera                    
                        frame                    
                        power                    
                        control                    
                        audio                    
                                                    <style>.elementor-12692 .elementor-element.elementor-element-0d30812 > .elementor-container{max-width:960px;}.elementor-12692 .elementor-element.elementor-element-be08ae1{text-align:center;}.elementor-12692 .elementor-element.elementor-element-20e0d96 .elementor-heading-title{color:var( --e-global-color-accent );font-family:"Saira Condensed", Sans-serif;font-size:30px;font-weight:bold;text-transform:uppercase;line-height:40px;}.elementor-12692 .elementor-element.elementor-element-20e0d96 > .elementor-widget-container{margin:0px 0px 20px 0px;}</style>		
								<section data-id="0d30812" data-element_type="section">
												<img width="662" height="357" src="https://demo2wpopal.b-cdn.net/smartic/wp-content/uploads/2021/04/h32-images-02.png" alt="" loading="lazy" srcset="https://demo2wpopal.b-cdn.net/smartic/wp-content/uploads/2021/04/h32-images-02.png 662w, https://demo2wpopal.b-cdn.net/smartic/wp-content/uploads/2021/04/h32-images-02-300x162.png 300w, https://demo2wpopal.b-cdn.net/smartic/wp-content/uploads/2021/04/h32-images-02-500x270.png 500w" sizes="(max-width: 662px) 100vw, 662px" />														
			<h2>Immersive audio field</h2>		
				<p>Cllamco laboris nisi ut aliquip ex ea commodo consequat. Duis aute irure dolor in reprehenderit in voluptate velit esse cillum dolore eu fugiat nulla pariatur.</p>					
		</section>
                                                    <style>.elementor-12763 .elementor-element.elementor-element-67e5363 > .elementor-container{max-width:960px;}.elementor-12763 .elementor-element.elementor-element-af793af{text-align:center;}.elementor-12763 .elementor-element.elementor-element-f69bf5d .elementor-heading-title{color:var( --e-global-color-accent );font-family:"Saira Condensed", Sans-serif;font-size:30px;font-weight:bold;text-transform:uppercase;line-height:40px;}.elementor-12763 .elementor-element.elementor-element-f69bf5d > .elementor-widget-container{margin:0px 0px 20px 0px;}</style>		
								<section data-id="67e5363" data-element_type="section">
												<img width="658" height="351" src="https://demo2wpopal.b-cdn.net/smartic/wp-content/uploads/2021/04/h32-images-03.png" alt="" loading="lazy" srcset="https://demo2wpopal.b-cdn.net/smartic/wp-content/uploads/2021/04/h32-images-03.png 658w, https://demo2wpopal.b-cdn.net/smartic/wp-content/uploads/2021/04/h32-images-03-300x160.png 300w, https://demo2wpopal.b-cdn.net/smartic/wp-content/uploads/2021/04/h32-images-03-500x267.png 500w" sizes="(max-width: 658px) 100vw, 658px" />														
			<h2>Cllamco laboris nisi ut aliquip ex ea com</h2>		
				<p>Cllamco laboris nisi ut aliquip ex ea commodo consequat. Duis aute irure dolor in reprehenderit in voluptate velit esse cillum dolore eu fugiat nulla pariatur.</p>					
		</section>
                                                    <style>.elementor-12789 .elementor-element.elementor-element-78bf929 > .elementor-container{max-width:960px;}.elementor-12789 .elementor-element.elementor-element-b1729bb{text-align:center;}.elementor-12789 .elementor-element.elementor-element-b707ba2 .elementor-heading-title{color:var( --e-global-color-accent );font-family:"Saira Condensed", Sans-serif;font-size:30px;font-weight:bold;text-transform:uppercase;line-height:40px;}.elementor-12789 .elementor-element.elementor-element-b707ba2 > .elementor-widget-container{margin:0px 0px 20px 0px;}</style>		
								<section data-id="78bf929" data-element_type="section">
												<img width="638" height="408" src="https://demo2wpopal.b-cdn.net/smartic/wp-content/uploads/2021/04/h32-images-05.png" alt="" loading="lazy" srcset="https://demo2wpopal.b-cdn.net/smartic/wp-content/uploads/2021/04/h32-images-05.png 638w, https://demo2wpopal.b-cdn.net/smartic/wp-content/uploads/2021/04/h32-images-05-300x192.png 300w, https://demo2wpopal.b-cdn.net/smartic/wp-content/uploads/2021/04/h32-images-05-500x320.png 500w" sizes="(max-width: 638px) 100vw, 638px" />														
			<h2>Swappable Lithium-ion battery</h2>		
				<p>Cllamco laboris nisi ut aliquip ex ea commodo consequat. Duis aute irure dolor in reprehenderit in voluptate velit esse cillum dolore eu fugiat nulla pariatur.</p>					
		</section>
                                                    <style>.elementor-12692 .elementor-element.elementor-element-0d30812 > .elementor-container{max-width:960px;}.elementor-12692 .elementor-element.elementor-element-be08ae1{text-align:center;}.elementor-12692 .elementor-element.elementor-element-20e0d96 .elementor-heading-title{color:var( --e-global-color-accent );font-family:"Saira Condensed", Sans-serif;font-size:30px;font-weight:bold;text-transform:uppercase;line-height:40px;}.elementor-12692 .elementor-element.elementor-element-20e0d96 > .elementor-widget-container{margin:0px 0px 20px 0px;}</style>		
								<section data-id="0d30812" data-element_type="section">
												<img width="662" height="357" src="https://demo2wpopal.b-cdn.net/smartic/wp-content/uploads/2021/04/h32-images-02.png" alt="" loading="lazy" srcset="https://demo2wpopal.b-cdn.net/smartic/wp-content/uploads/2021/04/h32-images-02.png 662w, https://demo2wpopal.b-cdn.net/smartic/wp-content/uploads/2021/04/h32-images-02-300x162.png 300w, https://demo2wpopal.b-cdn.net/smartic/wp-content/uploads/2021/04/h32-images-02-500x270.png 500w" sizes="(max-width: 662px) 100vw, 662px" />														
			<h2>Immersive audio field</h2>		
				<p>Cllamco laboris nisi ut aliquip ex ea commodo consequat. Duis aute irure dolor in reprehenderit in voluptate velit esse cillum dolore eu fugiat nulla pariatur.</p>					
		</section>
                                                    <style>.elementor-12789 .elementor-element.elementor-element-78bf929 > .elementor-container{max-width:960px;}.elementor-12789 .elementor-element.elementor-element-b1729bb{text-align:center;}.elementor-12789 .elementor-element.elementor-element-b707ba2 .elementor-heading-title{color:var( --e-global-color-accent );font-family:"Saira Condensed", Sans-serif;font-size:30px;font-weight:bold;text-transform:uppercase;line-height:40px;}.elementor-12789 .elementor-element.elementor-element-b707ba2 > .elementor-widget-container{margin:0px 0px 20px 0px;}</style>		
								<section data-id="78bf929" data-element_type="section">
												<img width="638" height="408" src="https://demo2wpopal.b-cdn.net/smartic/wp-content/uploads/2021/04/h32-images-05.png" alt="" loading="lazy" srcset="https://demo2wpopal.b-cdn.net/smartic/wp-content/uploads/2021/04/h32-images-05.png 638w, https://demo2wpopal.b-cdn.net/smartic/wp-content/uploads/2021/04/h32-images-05-300x192.png 300w, https://demo2wpopal.b-cdn.net/smartic/wp-content/uploads/2021/04/h32-images-05-500x320.png 500w" sizes="(max-width: 638px) 100vw, 638px" />														
			<h2>Swappable Lithium-ion battery</h2>		
				<p>Cllamco laboris nisi ut aliquip ex ea commodo consequat. Duis aute irure dolor in reprehenderit in voluptate velit esse cillum dolore eu fugiat nulla pariatur.</p>					
		</section>
                                                    <style>.elementor-12763 .elementor-element.elementor-element-67e5363 > .elementor-container{max-width:960px;}.elementor-12763 .elementor-element.elementor-element-af793af{text-align:center;}.elementor-12763 .elementor-element.elementor-element-f69bf5d .elementor-heading-title{color:var( --e-global-color-accent );font-family:"Saira Condensed", Sans-serif;font-size:30px;font-weight:bold;text-transform:uppercase;line-height:40px;}.elementor-12763 .elementor-element.elementor-element-f69bf5d > .elementor-widget-container{margin:0px 0px 20px 0px;}</style>		
								<section data-id="67e5363" data-element_type="section">
												<img width="658" height="351" src="https://demo2wpopal.b-cdn.net/smartic/wp-content/uploads/2021/04/h32-images-03.png" alt="" loading="lazy" srcset="https://demo2wpopal.b-cdn.net/smartic/wp-content/uploads/2021/04/h32-images-03.png 658w, https://demo2wpopal.b-cdn.net/smartic/wp-content/uploads/2021/04/h32-images-03-300x160.png 300w, https://demo2wpopal.b-cdn.net/smartic/wp-content/uploads/2021/04/h32-images-03-500x267.png 500w" sizes="(max-width: 658px) 100vw, 658px" />														
			<h2>Cllamco laboris nisi ut aliquip ex ea com</h2>		
				<p>Cllamco laboris nisi ut aliquip ex ea commodo consequat. Duis aute irure dolor in reprehenderit in voluptate velit esse cillum dolore eu fugiat nulla pariatur.</p>					
		</section>
			<h2>protect your eyes<br>
in style</h2>		
		<p>At a basic level, the functions as glasses, meaning you will be able to order the lenses you depend on, whether they are prescription</p>		
			<a href="#" role="button">
						Learn More
					</a>
												<img src="https://demo2wpopal.b-cdn.net/smartic/wp-content/uploads/elementor/thumbs/home-9_layer-p5hn6t7mkc9at1poax6dt6wffvo4axfzlqx21hlhc0.png" title="home-9_layer.png" alt="home-9_layer.png" loading="lazy" />														
												<img width="453" height="542" src="https://demo2wpopal.b-cdn.net/smartic/wp-content/uploads/2021/04/h32-images-01.png" alt="" loading="lazy" srcset="https://demo2wpopal.b-cdn.net/smartic/wp-content/uploads/2021/04/h32-images-01.png 453w, https://demo2wpopal.b-cdn.net/smartic/wp-content/uploads/2021/04/h32-images-01-251x300.png 251w" sizes="(max-width: 453px) 100vw, 453px" />														
			<h2>Product Specs </h2>		
			<h2>Weight and Dimensions</h2>		
					<ul>
							<li>
										Product Dimensions: 160x180x50mm
									</li>
								<li>
										 Product Weight: 65gr
									</li>
								<li>
										Vista Module: 45 x 12 x 5.5 mm
									</li>
						</ul>
			<h2>display</h2>		
					<ul>
							<li>
										Widescreen WQVGA 16:9 microdisplay
									</li>
								<li>
										Sunlight readable – high contrast
									</li>
								<li>
										Virtual image appears is 3x larger than typical bike computer
									</li>
								<li>
										Field of View (FOV) 10.68
									</li>
						</ul>
			<h2>Battery</h2>		
					<ul>
							<li>
										Integrated battery
									</li>
								<li>
										Battery type: Lithium ion
									</li>
								<li>
										Rechargeable via MicroUSB connector
									</li>
								<li>
										Battery life: 5 hours typical use
									</li>
						</ul>
			<h2>Connectivity</h2>		
					<ul>
							<li>
										Bluetooth sensors (BLE)
									</li>
								<li>
										ANT+ sensors
									</li>
								<li>
										Micro USB – recharging port
									</li>
						</ul>
			<h2>Get 10% off<br>
your first order</h2>		
		<p>As a welcome to all our new customers we have a special code which you can use to get 10% off your first order.</p>		
			<a href="https://demo2wpopal.b-cdn.net/smartic/product/protect-your-eyes-in-style/" role="button">
						$545.0 - buy it now
					</a>]]></content:encoded>
  <excerpt:encoded><![CDATA[]]></excerpt:encoded>
  <wp:post_id>11405</wp:post_id>
  <wp:post_date>2021-04-09 07:43:29</wp:post_date>
  <wp:post_date_gmt>2021-04-09 07:43:29</wp:post_date_gmt>
  <wp:post_modified>2023-04-18 07:52:57</wp:post_modified>
  <wp:post_modified_gmt>2023-04-18 07:52:57</wp:post_modified_gmt>
  <wp:comment_status>closed</wp:comment_status>
  <wp:ping_status>closed</wp:ping_status>
  <wp:post_name>home-32</wp:post_name>
  <wp:status>publish</wp:status>
  <wp:post_parent>0</wp:post_parent>
  <wp:menu_order>0</wp:menu_order>
  <wp:post_type>page</wp:post_type>
  <wp:post_password/>
  <wp:is_sticky>0</wp:is_sticky>
  <wp:postmeta>
    <wp:meta_key>inline_featured_image</wp:meta_key>
    <wp:meta_value><![CDATA[0]]></wp:meta_value>
  </wp:postmeta>
  <wp:postmeta>
    <wp:meta_key>_edit_last</wp:meta_key>
    <wp:meta_value><![CDATA[9]]></wp:meta_value>
  </wp:postmeta>
  <wp:postmeta>
    <wp:meta_key>_wp_page_template</wp:meta_key>
    <wp:meta_value><![CDATA[template-homepage.php]]></wp:meta_value>
  </wp:postmeta>
  <wp:postmeta>
    <wp:meta_key>_elementor_edit_mode</wp:meta_key>
    <wp:meta_value><![CDATA[builder]]></wp:meta_value>
  </wp:postmeta>
  <wp:postmeta>
    <wp:meta_key>_elementor_template_type</wp:meta_key>
    <wp:meta_value><![CDATA[wp-page]]></wp:meta_value>
  </wp:postmeta>
  <wp:postmeta>
    <wp:meta_key>_elementor_version</wp:meta_key>
    <wp:meta_value><![CDATA[3.12.1]]></wp:meta_value>
  </wp:postmeta>
  <wp:postmeta>
    <wp:meta_key>_elementor_pro_version</wp:meta_key>
    <wp:meta_value><![CDATA[3.12.2]]></wp:meta_value>
  </wp:postmeta>
  <wp:postmeta>
    <wp:meta_key>_elementor_data</wp:meta_key>
    <wp:meta_value><![CDATA[[{"id":"2408c96f","elType":"section","settings":{"stretch_section":"section-stretched","layout":"full_width","gap":"no","content_delay_time":"0.50","html_tag":"div"},"elements":[{"id":"32c73ae5","elType":"column","settings":{"_column_size":100},"elements":[{"id":"98f98d7","elType":"widget","settings":{"revslidertitle":"Home 32 smartglasses","shortcode":"[rev_slider alias=\"niches_09_smartglasse\" slidertitle=\"Home 32 smartglasses\"][\/rev_slider]"},"elements":[],"widgetType":"slider_revolution"}],"isInner":false}],"isInner":false},{"id":"2b3973","elType":"section","settings":{"gap":"no","content_delay_time":"0.50","margin":{"unit":"px","top":"-144","right":0,"bottom":"0","left":0,"isLinked":false},"margin_mobile":{"unit":"px","top":"-57","right":0,"bottom":"0","left":0,"isLinked":false},"margin_tablet":{"unit":"px","top":"-122","right":0,"bottom":"0","left":0,"isLinked":false},"html_tag":"div"},"elements":[{"id":"6336732e","elType":"column","settings":{"_column_size":100,"space_between_widgets":0},"elements":[{"id":"7e963f0f","elType":"widget","settings":{"image":{"id":11893,"url":"https:\/\/demo2wpopal.b-cdn.net\/smartic\/wp-content\/uploads\/2021\/04\/home-9_glasses-p.png"},"image_size":"full","align":"center","_animation":"zoomIn","_margin":{"unit":"px","top":"0","right":"0","bottom":"0","left":"0","isLinked":false},"_z_index":1},"elements":[],"widgetType":"image"}],"isInner":false}],"isInner":false},{"id":"63ef966c","elType":"section","settings":{"stretch_section":"section-stretched","gap":"no","content_delay_time":"0.50","margin":{"unit":"px","top":"0","right":0,"bottom":"100","left":0,"isLinked":false},"margin_mobile":{"unit":"px","top":"0","right":0,"bottom":"40","left":0,"isLinked":false},"padding":{"unit":"px","top":"0","right":"30","bottom":"0","left":"30","isLinked":false},"padding_mobile":{"unit":"px","top":"0","right":"15","bottom":"0","left":"15","isLinked":false},"html_tag":"div"},"elements":[{"id":"135c6e39","elType":"column","settings":{"_column_size":100,"space_between_widgets":0},"elements":[{"id":"3d1679d6","elType":"widget","settings":{"title":"Smart Glasses","align":"center","typography_typography":"custom","typography_font_size":{"unit":"px","size":40,"sizes":[]},"typography_font_size_mobile":{"unit":"px","size":35,"sizes":[]},"typography_font_weight":"700","typography_letter_spacing":{"unit":"px","size":-1,"sizes":[]},"_margin":{"unit":"px","top":"0","right":"0","bottom":"15","left":"0","isLinked":false},"_animation":"opal-move-up","animation_duration":"fast","__globals__":{"title_color":"globals\/colors?id=accent"},"typography_font_family":"Saira Condensed","typography_text_transform":"uppercase"},"elements":[],"widgetType":"heading"},{"id":"17c39a19","elType":"widget","settings":{"editor":"<p>smarter eyewear. built by athletes for athletes<\/p>","align":"center","typography_typography":"custom","typography_font_size":{"unit":"px","size":16,"sizes":[]},"typography_font_weight":"600","typography_text_transform":"uppercase","_margin":{"unit":"px","top":"0","right":"0","bottom":"60","left":"0","isLinked":false},"_animation":"opal-move-up","animation_duration":"fast","_margin_tablet":{"unit":"px","top":"0","right":"0","bottom":"50","left":"0","isLinked":false},"_margin_mobile":{"unit":"px","top":"0","right":"0","bottom":"40","left":"0","isLinked":false},"text_color":"#999999","typography_font_family":"BROmny","typography_letter_spacing":{"unit":"px","size":3,"sizes":[]}},"elements":[],"widgetType":"text-editor"},{"id":"6770757d","elType":"section","settings":{"layout":"full_width","gap":"no","structure":"30","content_delay_time":"0.50","margin":{"unit":"px","top":"0","right":0,"bottom":"30","left":0,"isLinked":false},"margin_mobile":{"unit":"px","top":"0","right":0,"bottom":"10","left":0,"isLinked":false},"html_tag":"div"},"elements":[{"id":"69092ab2","elType":"column","settings":{"_column_size":33,"_inline_size":null,"space_between_widgets":0,"border_radius_hover":{"unit":"px","top":"10","right":"10","bottom":"10","left":"10","isLinked":true},"box_shadow_hover_box_shadow":{"horizontal":0,"vertical":0,"blur":30,"spread":2,"color":"rgba(0,0,0,0.1)"},"padding":{"unit":"px","top":"0","right":"50","bottom":"30","left":"50","isLinked":false},"animation":"opal-move-up","animation_duration":"fast","padding_tablet":{"unit":"px","top":"0","right":"30","bottom":"30","left":"0","isLinked":false},"padding_mobile":{"unit":"px","top":"0","right":"0","bottom":"30","left":"0","isLinked":false},"_inline_size_tablet":50},"elements":[{"id":"17242272","elType":"widget","settings":{"image":{"url":"","id":""},"title_text":"Improve","description_text":" Ut enim ad minim veniam, quis nostrud exercitation ullamco laboris nisi ut aliquip ex ea commodo consequat. \n","title_typography_typography":"custom","title_typography_font_family":"Saira Condensed","title_typography_font_size":{"unit":"px","size":30,"sizes":[]},"title_typography_font_weight":"700","title_typography_letter_spacing":{"unit":"px","size":-0.75,"sizes":[]},"description_typography_typography":"custom","description_typography_font_weight":"300","title_bottom_space_mobile":{"unit":"px","size":10,"sizes":[]},"__globals__":{"title_color":"globals\/colors?id=accent"},"title_typography_text_transform":"uppercase"},"elements":[],"widgetType":"image-box"}],"isInner":true},{"id":"2a922a31","elType":"column","settings":{"_column_size":33,"_inline_size":null,"space_between_widgets":0,"border_radius_hover":{"unit":"px","top":"10","right":"10","bottom":"10","left":"10","isLinked":true},"box_shadow_hover_box_shadow":{"horizontal":0,"vertical":0,"blur":30,"spread":2,"color":"rgba(0,0,0,0.1)"},"padding":{"unit":"px","top":"0","right":"50","bottom":"30","left":"50","isLinked":false},"animation":"opal-move-up","animation_duration":"fast","padding_tablet":{"unit":"px","top":"0","right":"0","bottom":"30","left":"30","isLinked":false},"padding_mobile":{"unit":"px","top":"0","right":"0","bottom":"30","left":"0","isLinked":false},"_inline_size_tablet":50},"elements":[{"id":"646f0103","elType":"widget","settings":{"image":{"url":"","id":""},"title_text":"SHOOT &amp; SHARE","description_text":" Ut enim ad minim veniam, quis nostrud exercitation ullamco laboris nisi ut aliquip ex ea commodo consequat. \n","title_typography_typography":"custom","title_typography_font_family":"Saira Condensed","title_typography_font_size":{"unit":"px","size":30,"sizes":[]},"title_typography_font_weight":"700","title_typography_letter_spacing":{"unit":"px","size":-0.75,"sizes":[]},"description_typography_typography":"custom","description_typography_font_weight":"300","title_bottom_space_mobile":{"unit":"px","size":10,"sizes":[]},"__globals__":{"title_color":"globals\/colors?id=accent"}},"elements":[],"widgetType":"image-box"}],"isInner":true},{"id":"12dbeec1","elType":"column","settings":{"_column_size":33,"_inline_size":null,"space_between_widgets":0,"border_radius_hover":{"unit":"px","top":"10","right":"10","bottom":"10","left":"10","isLinked":true},"box_shadow_hover_box_shadow":{"horizontal":0,"vertical":0,"blur":30,"spread":2,"color":"rgba(0,0,0,0.1)"},"padding":{"unit":"px","top":"0","right":"50","bottom":"30","left":"50","isLinked":false},"animation":"opal-move-up","animation_duration":"fast","padding_tablet":{"unit":"px","top":"0","right":"0","bottom":"15","left":"20","isLinked":false},"padding_mobile":{"unit":"px","top":"0","right":"0","bottom":"20","left":"0","isLinked":false},"_inline_size_tablet":100,"align_tablet":"center"},"elements":[{"id":"683901ee","elType":"widget","settings":{"image":{"url":"","id":""},"title_text":"Track your activity","description_text":"Lorem ipsum dolor sit amet, consectetur adipisicing elit, sed do eiusmod tempor incididunt ut labore et dolore magna ","title_typography_typography":"custom","title_typography_font_family":"Saira Condensed","title_typography_font_size":{"unit":"px","size":30,"sizes":[]},"title_typography_font_weight":"700","title_typography_letter_spacing":{"unit":"px","size":-0.75,"sizes":[]},"description_typography_typography":"custom","description_typography_font_weight":"300","title_bottom_space_mobile":{"unit":"px","size":10,"sizes":[]},"__globals__":{"title_color":"globals\/colors?id=accent"},"title_typography_text_transform":"uppercase","_element_width_tablet":"initial","_element_custom_width_tablet":{"unit":"px","size":350,"sizes":[]}},"elements":[],"widgetType":"image-box"}],"isInner":true}],"isInner":true},{"id":"30684390","elType":"widget","settings":{"text":"Learn More","align":"center","size":"xl","_animation":"opal-scale-up","animation_duration":"fast","typography_typography":"custom","typography_font_family":"BROmny","typography_font_size_tablet":{"unit":"px","size":14,"sizes":[]},"typography_font_weight":"bold","typography_line_height_tablet":{"unit":"px","size":18,"sizes":[]},"text_padding_tablet":{"unit":"px","top":"18","right":"40","bottom":"18","left":"40","isLinked":false}},"elements":[],"widgetType":"button"}],"isInner":false}],"isInner":false},{"id":"5c7d30c","elType":"section","settings":{"stretch_section":"section-stretched","gap":"no","custom_height":{"unit":"px","size":540,"sizes":[]},"content_position":"bottom","content_delay_time":"0.50","margin":{"unit":"px","top":"0","right":0,"bottom":"120","left":0,"isLinked":false},"margin_tablet":{"unit":"px","top":"0","right":0,"bottom":"100","left":0,"isLinked":false},"margin_mobile":{"unit":"px","top":"0","right":0,"bottom":"40","left":0,"isLinked":false},"padding_mobile":{"unit":"px","top":"0","right":"15","bottom":"0","left":"15","isLinked":false},"content_width":{"unit":"px","size":1600,"sizes":[]},"html_tag":"div"},"elements":[{"id":"e78197a","elType":"column","settings":{"_column_size":100,"_inline_size":null},"elements":[{"id":"157eb3e","elType":"section","settings":{"layout":"full_width","gap":"no","height_inner":"min-height","custom_height_inner":{"unit":"px","size":540,"sizes":[]},"structure":"20","html_tag":"div"},"elements":[{"id":"d8f1778","elType":"column","settings":{"_column_size":50,"_inline_size":null,"space_between_widgets":0,"background_background":"classic","background_image":{"id":11894,"url":"https:\/\/demo2wpopal.b-cdn.net\/smartic\/wp-content\/uploads\/2021\/04\/home-9_banner9-1.jpg"},"background_overlay_background":"gradient","background_overlay_color":"rgba(228,54,54,0)","background_overlay_color_stop":{"unit":"%","size":5,"sizes":[]},"background_overlay_color_b":"#000000","background_overlay_color_b_stop":{"unit":"%","size":80,"sizes":[]},"background_overlay_gradient_angle":{"unit":"deg","size":90,"sizes":[]},"background_overlay_opacity":{"unit":"px","size":0.6999999999999999555910790149937383830547332763671875,"sizes":[]},"padding":{"unit":"px","top":"90","right":"90","bottom":"90","left":"90","isLinked":false},"background_color":"#000000","background_position_mobile":"bottom right","background_bg_width_mobile":{"unit":"px","size":0,"sizes":[]},"padding_mobile":{"unit":"px","top":"60","right":"15","bottom":"60","left":"15","isLinked":false},"background_hover_background":"classic","background_hover_color_b":"#e43636","background_hover_transition":{"unit":"px","size":0.8000000000000000444089209850062616169452667236328125,"sizes":[]},"background_overlay_hover_background":"classic","background_overlay_hover_color_stop":{"unit":"%","size":20,"sizes":[]},"background_overlay_hover_color_b":"rgba(96,51,158,0.48)","background_overlay_hover_color_b_stop":{"unit":"%","size":70,"sizes":[]},"background_overlay_hover_gradient_angle":{"unit":"deg","size":90,"sizes":[]},"background_overlay_hover_opacity":{"unit":"px","size":"","sizes":[]},"border_hover_color":"#ffffff","background_repeat":"no-repeat","padding_tablet":{"unit":"%","top":"10","right":"10","bottom":"30","left":"10","isLinked":false},"content_position":"bottom","align":"flex-end"},"elements":[{"id":"69293c4","elType":"widget","settings":{"icon":"opal-icon-ride","title_text":"Ride Better","description_text":"Lorem ipsum dolor sit amet, consectetur adipisicing elit, sed do eiusmod tempor ","icon_size":{"unit":"px","size":65,"sizes":[]},"text_align":"right","title_color":"#ffffff","title_typography_typography":"custom","title_typography_font_family":"Saira Condensed","title_typography_font_size":{"unit":"px","size":30,"sizes":[]},"title_typography_font_weight":"700","description_color":"#ffffff","description_typography_typography":"custom","description_typography_font_size":{"unit":"px","size":16,"sizes":[]},"description_typography_font_weight":"400","description_typography_line_height":{"unit":"px","size":30,"sizes":[]},"_animation":"opal-move-up","animation_duration":"fast","text_align_mobile":"center","icon_padding":{"unit":"px","top":"0","right":"12","bottom":"0","left":"0","isLinked":false},"title_color_hover":"#000000","_border_hover_width":{"unit":"px","top":"1","right":"1","bottom":"1","left":"1","isLinked":true},"selected_icon":{"value":"smartic-icon- smartic-icon-ride","library":"smartic-icon-new"},"__fa4_migrated":{"selected_icon":true},"_element_width":"initial","_element_custom_width":{"unit":"px","size":330,"sizes":[]},"icon_space":{"unit":"px","size":14,"sizes":[]},"title_typography_text_transform":"uppercase","title_typography_line_height":{"unit":"px","size":40,"sizes":[]},"__globals__":{"hover_primary_color":"globals\/colors?id=primary","primary_color":"globals\/colors?id=primary"},"link":{"url":"#","is_external":"","nofollow":"","custom_attributes":""}},"elements":[],"widgetType":"icon-box"}],"isInner":true},{"id":"2672217","elType":"column","settings":{"_column_size":50,"_inline_size":null,"space_between_widgets":0,"background_background":"classic","background_image":{"id":11895,"url":"https:\/\/demo2wpopal.b-cdn.net\/smartic\/wp-content\/uploads\/2021\/04\/home-9_banner9-2.jpg"},"background_overlay_background":"gradient","background_overlay_color":"rgba(228,54,54,0)","background_overlay_color_stop":{"unit":"%","size":5,"sizes":[]},"background_overlay_color_b":"#000000","background_overlay_color_b_stop":{"unit":"%","size":80,"sizes":[]},"background_overlay_gradient_angle":{"unit":"deg","size":90,"sizes":[]},"background_overlay_opacity":{"unit":"px","size":0.6999999999999999555910790149937383830547332763671875,"sizes":[]},"padding":{"unit":"px","top":"90","right":"90","bottom":"90","left":"90","isLinked":true},"padding_mobile":{"unit":"px","top":"60","right":"15","bottom":"60","left":"15","isLinked":false},"padding_tablet":{"unit":"%","top":"10","right":"10","bottom":"30","left":"10","isLinked":false},"content_position":"bottom","align":"flex-end"},"elements":[{"id":"defca7d","elType":"widget","settings":{"icon":"opal-icon-run","title_text":"Run smarter","description_text":"Lorem ipsum dolor sit amet, consectetur adipisicing elit, sed do eiusmod tempor ","icon_size":{"unit":"px","size":50,"sizes":[]},"text_align":"right","title_color":"#ffffff","title_typography_typography":"custom","title_typography_font_family":"Saira Condensed","title_typography_font_size":{"unit":"px","size":30,"sizes":[]},"title_typography_font_weight":"700","description_color":"#ffffff","description_typography_typography":"custom","description_typography_font_size":{"unit":"px","size":16,"sizes":[]},"description_typography_font_weight":"400","description_typography_line_height":{"unit":"px","size":30,"sizes":[]},"_animation":"opal-move-up","animation_duration":"fast","text_align_mobile":"center","title_color_hover":"#000000","selected_icon":{"value":"smartic-icon- smartic-icon-run","library":"smartic-icon-new"},"_element_width":"initial","_element_custom_width":{"unit":"px","size":330,"sizes":[]},"__fa4_migrated":{"selected_icon":true},"title_typography_text_transform":"uppercase","title_typography_line_height":{"unit":"px","size":40,"sizes":[]},"__globals__":{"hover_primary_color":"globals\/colors?id=primary","primary_color":"globals\/colors?id=primary"},"link":{"url":"#","is_external":"","nofollow":"","custom_attributes":""}},"elements":[],"widgetType":"icon-box"}],"isInner":true}],"isInner":true}],"isInner":false}],"isInner":false},{"id":"2a281dd","elType":"section","settings":{"content_delay_time":"0.50","gap":"no","margin":{"unit":"px","top":"0","right":0,"bottom":"100","left":0,"isLinked":false},"stretch_section":"section-stretched","margin_mobile":{"unit":"px","top":"0","right":0,"bottom":"50","left":0,"isLinked":false},"padding":{"unit":"px","top":"0","right":"30","bottom":"0","left":"30","isLinked":false},"padding_mobile":{"unit":"px","top":"0","right":"15","bottom":"0","left":"15","isLinked":false},"html_tag":"div"},"elements":[{"id":"1b9a21d1","elType":"column","settings":{"_column_size":100,"space_between_widgets":0},"elements":[{"id":"3c26e816","elType":"section","settings":{"content_width":{"unit":"px","size":750,"sizes":[]},"gap":"no","content_delay_time":"0.50","html_tag":"div"},"elements":[{"id":"29e2a2bc","elType":"column","settings":{"_column_size":100,"_inline_size":null,"space_between_widgets":0},"elements":[{"id":"299e20a9","elType":"widget","settings":{"title":"Lightweight. Advanced Technology.","align":"center","title_color":"#000000","typography_typography":"custom","typography_font_size":{"unit":"px","size":40},"typography_font_weight":"700","typography_text_transform":"uppercase","typography_line_height":{"unit":"px","size":""},"typography_letter_spacing":{"unit":"px","size":""},"typography_font_size_tablet":{"unit":"px","size":26},"_margin":{"unit":"px","top":"0","right":"0","bottom":"30","left":"0","isLinked":false},"_animation":"opal-move-up","animation_duration":"fast","typography_font_size_mobile":{"unit":"px","size":32,"sizes":[]},"typography_font_family":"Saira Condensed"},"elements":[],"widgetType":"heading"},{"id":"56484c96","elType":"widget","settings":{"editor":"Smart glasses is designed to feel like your existing cycling glasses, which is why they are lightweight, aerodynamic and designed with human ergonomics in mind.","align":"center","typography_typography":"custom","typography_font_size":{"unit":"px","size":16},"typography_font_weight":"normal","_margin":{"unit":"px","top":"0","right":"0","bottom":"40","left":"0","isLinked":false},"_animation":"opal-move-up","animation_duration":"fast"},"elements":[],"widgetType":"text-editor"}],"isInner":true}],"isInner":true},{"id":"e85d8e9","elType":"widget","settings":{"tabs":[{"_id":"50f5c86","tab_title":"display","source":"template","tab_template":"12692"},{"tab_title":"camera","source":"template","tab_template":"12763","_id":"40b4784"},{"tab_title":"frame","source":"template","tab_template":"12789","_id":"f89c225"},{"tab_title":"power","source":"template","tab_template":"12692","_id":"7069db9"},{"tab_title":"control","source":"template","tab_template":"12789","_id":"debd274"},{"tab_title":"audio","source":"template","tab_template":"12763","_id":"65008a2"}],"type":"vertical","border_tabs_title_border":"solid","border_tabs_title_width":{"unit":"px","top":"0","right":"0","bottom":"1","left":"0","isLinked":false},"tab_title_width":{"unit":"px","size":170,"sizes":[]},"tab_typography_typography":"custom","tab_typography_font_family":"Saira Condensed","tab_typography_font_size":{"unit":"px","size":18,"sizes":[]},"tab_typography_font_weight":"600","tab_typography_text_transform":"uppercase","title_color":"#666666","border_tabs_title_color":"#DDDDDD","tab_title_padding":{"unit":"px","top":"20","right":"0","bottom":"20","left":"0","isLinked":false},"align_title":"flex-start","__globals__":{"title_color":"globals\/colors?id=text","title_background_color":"","title_active_color":"globals\/colors?id=accent","title_active_border_color":"globals\/colors?id=accent","title_hover_color":"globals\/colors?id=accent","title_hover_border_color":"globals\/colors?id=accent"},"tab_header_padding":{"unit":"px","top":"70","right":"0","bottom":"0","left":"0","isLinked":false},"navigation_width_mobile":{"unit":"%","size":100,"sizes":[]},"tab_header_padding_mobile":{"unit":"px","top":"0","right":"0","bottom":"0","left":"0","isLinked":false},"tab_title_width_mobile":{"unit":"%","size":100,"sizes":[]},"align_title_mobile":"center","border_content_border":"solid","border_content_width":{"unit":"px","top":"0","right":"0","bottom":"0","left":"0","isLinked":true},"border_content_width_mobile":{"unit":"px","top":"0","right":"0","bottom":"0","left":"0","isLinked":true},"content_padding_mobile":{"unit":"px","top":"30","right":"10","bottom":"10","left":"10","isLinked":false},"tab_header_padding_tablet":{"unit":"px","top":"50","right":"0","bottom":"0","left":"0","isLinked":false}},"elements":[],"widgetType":"smartic-tabs"}],"isInner":false}],"isInner":false},{"id":"4aeabce4","elType":"section","settings":{"stretch_section":"section-stretched","content_width":{"unit":"px","size":1600},"content_delay_time":"0.50","background_image":{"id":11897,"url":"https:\/\/demo2wpopal.b-cdn.net\/smartic\/wp-content\/uploads\/2021\/04\/home-9_bg.jpg"},"padding":{"unit":"px","top":"0","right":"30","bottom":"0","left":"30","isLinked":false},"parallax_speed":1.3000000000000000444089209850062616169452667236328125,"overflow":"hidden","background_position":"bottom right","background_attachment":"fixed","background_repeat":"no-repeat","background_size_mobile":"initial","background_bg_width_mobile":{"unit":"%","size":70,"sizes":[]},"background_overlay_color":"#02010f","background_overlay_color_stop":{"unit":"%","size":80,"sizes":[]},"background_overlay_color_b":"rgba(228,54,54,0)","background_overlay_gradient_angle":{"unit":"deg","size":90,"sizes":[]},"background_overlay_opacity":{"unit":"px","size":0.59999999999999997779553950749686919152736663818359375,"sizes":[]},"margin":{"unit":"px","top":"0","right":0,"bottom":"100","left":0,"isLinked":false},"padding_mobile":{"unit":"px","top":"0","right":"15","bottom":"0","left":"15","isLinked":false},"background_position_tablet":"bottom right","background_position_mobile":"bottom right","background_size_tablet":"initial","background_bg_width_tablet":{"unit":"%","size":50,"sizes":[]},"gap":"no","margin_mobile":{"unit":"px","top":"0","right":0,"bottom":"50","left":0,"isLinked":false},"html_tag":"div"},"elements":[{"id":"73b53f7c","elType":"column","settings":{"_column_size":100,"padding":{"unit":"px","top":"90","right":"0","bottom":"0","left":"0","isLinked":false},"align":"center","space_between_widgets":0,"background_background":"classic","background_color":"#050414","background_image":{"url":"https:\/\/demo2wpopal.b-cdn.net\/smartic\/wp-content\/uploads\/2021\/04\/home-9_bg.jpg","id":11897},"background_position":"bottom right","background_attachment":"fixed","background_repeat":"no-repeat","background_repeat_mobile":"no-repeat","background_position_tablet":"center right","background_position_mobile":"center left","background_size":"auto","padding_mobile":{"unit":"px","top":"60","right":"10","bottom":"0","left":"10","isLinked":false}},"elements":[{"id":"788115d1","elType":"widget","settings":{"title":"protect your eyes<br>\nin style","align":"center","title_color":"#ffffff","typography_typography":"custom","typography_font_size":{"unit":"px","size":40},"typography_font_weight":"700","typography_text_transform":"uppercase","typography_line_height":{"unit":"px","size":48},"typography_letter_spacing":{"unit":"px","size":""},"typography_font_size_tablet":{"unit":"px","size":""},"_animation":"opal-move-up","_margin":{"unit":"px","top":"0","right":"0","bottom":"5","left":"0","isLinked":false},"animation_duration":"fast","_element_custom_width":{"unit":"px","size":450,"sizes":[]},"typography_font_family":"Saira Condensed","typography_font_size_mobile":{"unit":"px","size":32,"sizes":[]}},"elements":[],"widgetType":"heading"},{"id":"3e52f355","elType":"widget","settings":{"editor":"<p>At a basic level, the functions as glasses, meaning you will be able to order the lenses you depend on, whether they are prescription<\/p>","align":"center","typography_typography":"custom","typography_font_size":{"unit":"px","size":16},"typography_font_weight":"300","text_color":"#999999","_animation":"opal-move-up","typography_line_height":{"unit":"px","size":30,"sizes":[]},"_margin":{"unit":"px","top":"0","right":"0","bottom":"25","left":"0","isLinked":false},"animation_duration":"fast","_element_width":"initial","_element_custom_width":{"unit":"px","size":580,"sizes":[]},"_margin_mobile":{"unit":"px","top":"0","right":"0","bottom":"40","left":"0","isLinked":false}},"elements":[],"widgetType":"text-editor"},{"id":"58fffd4","elType":"widget","settings":{"text":"Learn More","align":"center","size":"xl","_animation":"opal-scale-up","animation_duration":"fast","typography_typography":"custom","typography_font_family":"BROmny","typography_font_size_tablet":{"unit":"px","size":14,"sizes":[]},"typography_font_weight":"bold","typography_line_height_tablet":{"unit":"px","size":18,"sizes":[]},"text_padding_tablet":{"unit":"px","top":"18","right":"40","bottom":"18","left":"40","isLinked":false},"_margin":{"unit":"px","top":"0","right":"0","bottom":"20","left":"0","isLinked":false}},"elements":[],"widgetType":"button"},{"id":"17811e40","elType":"widget","settings":{"image":{"id":11896,"url":"https:\/\/demo2wpopal.b-cdn.net\/smartic\/wp-content\/uploads\/2021\/04\/home-9_layer.png"},"image_size":"custom","image_custom_dimension":{"width":"987","height":"302"},"background_hover_transition":{"unit":"px","size":0.40000000000000002220446049250313080847263336181640625,"sizes":[]},"hover_animation":"grow","_animation":"opal-move-up","animation_duration":"fast"},"elements":[],"widgetType":"image"}],"isInner":false}],"isInner":false},{"id":"67c8a250","elType":"section","settings":{"stretch_section":"section-stretched","content_width":{"unit":"px","size":""},"structure":"20","content_delay_time":"0.50","border_width":{"unit":"px","top":"0","right":"0","bottom":"3","left":"0","isLinked":false},"border_color":"#60339e","padding":{"unit":"px","top":"0","right":"30","bottom":"0","left":"30","isLinked":false},"gap":"no","margin":{"unit":"px","top":"","right":0,"bottom":"","left":0,"isLinked":true},"padding_mobile":{"unit":"px","top":"0","right":"15","bottom":"0","left":"15","isLinked":false},"reverse_order_tablet":"reverse-tablet","reverse_order_mobile":"reverse-mobile","padding_tablet":{"unit":"px","top":"0","right":"30","bottom":"0","left":"30","isLinked":false},"html_tag":"div"},"elements":[{"id":"448a769a","elType":"column","settings":{"_column_size":50,"_inline_size":41.60000000000000142108547152020037174224853515625,"schedule_end_date":"2018-11-30 00:00","padding":{"unit":"px","top":"0","right":"0","bottom":"0","left":"0","isLinked":true},"_inline_size_tablet":100,"space_between_widgets":0,"border_width":{"unit":"px","top":"0","right":"0","bottom":"1","left":"0","isLinked":false},"border_color":"#E4E4E4","__globals__":{"border_color":""}},"elements":[{"id":"f10e7fa","elType":"widget","settings":{"image":{"url":"https:\/\/demo2wpopal.b-cdn.net\/smartic\/wp-content\/uploads\/2021\/04\/h32-images-01.png","id":12287},"image_size":"full","align":"left","align_tablet":"center"},"elements":[],"widgetType":"image"}],"isInner":false},{"id":"70d39698","elType":"column","settings":{"_column_size":50,"_inline_size":58.39999999999999857891452847979962825775146484375,"_inline_size_tablet":100,"schedule_end_date":"2018-11-30 00:00","padding":{"unit":"px","top":"20","right":"0","bottom":"0","left":"0","isLinked":false},"padding_tablet":{"unit":"px","top":"0","right":"0","bottom":"50","left":"0","isLinked":false},"space_between_widgets":0},"elements":[{"id":"2e0054ba","elType":"widget","settings":{"title":"Product Specs ","title_color":"#000000","typography_typography":"custom","typography_font_size":{"unit":"px","size":40},"typography_font_weight":"700","typography_text_transform":"uppercase","typography_line_height":{"unit":"px","size":""},"typography_letter_spacing":{"unit":"px","size":-1},"typography_font_size_tablet":{"unit":"px","size":26},"align_tablet":"center","_margin":{"unit":"px","top":"0","right":"0","bottom":"50","left":"0","isLinked":false},"_animation":"opal-move-up","animation_duration":"fast","_margin_mobile":{"unit":"px","top":"0","right":"0","bottom":"40","left":"0","isLinked":false},"typography_font_family":"Saira Condensed"},"elements":[],"widgetType":"heading"},{"id":"2e43bb05","elType":"section","settings":{"structure":"20","content_delay_time":"0.50","margin":{"unit":"px","top":"","right":0,"bottom":"","left":0,"isLinked":true},"gap":"no","animation":"opal-move-up","animation_duration":"fast","html_tag":"div"},"elements":[{"id":"70ff36b9","elType":"column","settings":{"_column_size":50,"_inline_size":null,"space_between_widgets":0,"margin":{"unit":"px","top":"0","right":"40","bottom":"0","left":"0","isLinked":false},"margin_tablet":{"unit":"px","top":"0","right":"30","bottom":"0","left":"0","isLinked":false},"margin_mobile":{"unit":"px","top":"0","right":"0","bottom":"50","left":"0","isLinked":false},"align_mobile":"center"},"elements":[{"id":"5c7c6904","elType":"widget","settings":{"title":"Weight and Dimensions","title_color":"#000000","typography_typography":"custom","typography_font_size":{"unit":"px","size":18},"typography_font_weight":"700","typography_text_transform":"uppercase","typography_line_height":{"unit":"px","size":""},"typography_letter_spacing":{"unit":"px","size":""},"align_mobile":"center","_margin":{"unit":"px","top":"0","right":"0","bottom":"10","left":"0","isLinked":false},"typography_font_family":"Saira Condensed"},"elements":[],"widgetType":"heading"},{"id":"59eff002","elType":"widget","settings":{"icon_list":[{"text":"Product Dimensions: 160x180x50mm","icon":"fa fa-arrow-circle-o-right","_id":"a38a3c3","selected_icon":{"value":"far fa-arrow-alt-circle-right","library":"fa-regular"},"__fa4_migrated":{"selected_icon":true}},{"text":" Product Weight: 65gr","icon":"fa fa-arrow-circle-o-right","_id":"769051d","selected_icon":{"value":"far fa-arrow-alt-circle-right","library":"fa-regular"},"__fa4_migrated":{"selected_icon":true}},{"text":"Vista Module: 45 x 12 x 5.5 mm","icon":"fa fa-arrow-circle-o-right","_id":"acffd54","selected_icon":{"value":"far fa-arrow-alt-circle-right","library":"fa-regular"},"__fa4_migrated":{"selected_icon":true}}],"icon_color":"#cccccc","text_color":"#666666","_margin":{"unit":"px","top":"0","right":"0","bottom":"65","left":"0","isLinked":false},"space_between":{"unit":"px","size":5},"list_item_margin":{"unit":"px","top":"0","right":"0","bottom":"5","left":"0","isLinked":false},"icon_typography_typography":"custom","icon_typography_font_weight":"300","_margin_mobile":{"unit":"px","top":"0","right":"15","bottom":"50","left":"15","isLinked":false},"icon_align_mobile":"left","_element_custom_width_mobile":{"unit":"%","size":87,"sizes":[]},"_element_width_mobile":"initial"},"elements":[],"widgetType":"icon-list"},{"id":"50d9fa8","elType":"widget","settings":{"title":"display","title_color":"#000000","typography_typography":"custom","typography_font_size":{"unit":"px","size":18},"typography_font_weight":"700","typography_text_transform":"uppercase","typography_line_height":{"unit":"px","size":""},"typography_letter_spacing":{"unit":"px","size":""},"align_mobile":"center","_margin":{"unit":"px","top":"0","right":"0","bottom":"10","left":"0","isLinked":false},"typography_font_family":"Saira Condensed"},"elements":[],"widgetType":"heading"},{"id":"7749ca3b","elType":"widget","settings":{"icon_list":[{"text":"Widescreen WQVGA 16:9 microdisplay","icon":"fa fa-arrow-circle-o-right","_id":"a38a3c3","selected_icon":{"value":"far fa-arrow-alt-circle-right","library":"fa-regular"},"__fa4_migrated":{"selected_icon":true}},{"text":"Sunlight readable \u2013 high contrast","icon":"fa fa-arrow-circle-o-right","_id":"769051d","selected_icon":{"value":"far fa-arrow-alt-circle-right","library":"fa-regular"},"__fa4_migrated":{"selected_icon":true}},{"text":"Virtual image appears is 3x larger than typical bike computer","icon":"fa fa-arrow-circle-o-right","_id":"acffd54","selected_icon":{"value":"far fa-arrow-alt-circle-right","library":"fa-regular"},"__fa4_migrated":{"selected_icon":true}},{"text":"Field of View (FOV) 10.68","icon":"fa fa-arrow-circle-o-right","_id":"148eb41","selected_icon":{"value":"far fa-arrow-alt-circle-right","library":"fa-regular"},"__fa4_migrated":{"selected_icon":true}}],"icon_color":"#cccccc","text_color":"#666666","space_between":{"unit":"px","size":5},"list_item_margin":{"unit":"px","top":"0","right":"0","bottom":"5","left":"0","isLinked":false},"icon_typography_typography":"custom","icon_typography_font_weight":"300","_margin_mobile":{"unit":"px","top":"0","right":"15","bottom":"0","left":"15","isLinked":false},"_element_width_mobile":"initial","_element_custom_width_mobile":{"unit":"%","size":93,"sizes":[]}},"elements":[],"widgetType":"icon-list"}],"isInner":true},{"id":"5b5da652","elType":"column","settings":{"_column_size":50,"_inline_size":null,"space_between_widgets":0,"margin":{"unit":"px","top":"0","right":"0","bottom":"0","left":"40","isLinked":false},"margin_tablet":{"unit":"px","top":"0","right":"30","bottom":"0","left":"0","isLinked":false},"margin_mobile":{"unit":"px","top":"0","right":"0","bottom":"0","left":"0","isLinked":false},"align_mobile":"center"},"elements":[{"id":"494516ff","elType":"widget","settings":{"title":"Battery","title_color":"#000000","typography_typography":"custom","typography_font_size":{"unit":"px","size":18},"typography_font_weight":"700","typography_text_transform":"uppercase","typography_line_height":{"unit":"px","size":""},"typography_letter_spacing":{"unit":"px","size":""},"align_mobile":"center","_margin":{"unit":"px","top":"0","right":"0","bottom":"10","left":"0","isLinked":false},"typography_font_family":"Saira Condensed"},"elements":[],"widgetType":"heading"},{"id":"28c7f520","elType":"widget","settings":{"icon_list":[{"text":"Integrated battery","icon":"fa fa-arrow-circle-o-right","_id":"a38a3c3","selected_icon":{"value":"far fa-arrow-alt-circle-right","library":"fa-regular"},"__fa4_migrated":{"selected_icon":true}},{"text":"Battery type: Lithium ion","icon":"fa fa-arrow-circle-o-right","_id":"769051d","selected_icon":{"value":"far fa-arrow-alt-circle-right","library":"fa-regular"},"__fa4_migrated":{"selected_icon":true}},{"text":"Rechargeable via MicroUSB connector","icon":"fa fa-arrow-circle-o-right","_id":"acffd54","selected_icon":{"value":"far fa-arrow-alt-circle-right","library":"fa-regular"},"__fa4_migrated":{"selected_icon":true}},{"text":"Battery life: 5 hours typical use","icon":"fa fa-arrow-circle-o-right","_id":"04a71b0","selected_icon":{"value":"far fa-arrow-alt-circle-right","library":"fa-regular"},"__fa4_migrated":{"selected_icon":true}}],"icon_color":"#cccccc","text_color":"#666666","_margin":{"unit":"px","top":"0","right":"0","bottom":"65","left":"0","isLinked":false},"space_between":{"unit":"px","size":5},"list_item_margin":{"unit":"px","top":"0","right":"0","bottom":"5","left":"0","isLinked":false},"icon_typography_typography":"custom","icon_typography_font_weight":"300","_margin_mobile":{"unit":"px","top":"0","right":"15","bottom":"50","left":"15","isLinked":false},"_element_width_mobile":"initial","_element_custom_width_mobile":{"unit":"%","size":88,"sizes":[]}},"elements":[],"widgetType":"icon-list"},{"id":"3a9d5689","elType":"widget","settings":{"title":"Connectivity","title_color":"#000000","typography_typography":"custom","typography_font_size":{"unit":"px","size":18},"typography_font_weight":"700","typography_text_transform":"uppercase","typography_line_height":{"unit":"px","size":""},"typography_letter_spacing":{"unit":"px","size":""},"align_mobile":"center","_margin":{"unit":"px","top":"0","right":"0","bottom":"10","left":"0","isLinked":false},"typography_font_family":"Saira Condensed"},"elements":[],"widgetType":"heading"},{"id":"14fdaa50","elType":"widget","settings":{"icon_list":[{"text":"Bluetooth sensors (BLE)","icon":"fa fa-arrow-circle-o-right","_id":"a38a3c3","selected_icon":{"value":"far fa-arrow-alt-circle-right","library":"fa-regular"},"__fa4_migrated":{"selected_icon":true}},{"text":"ANT+ sensors","icon":"fa fa-arrow-circle-o-right","_id":"769051d","selected_icon":{"value":"far fa-arrow-alt-circle-right","library":"fa-regular"},"__fa4_migrated":{"selected_icon":true}},{"text":"Micro USB \u2013 recharging port","icon":"fa fa-arrow-circle-o-right","_id":"acffd54","selected_icon":{"value":"far fa-arrow-alt-circle-right","library":"fa-regular"},"__fa4_migrated":{"selected_icon":true}}],"icon_color":"#cccccc","text_color":"#666666","space_between":{"unit":"px","size":5},"list_item_margin":{"unit":"px","top":"0","right":"0","bottom":"5","left":"0","isLinked":false},"icon_typography_typography":"custom","icon_typography_font_weight":"300","_margin_mobile":{"unit":"px","top":"0","right":"15","bottom":"0","left":"15","isLinked":false},"_element_width_mobile":"initial","_element_custom_width_mobile":{"unit":"%","size":82,"sizes":[]}},"elements":[],"widgetType":"icon-list"}],"isInner":true}],"isInner":true}],"isInner":false}],"isInner":false},{"id":"67f1da9f","elType":"section","settings":{"content_delay_time":"0.50","margin":{"unit":"px","top":"-2","right":0,"bottom":"0","left":0,"isLinked":false},"gap":"no","margin_tablet":{"unit":"px","top":"-2","right":0,"bottom":"0","left":0,"isLinked":false},"stretch_section":"section-stretched","margin_mobile":{"unit":"px","top":"0","right":0,"bottom":"0","left":0,"isLinked":false},"padding":{"unit":"px","top":"0","right":"30","bottom":"0","left":"30","isLinked":false},"html_tag":"div"},"elements":[{"id":"3b95e83c","elType":"column","settings":{"_column_size":100,"space_between_widgets":0,"padding_tablet":{"unit":"px","top":"0","right":"0","bottom":"0","left":"0","isLinked":false},"hide_mobile":"hidden-phone"},"elements":[{"id":"556c03c8","elType":"widget","settings":{"color":"#e4e4e4","gap":{"unit":"px","size":2},"width_tablet":{"unit":"%","size":100,"sizes":[]},"text":"Divider"},"elements":[],"widgetType":"divider"}],"isInner":false}],"isInner":false},{"id":"6933e059","elType":"section","settings":{"content_delay_time":"0.50","margin":{"unit":"px","top":"80","right":0,"bottom":"100","left":0,"isLinked":false},"gap":"no","margin_tablet":{"unit":"px","top":"50","right":0,"bottom":"90","left":0,"isLinked":false},"stretch_section":"section-stretched","padding":{"unit":"px","top":"0","right":"30","bottom":"0","left":"30","isLinked":false},"padding_mobile":{"unit":"px","top":"0","right":"15","bottom":"0","left":"15","isLinked":false},"html_tag":"div"},"elements":[{"id":"478b3f32","elType":"column","settings":{"_column_size":100,"space_between_widgets":0,"align":"center"},"elements":[{"id":"4344c81f","elType":"widget","settings":{"title":"Get 10% off<br>\nyour first order","align":"center","title_color":"#000000","typography_typography":"custom","typography_font_size":{"unit":"px","size":60},"typography_font_size_tablet":{"unit":"px","size":40},"typography_font_weight":"700","typography_text_transform":"uppercase","typography_letter_spacing":{"unit":"px","size":""},"_animation":"opal-move-up","typography_font_size_mobile":{"unit":"px","size":32,"sizes":[]},"typography_line_height":{"unit":"px","size":70,"sizes":[]},"typography_line_height_tablet":{"unit":"px","size":50,"sizes":[]},"typography_line_height_mobile":{"unit":"px","size":40,"sizes":[]},"_margin":{"unit":"px","top":"0","right":"0","bottom":"20","left":"0","isLinked":false},"animation_duration":"fast","typography_font_family":"Saira Condensed"},"elements":[],"widgetType":"heading"},{"id":"22b644c8","elType":"widget","settings":{"editor":"<p>As a welcome to all our new customers we have a special code which you can use to get 10% off your first order.<\/p>","align":"center","typography_typography":"custom","typography_font_size":{"unit":"px","size":18,"sizes":[]},"typography_font_weight":"300","typography_line_height":{"unit":"px","size":30,"sizes":[]},"_margin":{"unit":"px","top":"0","right":"0","bottom":"45","left":"0","isLinked":false},"animation_duration":"fast","_element_width":"initial","_element_custom_width":{"unit":"px","size":630,"sizes":[]}},"elements":[],"widgetType":"text-editor"},{"id":"665c0a9d","elType":"widget","settings":{"text":"$545.0 - buy it now","link":{"url":"https:\/\/demo2wpopal.b-cdn.net\/smartic\/product\/protect-your-eyes-in-style\/","is_external":"","nofollow":""},"align":"center","_animation":"opal-scale-up","animation_duration":"fast","typography_typography":"custom","typography_font_family":"BROmny","typography_font_size":{"unit":"px","size":14,"sizes":[]},"typography_font_weight":"700","typography_text_transform":"capitalize","typography_line_height":{"unit":"px","size":18,"sizes":[]},"text_padding":{"unit":"px","top":"18","right":"40","bottom":"18","left":"40","isLinked":false}},"elements":[],"widgetType":"button"}],"isInner":false}],"isInner":false}]]]></wp:meta_value>
  </wp:postmeta>
  <wp:postmeta>
    <wp:meta_key>_elementor_controls_usage</wp:meta_key>
    <wp:meta_value><![CDATA[a:12:{s:17:"smartic-revslider";a:3:{s:5:"count";i:1;s:15:"control_percent";i:0;s:8:"controls";a:1:{s:7:"content";a:1:{s:10:"rev_slider";a:1:{s:9:"rev_alias";i:1;}}}}s:6:"column";a:3:{s:5:"count";i:18;s:15:"control_percent";i:1;s:8:"controls";a:3:{s:6:"layout";a:1:{s:6:"layout";a:7:{s:21:"space_between_widgets";i:16;s:12:"_inline_size";i:11;s:19:"_inline_size_tablet";i:5;s:12:"align_tablet";i:1;s:16:"content_position";i:2;s:5:"align";i:4;s:12:"align_mobile";i:2;}}s:5:"style";a:3:{s:14:"section_border";a:5:{s:19:"border_radius_hover";i:3;s:27:"box_shadow_hover_box_shadow";i:3;s:18:"border_hover_color";i:1;s:12:"border_width";i:1;s:12:"border_color";i:1;}s:13:"section_style";a:14:{s:21:"background_background";i:3;s:16:"background_image";i:3;s:16:"background_color";i:2;s:26:"background_position_mobile";i:2;s:26:"background_bg_width_mobile";i:1;s:27:"background_hover_background";i:1;s:24:"background_hover_color_b";i:1;s:27:"background_hover_transition";i:1;s:17:"background_repeat";i:2;s:19:"background_position";i:1;s:21:"background_attachment";i:1;s:24:"background_repeat_mobile";i:1;s:26:"background_position_tablet";i:1;s:15:"background_size";i:1;}s:26:"section_background_overlay";a:13:{s:29:"background_overlay_background";i:2;s:24:"background_overlay_color";i:2;s:29:"background_overlay_color_stop";i:2;s:26:"background_overlay_color_b";i:2;s:31:"background_overlay_color_b_stop";i:2;s:33:"background_overlay_gradient_angle";i:2;s:26:"background_overlay_opacity";i:2;s:35:"background_overlay_hover_background";i:1;s:35:"background_overlay_hover_color_stop";i:1;s:32:"background_overlay_hover_color_b";i:1;s:37:"background_overlay_hover_color_b_stop";i:1;s:39:"background_overlay_hover_gradient_angle";i:1;s:32:"background_overlay_hover_opacity";i:1;}}s:8:"advanced";a:3:{s:16:"section_advanced";a:6:{s:7:"padding";i:8;s:14:"padding_tablet";i:7;s:14:"padding_mobile";i:6;s:6:"margin";i:2;s:13:"margin_tablet";i:2;s:13:"margin_mobile";i:2;}s:15:"section_effects";a:2:{s:9:"animation";i:3;s:18:"animation_duration";i:3;}s:19:"_section_responsive";a:1:{s:11:"hide_mobile";i:1;}}}}s:7:"section";a:3:{s:5:"count";i:13;s:15:"control_percent";i:1;s:8:"controls";a:3:{s:6:"layout";a:2:{s:14:"section_layout";a:9:{s:15:"stretch_section";i:8;s:6:"layout";i:3;s:3:"gap";i:13;s:12:"height_inner";i:1;s:19:"custom_height_inner";i:1;s:13:"custom_height";i:1;s:16:"content_position";i:1;s:13:"content_width";i:4;s:8:"overflow";i:1;}s:17:"section_structure";a:1:{s:9:"structure";i:4;}}s:8:"advanced";a:3:{s:16:"section_advanced";a:6:{s:6:"margin";i:10;s:13:"margin_mobile";i:7;s:13:"margin_tablet";i:4;s:7:"padding";i:6;s:14:"padding_mobile";i:6;s:14:"padding_tablet";i:1;}s:15:"section_effects";a:2:{s:9:"animation";i:1;s:18:"animation_duration";i:1;}s:19:"_section_responsive";a:2:{s:20:"reverse_order_tablet";i:1;s:20:"reverse_order_mobile";i:1;}}s:5:"style";a:3:{s:18:"section_background";a:10:{s:16:"background_image";i:1;s:19:"background_position";i:1;s:21:"background_attachment";i:1;s:17:"background_repeat";i:1;s:22:"background_size_mobile";i:1;s:26:"background_bg_width_mobile";i:1;s:26:"background_position_tablet";i:1;s:26:"background_position_mobile";i:1;s:22:"background_size_tablet";i:1;s:26:"background_bg_width_tablet";i:1;}s:26:"section_background_overlay";a:5:{s:24:"background_overlay_color";i:1;s:29:"background_overlay_color_stop";i:1;s:26:"background_overlay_color_b";i:1;s:33:"background_overlay_gradient_angle";i:1;s:26:"background_overlay_opacity";i:1;}s:14:"section_border";a:2:{s:12:"border_width";i:1;s:12:"border_color";i:1;}}}}s:5:"image";a:3:{s:5:"count";i:3;s:15:"control_percent";i:1;s:8:"controls";a:3:{s:7:"content";a:1:{s:13:"section_image";a:5:{s:5:"image";i:3;s:10:"image_size";i:3;s:5:"align";i:2;s:22:"image_custom_dimension";i:1;s:12:"align_tablet";i:1;}}s:8:"advanced";a:2:{s:15:"section_effects";a:2:{s:10:"_animation";i:2;s:18:"animation_duration";i:1;}s:14:"_section_style";a:2:{s:7:"_margin";i:1;s:8:"_z_index";i:1;}}s:5:"style";a:1:{s:19:"section_style_image";a:2:{s:27:"background_hover_transition";i:1;s:15:"hover_animation";i:1;}}}}s:7:"heading";a:3:{s:5:"count";i:9;s:15:"control_percent";i:6;s:8:"controls";a:3:{s:7:"content";a:1:{s:13:"section_title";a:4:{s:5:"title";i:9;s:5:"align";i:4;s:12:"align_tablet";i:1;s:12:"align_mobile";i:4;}}s:5:"style";a:1:{s:19:"section_title_style";a:12:{s:21:"typography_typography";i:9;s:20:"typography_font_size";i:9;s:27:"typography_font_size_mobile";i:4;s:22:"typography_font_weight";i:9;s:25:"typography_letter_spacing";i:9;s:22:"typography_font_family";i:9;s:25:"typography_text_transform";i:9;s:11:"title_color";i:8;s:22:"typography_line_height";i:8;s:27:"typography_font_size_tablet";i:4;s:29:"typography_line_height_tablet";i:1;s:29:"typography_line_height_mobile";i:1;}}s:8:"advanced";a:3:{s:14:"_section_style";a:2:{s:7:"_margin";i:9;s:14:"_margin_mobile";i:1;}s:15:"section_effects";a:2:{s:10:"_animation";i:5;s:18:"animation_duration";i:5;}s:17:"_section_position";a:1:{s:21:"_element_custom_width";i:1;}}}}s:11:"text-editor";a:3:{s:5:"count";i:4;s:15:"control_percent";i:3;s:8:"controls";a:3:{s:7:"content";a:1:{s:14:"section_editor";a:1:{s:6:"editor";i:4;}}s:5:"style";a:1:{s:13:"section_style";a:9:{s:5:"align";i:4;s:21:"typography_typography";i:4;s:20:"typography_font_size";i:4;s:22:"typography_font_weight";i:4;s:25:"typography_text_transform";i:1;s:10:"text_color";i:2;s:22:"typography_font_family";i:1;s:25:"typography_letter_spacing";i:1;s:22:"typography_line_height";i:2;}}s:8:"advanced";a:3:{s:14:"_section_style";a:3:{s:7:"_margin";i:4;s:14:"_margin_tablet";i:1;s:14:"_margin_mobile";i:2;}s:15:"section_effects";a:2:{s:10:"_animation";i:3;s:18:"animation_duration";i:4;}s:17:"_section_position";a:2:{s:14:"_element_width";i:2;s:21:"_element_custom_width";i:2;}}}}s:9:"image-box";a:3:{s:5:"count";i:3;s:15:"control_percent";i:4;s:8:"controls";a:3:{s:7:"content";a:1:{s:13:"section_image";a:3:{s:5:"image";i:3;s:10:"title_text";i:3;s:16:"description_text";i:3;}}s:5:"style";a:1:{s:21:"section_style_content";a:9:{s:27:"title_typography_typography";i:3;s:28:"title_typography_font_family";i:3;s:26:"title_typography_font_size";i:3;s:28:"title_typography_font_weight";i:3;s:31:"title_typography_letter_spacing";i:3;s:33:"description_typography_typography";i:3;s:34:"description_typography_font_weight";i:3;s:25:"title_bottom_space_mobile";i:3;s:31:"title_typography_text_transform";i:2;}}s:8:"advanced";a:1:{s:17:"_section_position";a:2:{s:21:"_element_width_tablet";i:1;s:28:"_element_custom_width_tablet";i:1;}}}}s:6:"button";a:3:{s:5:"count";i:3;s:15:"control_percent";i:3;s:8:"controls";a:3:{s:7:"content";a:1:{s:14:"section_button";a:4:{s:4:"text";i:3;s:5:"align";i:3;s:4:"size";i:2;s:4:"link";i:1;}}s:8:"advanced";a:2:{s:15:"section_effects";a:2:{s:10:"_animation";i:3;s:18:"animation_duration";i:3;}s:14:"_section_style";a:1:{s:7:"_margin";i:1;}}s:5:"style";a:1:{s:13:"section_style";a:10:{s:21:"typography_typography";i:3;s:22:"typography_font_family";i:3;s:27:"typography_font_size_tablet";i:2;s:22:"typography_font_weight";i:3;s:29:"typography_line_height_tablet";i:2;s:19:"text_padding_tablet";i:2;s:20:"typography_font_size";i:1;s:25:"typography_text_transform";i:1;s:22:"typography_line_height";i:1;s:12:"text_padding";i:1;}}}}s:8:"icon-box";a:3:{s:5:"count";i:2;s:15:"control_percent";i:7;s:8:"controls";a:3:{s:7:"content";a:1:{s:12:"section_icon";a:4:{s:10:"title_text";i:2;s:16:"description_text";i:2;s:13:"selected_icon";i:2;s:4:"link";i:2;}}s:5:"style";a:2:{s:18:"section_style_icon";a:3:{s:9:"icon_size";i:2;s:12:"icon_padding";i:1;s:10:"icon_space";i:1;}s:21:"section_style_content";a:14:{s:10:"text_align";i:2;s:11:"title_color";i:2;s:27:"title_typography_typography";i:2;s:28:"title_typography_font_family";i:2;s:26:"title_typography_font_size";i:2;s:28:"title_typography_font_weight";i:2;s:17:"description_color";i:2;s:33:"description_typography_typography";i:2;s:32:"description_typography_font_size";i:2;s:34:"description_typography_font_weight";i:2;s:34:"description_typography_line_height";i:2;s:17:"text_align_mobile";i:2;s:31:"title_typography_text_transform";i:2;s:28:"title_typography_line_height";i:2;}}s:8:"advanced";a:3:{s:15:"section_effects";a:2:{s:10:"_animation";i:2;s:18:"animation_duration";i:2;}s:15:"_section_border";a:1:{s:19:"_border_hover_width";i:1;}s:17:"_section_position";a:2:{s:14:"_element_width";i:2;s:21:"_element_custom_width";i:2;}}}}s:12:"smartic-tabs";a:3:{s:5:"count";i:1;s:15:"control_percent";i:6;s:8:"controls";a:2:{s:7:"content";a:1:{s:12:"section_tabs";a:2:{s:4:"tabs";i:1;s:4:"type";i:1;}}s:5:"style";a:4:{s:19:"section_title_style";a:15:{s:24:"border_tabs_title_border";i:1;s:23:"border_tabs_title_width";i:1;s:15:"tab_title_width";i:1;s:25:"tab_typography_typography";i:1;s:26:"tab_typography_font_family";i:1;s:24:"tab_typography_font_size";i:1;s:26:"tab_typography_font_weight";i:1;s:29:"tab_typography_text_transform";i:1;s:26:"tab_typography_line_height";i:1;s:11:"title_color";i:1;s:23:"border_tabs_title_color";i:1;s:17:"tab_title_padding";i:1;s:11:"align_title";i:1;s:22:"tab_title_width_mobile";i:1;s:18:"align_title_mobile";i:1;}s:24:"section_tab_header_style";a:3:{s:18:"tab_header_padding";i:1;s:25:"tab_header_padding_mobile";i:1;s:25:"tab_header_padding_tablet";i:1;}s:18:"section_tabs_style";a:1:{s:23:"navigation_width_mobile";i:1;}s:21:"section_content_style";a:4:{s:21:"border_content_border";i:1;s:20:"border_content_width";i:1;s:27:"border_content_width_mobile";i:1;s:22:"content_padding_mobile";i:1;}}}}s:9:"icon-list";a:3:{s:5:"count";i:4;s:15:"control_percent";i:3;s:8:"controls";a:3:{s:7:"content";a:1:{s:12:"section_icon";a:1:{s:9:"icon_list";i:4;}}s:5:"style";a:3:{s:18:"section_icon_style";a:1:{s:10:"icon_color";i:4;}s:18:"section_text_style";a:3:{s:10:"text_color";i:4;s:26:"icon_typography_typography";i:4;s:27:"icon_typography_font_weight";i:4;}s:17:"section_icon_list";a:2:{s:13:"space_between";i:4;s:17:"icon_align_mobile";i:1;}}s:8:"advanced";a:2:{s:14:"_section_style";a:2:{s:7:"_margin";i:2;s:14:"_margin_mobile";i:4;}s:17:"_section_position";a:2:{s:28:"_element_custom_width_mobile";i:4;s:21:"_element_width_mobile";i:4;}}}}s:7:"divider";a:3:{s:5:"count";i:1;s:15:"control_percent";i:1;s:8:"controls";a:2:{s:5:"style";a:1:{s:21:"section_divider_style";a:2:{s:5:"color";i:1;s:3:"gap";i:1;}}s:7:"content";a:1:{s:15:"section_divider";a:1:{s:12:"width_tablet";i:1;}}}}}]]></wp:meta_value>
  </wp:postmeta>
  <wp:postmeta>
    <wp:meta_key>_elementor_page_assets</wp:meta_key>
    <wp:meta_value><![CDATA[a:1:{s:6:"styles";a:20:{i:0;s:12:"e-animations";i:1;s:12:"e-animations";i:2;s:12:"e-animations";i:3;s:12:"e-animations";i:4;s:12:"e-animations";i:5;s:12:"e-animations";i:6;s:12:"e-animations";i:7;s:12:"e-animations";i:8;s:12:"e-animations";i:9;s:12:"e-animations";i:10;s:12:"e-animations";i:11;s:12:"e-animations";i:12;s:12:"e-animations";i:13;s:12:"e-animations";i:14;s:12:"e-animations";i:15;s:12:"e-animations";i:16;s:12:"e-animations";i:17;s:12:"e-animations";i:18;s:12:"e-animations";i:19;s:12:"e-animations";}}]]></wp:meta_value>
  </wp:postmeta>
</item>
<item>
  <title><![CDATA[home-9_glasses-p.png]]></title>
  <link>https://demo2wpopal.b-cdn.net/smartic/home-32/home-9_glasses-p-png/</link>
  <pubDate>Sat, 10 Apr 2021 01:51:12 +0000</pubDate>
  <dc:creator>admin</dc:creator>
  <guid isPermaLink="false">https://demo2wpopal.b-cdn.net/smartic/wp-content/uploads/2021/04/home-9_glasses-p.png</guid>
  <description/>
  <content:encoded><![CDATA[]]></content:encoded>
  <excerpt:encoded><![CDATA[]]></excerpt:encoded>
  <wp:post_id>11893</wp:post_id>
  <wp:post_date>2021-04-10 01:51:12</wp:post_date>
  <wp:post_date_gmt>2021-04-10 01:51:12</wp:post_date_gmt>
  <wp:post_modified>2021-04-19 09:36:07</wp:post_modified>
  <wp:post_modified_gmt>2021-04-19 09:36:07</wp:post_modified_gmt>
  <wp:comment_status>open</wp:comment_status>
  <wp:ping_status>closed</wp:ping_status>
  <wp:post_name>home-9_glasses-p-png</wp:post_name>
  <wp:status>inherit</wp:status>
  <wp:post_parent>11405</wp:post_parent>
  <wp:menu_order>0</wp:menu_order>
  <wp:post_type>attachment</wp:post_type>
  <wp:post_password/>
  <wp:is_sticky>0</wp:is_sticky>
  <wp:attachment_url>https://demo2wpopal.b-cdn.net/smartic/wp-content/uploads/2021/04/home-9_glasses-p.png</wp:attachment_url>
  <wp:postmeta>
    <wp:meta_key>_wp_attached_file</wp:meta_key>
    <wp:meta_value><![CDATA[2021/04/home-9_glasses-p.png]]></wp:meta_value>
  </wp:postmeta>
  <wp:postmeta>
    <wp:meta_key>_wp_attachment_metadata</wp:meta_key>
    <wp:meta_value><![CDATA[a:6:{s:5:"width";i:806;s:6:"height";i:389;s:4:"file";s:28:"2021/04/home-9_glasses-p.png";s:8:"filesize";i:77124;s:5:"sizes";a:9:{s:6:"medium";a:5:{s:4:"file";s:28:"home-9_glasses-p-300x145.png";s:5:"width";i:300;s:6:"height";i:145;s:9:"mime-type";s:9:"image/png";s:8:"filesize";i:37604;}s:9:"thumbnail";a:5:{s:4:"file";s:28:"home-9_glasses-p-150x150.png";s:5:"width";i:150;s:6:"height";i:150;s:9:"mime-type";s:9:"image/png";s:8:"filesize";i:25009;}s:12:"medium_large";a:5:{s:4:"file";s:28:"home-9_glasses-p-768x371.png";s:5:"width";i:768;s:6:"height";i:371;s:9:"mime-type";s:9:"image/png";s:8:"filesize";i:210500;}s:17:"smartic-post-grid";a:5:{s:4:"file";s:28:"home-9_glasses-p-500x330.png";s:5:"width";i:500;s:6:"height";i:330;s:9:"mime-type";s:9:"image/png";s:8:"filesize";i:153903;}s:21:"woocommerce_thumbnail";a:6:{s:4:"file";s:28:"home-9_glasses-p-500x241.png";s:5:"width";i:500;s:6:"height";i:241;s:9:"mime-type";s:9:"image/png";s:8:"filesize";i:94703;s:9:"uncropped";b:1;}s:18:"woocommerce_single";a:5:{s:4:"file";s:28:"home-9_glasses-p-800x386.png";s:5:"width";i:800;s:6:"height";i:386;s:9:"mime-type";s:9:"image/png";s:8:"filesize";i:216568;}s:29:"woocommerce_gallery_thumbnail";a:5:{s:4:"file";s:28:"home-9_glasses-p-100x100.png";s:5:"width";i:100;s:6:"height";i:100;s:9:"mime-type";s:9:"image/png";s:8:"filesize";i:12714;}s:29:"variation_swatches_image_size";a:5:{s:4:"file";s:26:"home-9_glasses-p-50x50.png";s:5:"width";i:50;s:6:"height";i:50;s:9:"mime-type";s:9:"image/png";s:8:"filesize";i:4223;}s:31:"variation_swatches_tooltip_size";a:5:{s:4:"file";s:28:"home-9_glasses-p-100x100.png";s:5:"width";i:100;s:6:"height";i:100;s:9:"mime-type";s:9:"image/png";s:8:"filesize";i:12714;}}s:10:"image_meta";a:12:{s:8:"aperture";s:1:"0";s:6:"credit";s:0:"";s:6:"camera";s:0:"";s:7:"caption";s:0:"";s:17:"created_timestamp";s:1:"0";s:9:"copyright";s:0:"";s:12:"focal_length";s:1:"0";s:3:"iso";s:1:"0";s:13:"shutter_speed";s:1:"0";s:5:"title";s:0:"";s:11:"orientation";s:1:"0";s:8:"keywords";a:0:{}}}]]></wp:meta_value>
  </wp:postmeta>
  <wp:postmeta>
    <wp:meta_key>_elementor_source_image_hash</wp:meta_key>
    <wp:meta_value><![CDATA[08f865c1a586552381f1314d0b874edffd2fd808]]></wp:meta_value>
  </wp:postmeta>
</item>
<item>
  <title><![CDATA[home-9_banner9-1.jpg]]></title>
  <link>https://demo2wpopal.b-cdn.net/smartic/home-32/home-9_banner9-1-jpg/</link>
  <pubDate>Sat, 10 Apr 2021 01:51:14 +0000</pubDate>
  <dc:creator>admin</dc:creator>
  <guid isPermaLink="false">https://demo2wpopal.b-cdn.net/smartic/wp-content/uploads/2021/04/home-9_banner9-1.jpg</guid>
  <description/>
  <content:encoded><![CDATA[]]></content:encoded>
  <excerpt:encoded><![CDATA[]]></excerpt:encoded>
  <wp:post_id>11894</wp:post_id>
  <wp:post_date>2021-04-10 01:51:14</wp:post_date>
  <wp:post_date_gmt>2021-04-10 01:51:14</wp:post_date_gmt>
  <wp:post_modified>2021-04-19 09:36:07</wp:post_modified>
  <wp:post_modified_gmt>2021-04-19 09:36:07</wp:post_modified_gmt>
  <wp:comment_status>open</wp:comment_status>
  <wp:ping_status>closed</wp:ping_status>
  <wp:post_name>home-9_banner9-1-jpg</wp:post_name>
  <wp:status>inherit</wp:status>
  <wp:post_parent>11405</wp:post_parent>
  <wp:menu_order>0</wp:menu_order>
  <wp:post_type>attachment</wp:post_type>
  <wp:post_password/>
  <wp:is_sticky>0</wp:is_sticky>
  <wp:attachment_url>https://demo2wpopal.b-cdn.net/smartic/wp-content/uploads/2021/04/home-9_banner9-1.jpg</wp:attachment_url>
  <wp:postmeta>
    <wp:meta_key>_wp_attached_file</wp:meta_key>
    <wp:meta_value><![CDATA[2021/04/home-9_banner9-1.jpg]]></wp:meta_value>
  </wp:postmeta>
  <wp:postmeta>
    <wp:meta_key>_wp_attachment_metadata</wp:meta_key>
    <wp:meta_value><![CDATA[a:6:{s:5:"width";i:800;s:6:"height";i:540;s:4:"file";s:28:"2021/04/home-9_banner9-1.jpg";s:8:"filesize";i:91801;s:5:"sizes";a:8:{s:6:"medium";a:5:{s:4:"file";s:28:"home-9_banner9-1-300x203.jpg";s:5:"width";i:300;s:6:"height";i:203;s:9:"mime-type";s:10:"image/jpeg";s:8:"filesize";i:17091;}s:9:"thumbnail";a:5:{s:4:"file";s:28:"home-9_banner9-1-150x150.jpg";s:5:"width";i:150;s:6:"height";i:150;s:9:"mime-type";s:10:"image/jpeg";s:8:"filesize";i:7661;}s:12:"medium_large";a:5:{s:4:"file";s:28:"home-9_banner9-1-768x518.jpg";s:5:"width";i:768;s:6:"height";i:518;s:9:"mime-type";s:10:"image/jpeg";s:8:"filesize";i:74698;}s:17:"smartic-post-grid";a:5:{s:4:"file";s:28:"home-9_banner9-1-500x330.jpg";s:5:"width";i:500;s:6:"height";i:330;s:9:"mime-type";s:10:"image/jpeg";s:8:"filesize";i:38267;}s:21:"woocommerce_thumbnail";a:6:{s:4:"file";s:28:"home-9_banner9-1-500x338.jpg";s:5:"width";i:500;s:6:"height";i:338;s:9:"mime-type";s:10:"image/jpeg";s:8:"filesize";i:39036;s:9:"uncropped";b:1;}s:29:"woocommerce_gallery_thumbnail";a:5:{s:4:"file";s:28:"home-9_banner9-1-100x100.jpg";s:5:"width";i:100;s:6:"height";i:100;s:9:"mime-type";s:10:"image/jpeg";s:8:"filesize";i:4196;}s:29:"variation_swatches_image_size";a:5:{s:4:"file";s:26:"home-9_banner9-1-50x50.jpg";s:5:"width";i:50;s:6:"height";i:50;s:9:"mime-type";s:10:"image/jpeg";s:8:"filesize";i:1780;}s:31:"variation_swatches_tooltip_size";a:5:{s:4:"file";s:28:"home-9_banner9-1-100x100.jpg";s:5:"width";i:100;s:6:"height";i:100;s:9:"mime-type";s:10:"image/jpeg";s:8:"filesize";i:4196;}}s:10:"image_meta";a:12:{s:8:"aperture";s:1:"0";s:6:"credit";s:0:"";s:6:"camera";s:0:"";s:7:"caption";s:0:"";s:17:"created_timestamp";s:1:"0";s:9:"copyright";s:0:"";s:12:"focal_length";s:1:"0";s:3:"iso";s:1:"0";s:13:"shutter_speed";s:1:"0";s:5:"title";s:0:"";s:11:"orientation";s:1:"0";s:8:"keywords";a:0:{}}}]]></wp:meta_value>
  </wp:postmeta>
  <wp:postmeta>
    <wp:meta_key>_elementor_source_image_hash</wp:meta_key>
    <wp:meta_value><![CDATA[a86e3f069e19532823cc8a6735f5506577ec289f]]></wp:meta_value>
  </wp:postmeta>
</item>
<item>
  <title><![CDATA[home-9_banner9-2.jpg]]></title>
  <link>https://demo2wpopal.b-cdn.net/smartic/home-32/home-9_banner9-2-jpg/</link>
  <pubDate>Sat, 10 Apr 2021 01:51:14 +0000</pubDate>
  <dc:creator>admin</dc:creator>
  <guid isPermaLink="false">https://demo2wpopal.b-cdn.net/smartic/wp-content/uploads/2021/04/home-9_banner9-2.jpg</guid>
  <description/>
  <content:encoded><![CDATA[]]></content:encoded>
  <excerpt:encoded><![CDATA[]]></excerpt:encoded>
  <wp:post_id>11895</wp:post_id>
  <wp:post_date>2021-04-10 01:51:14</wp:post_date>
  <wp:post_date_gmt>2021-04-10 01:51:14</wp:post_date_gmt>
  <wp:post_modified>2021-04-19 09:36:07</wp:post_modified>
  <wp:post_modified_gmt>2021-04-19 09:36:07</wp:post_modified_gmt>
  <wp:comment_status>open</wp:comment_status>
  <wp:ping_status>closed</wp:ping_status>
  <wp:post_name>home-9_banner9-2-jpg</wp:post_name>
  <wp:status>inherit</wp:status>
  <wp:post_parent>11405</wp:post_parent>
  <wp:menu_order>0</wp:menu_order>
  <wp:post_type>attachment</wp:post_type>
  <wp:post_password/>
  <wp:is_sticky>0</wp:is_sticky>
  <wp:attachment_url>https://demo2wpopal.b-cdn.net/smartic/wp-content/uploads/2021/04/home-9_banner9-2.jpg</wp:attachment_url>
  <wp:postmeta>
    <wp:meta_key>_wp_attached_file</wp:meta_key>
    <wp:meta_value><![CDATA[2021/04/home-9_banner9-2.jpg]]></wp:meta_value>
  </wp:postmeta>
  <wp:postmeta>
    <wp:meta_key>_wp_attachment_metadata</wp:meta_key>
    <wp:meta_value><![CDATA[a:6:{s:5:"width";i:800;s:6:"height";i:540;s:4:"file";s:28:"2021/04/home-9_banner9-2.jpg";s:8:"filesize";i:56238;s:5:"sizes";a:8:{s:6:"medium";a:5:{s:4:"file";s:28:"home-9_banner9-2-300x203.jpg";s:5:"width";i:300;s:6:"height";i:203;s:9:"mime-type";s:10:"image/jpeg";s:8:"filesize";i:11843;}s:9:"thumbnail";a:5:{s:4:"file";s:28:"home-9_banner9-2-150x150.jpg";s:5:"width";i:150;s:6:"height";i:150;s:9:"mime-type";s:10:"image/jpeg";s:8:"filesize";i:5817;}s:12:"medium_large";a:5:{s:4:"file";s:28:"home-9_banner9-2-768x518.jpg";s:5:"width";i:768;s:6:"height";i:518;s:9:"mime-type";s:10:"image/jpeg";s:8:"filesize";i:45899;}s:17:"smartic-post-grid";a:5:{s:4:"file";s:28:"home-9_banner9-2-500x330.jpg";s:5:"width";i:500;s:6:"height";i:330;s:9:"mime-type";s:10:"image/jpeg";s:8:"filesize";i:24047;}s:21:"woocommerce_thumbnail";a:6:{s:4:"file";s:28:"home-9_banner9-2-500x338.jpg";s:5:"width";i:500;s:6:"height";i:338;s:9:"mime-type";s:10:"image/jpeg";s:8:"filesize";i:24666;s:9:"uncropped";b:1;}s:29:"woocommerce_gallery_thumbnail";a:5:{s:4:"file";s:28:"home-9_banner9-2-100x100.jpg";s:5:"width";i:100;s:6:"height";i:100;s:9:"mime-type";s:10:"image/jpeg";s:8:"filesize";i:3522;}s:29:"variation_swatches_image_size";a:5:{s:4:"file";s:26:"home-9_banner9-2-50x50.jpg";s:5:"width";i:50;s:6:"height";i:50;s:9:"mime-type";s:10:"image/jpeg";s:8:"filesize";i:1671;}s:31:"variation_swatches_tooltip_size";a:5:{s:4:"file";s:28:"home-9_banner9-2-100x100.jpg";s:5:"width";i:100;s:6:"height";i:100;s:9:"mime-type";s:10:"image/jpeg";s:8:"filesize";i:3522;}}s:10:"image_meta";a:12:{s:8:"aperture";s:1:"0";s:6:"credit";s:0:"";s:6:"camera";s:0:"";s:7:"caption";s:0:"";s:17:"created_timestamp";s:1:"0";s:9:"copyright";s:0:"";s:12:"focal_length";s:1:"0";s:3:"iso";s:1:"0";s:13:"shutter_speed";s:1:"0";s:5:"title";s:0:"";s:11:"orientation";s:1:"0";s:8:"keywords";a:0:{}}}]]></wp:meta_value>
  </wp:postmeta>
  <wp:postmeta>
    <wp:meta_key>_elementor_source_image_hash</wp:meta_key>
    <wp:meta_value><![CDATA[24c02fa34cdd9aa73eaeab0cb211e733232071c9]]></wp:meta_value>
  </wp:postmeta>
</item>
<item>
  <title><![CDATA[home-9_layer.png]]></title>
  <link>https://demo2wpopal.b-cdn.net/smartic/home-32/home-9_layer-png/</link>
  <pubDate>Sat, 10 Apr 2021 01:51:14 +0000</pubDate>
  <dc:creator>admin</dc:creator>
  <guid isPermaLink="false">https://demo2wpopal.b-cdn.net/smartic/wp-content/uploads/2021/04/home-9_layer.png</guid>
  <description/>
  <content:encoded><![CDATA[]]></content:encoded>
  <excerpt:encoded><![CDATA[]]></excerpt:encoded>
  <wp:post_id>11896</wp:post_id>
  <wp:post_date>2021-04-10 01:51:14</wp:post_date>
  <wp:post_date_gmt>2021-04-10 01:51:14</wp:post_date_gmt>
  <wp:post_modified>2021-04-19 09:36:07</wp:post_modified>
  <wp:post_modified_gmt>2021-04-19 09:36:07</wp:post_modified_gmt>
  <wp:comment_status>open</wp:comment_status>
  <wp:ping_status>closed</wp:ping_status>
  <wp:post_name>home-9_layer-png</wp:post_name>
  <wp:status>inherit</wp:status>
  <wp:post_parent>11405</wp:post_parent>
  <wp:menu_order>0</wp:menu_order>
  <wp:post_type>attachment</wp:post_type>
  <wp:post_password/>
  <wp:is_sticky>0</wp:is_sticky>
  <wp:attachment_url>https://demo2wpopal.b-cdn.net/smartic/wp-content/uploads/2021/04/home-9_layer.png</wp:attachment_url>
  <wp:postmeta>
    <wp:meta_key>_wp_attached_file</wp:meta_key>
    <wp:meta_value><![CDATA[2021/04/home-9_layer.png]]></wp:meta_value>
  </wp:postmeta>
  <wp:postmeta>
    <wp:meta_key>_wp_attachment_metadata</wp:meta_key>
    <wp:meta_value><![CDATA[a:6:{s:5:"width";i:987;s:6:"height";i:302;s:4:"file";s:24:"2021/04/home-9_layer.png";s:8:"filesize";i:68892;s:5:"sizes";a:10:{s:6:"medium";a:5:{s:4:"file";s:23:"home-9_layer-300x92.png";s:5:"width";i:300;s:6:"height";i:92;s:9:"mime-type";s:9:"image/png";s:8:"filesize";i:32587;}s:9:"thumbnail";a:5:{s:4:"file";s:24:"home-9_layer-150x150.png";s:5:"width";i:150;s:6:"height";i:150;s:9:"mime-type";s:9:"image/png";s:8:"filesize";i:23144;}s:12:"medium_large";a:5:{s:4:"file";s:24:"home-9_layer-768x235.png";s:5:"width";i:768;s:6:"height";i:235;s:9:"mime-type";s:9:"image/png";s:8:"filesize";i:169849;}s:17:"smartic-post-grid";a:5:{s:4:"file";s:24:"home-9_layer-500x302.png";s:5:"width";i:500;s:6:"height";i:302;s:9:"mime-type";s:9:"image/png";s:8:"filesize";i:80266;}s:21:"woocommerce_thumbnail";a:6:{s:4:"file";s:24:"home-9_layer-500x153.png";s:5:"width";i:500;s:6:"height";i:153;s:9:"mime-type";s:9:"image/png";s:8:"filesize";i:77248;s:9:"uncropped";b:1;}s:18:"woocommerce_single";a:5:{s:4:"file";s:24:"home-9_layer-800x245.png";s:5:"width";i:800;s:6:"height";i:245;s:9:"mime-type";s:9:"image/png";s:8:"filesize";i:182990;}s:29:"woocommerce_gallery_thumbnail";a:5:{s:4:"file";s:24:"home-9_layer-100x100.png";s:5:"width";i:100;s:6:"height";i:100;s:9:"mime-type";s:9:"image/png";s:8:"filesize";i:11840;}s:29:"variation_swatches_image_size";a:5:{s:4:"file";s:22:"home-9_layer-50x50.png";s:5:"width";i:50;s:6:"height";i:50;s:9:"mime-type";s:9:"image/png";s:8:"filesize";i:3882;}s:31:"variation_swatches_tooltip_size";a:5:{s:4:"file";s:24:"home-9_layer-100x100.png";s:5:"width";i:100;s:6:"height";i:100;s:9:"mime-type";s:9:"image/png";s:8:"filesize";i:11840;}s:24:"elementor_custom_987x302";a:4:{s:4:"file";s:76:"elementor/thumbs/home-9_layer-p5hn6t7mkc9at1poax6dt6wffvo4axfzlqx21hlhc0.png";s:5:"width";i:987;s:6:"height";i:302;s:9:"mime-type";s:9:"image/png";}}s:10:"image_meta";a:12:{s:8:"aperture";s:1:"0";s:6:"credit";s:0:"";s:6:"camera";s:0:"";s:7:"caption";s:0:"";s:17:"created_timestamp";s:1:"0";s:9:"copyright";s:0:"";s:12:"focal_length";s:1:"0";s:3:"iso";s:1:"0";s:13:"shutter_speed";s:1:"0";s:5:"title";s:0:"";s:11:"orientation";s:1:"0";s:8:"keywords";a:0:{}}}]]></wp:meta_value>
  </wp:postmeta>
  <wp:postmeta>
    <wp:meta_key>_elementor_source_image_hash</wp:meta_key>
    <wp:meta_value><![CDATA[d3f8e8a969d7e04a14dcb27c3be970e083e1afb2]]></wp:meta_value>
  </wp:postmeta>
</item>
<item>
  <title><![CDATA[home-9_bg.jpg]]></title>
  <link>https://demo2wpopal.b-cdn.net/smartic/home-32/home-9_bg-jpg/</link>
  <pubDate>Sat, 10 Apr 2021 01:51:15 +0000</pubDate>
  <dc:creator>admin</dc:creator>
  <guid isPermaLink="false">https://demo2wpopal.b-cdn.net/smartic/wp-content/uploads/2021/04/home-9_bg.jpg</guid>
  <description/>
  <content:encoded><![CDATA[]]></content:encoded>
  <excerpt:encoded><![CDATA[]]></excerpt:encoded>
  <wp:post_id>11897</wp:post_id>
  <wp:post_date>2021-04-10 01:51:15</wp:post_date>
  <wp:post_date_gmt>2021-04-10 01:51:15</wp:post_date_gmt>
  <wp:post_modified>2021-04-19 09:36:07</wp:post_modified>
  <wp:post_modified_gmt>2021-04-19 09:36:07</wp:post_modified_gmt>
  <wp:comment_status>open</wp:comment_status>
  <wp:ping_status>closed</wp:ping_status>
  <wp:post_name>home-9_bg-jpg</wp:post_name>
  <wp:status>inherit</wp:status>
  <wp:post_parent>11405</wp:post_parent>
  <wp:menu_order>0</wp:menu_order>
  <wp:post_type>attachment</wp:post_type>
  <wp:post_password/>
  <wp:is_sticky>0</wp:is_sticky>
  <wp:attachment_url>https://demo2wpopal.b-cdn.net/smartic/wp-content/uploads/2021/04/home-9_bg.jpg</wp:attachment_url>
  <wp:postmeta>
    <wp:meta_key>_wp_attached_file</wp:meta_key>
    <wp:meta_value><![CDATA[2021/04/home-9_bg.jpg]]></wp:meta_value>
  </wp:postmeta>
  <wp:postmeta>
    <wp:meta_key>_wp_attachment_metadata</wp:meta_key>
    <wp:meta_value><![CDATA[a:6:{s:5:"width";i:535;s:6:"height";i:640;s:4:"file";s:21:"2021/04/home-9_bg.jpg";s:8:"filesize";i:20708;s:5:"sizes";a:8:{s:6:"medium";a:5:{s:4:"file";s:21:"home-9_bg-251x300.jpg";s:5:"width";i:251;s:6:"height";i:300;s:9:"mime-type";s:10:"image/jpeg";s:8:"filesize";i:6559;}s:9:"thumbnail";a:5:{s:4:"file";s:21:"home-9_bg-150x150.jpg";s:5:"width";i:150;s:6:"height";i:150;s:9:"mime-type";s:10:"image/jpeg";s:8:"filesize";i:3097;}s:14:"post-thumbnail";a:5:{s:4:"file";s:21:"home-9_bg-535x565.jpg";s:5:"width";i:535;s:6:"height";i:565;s:9:"mime-type";s:10:"image/jpeg";s:8:"filesize";i:19876;}s:17:"smartic-post-grid";a:5:{s:4:"file";s:21:"home-9_bg-500x330.jpg";s:5:"width";i:500;s:6:"height";i:330;s:9:"mime-type";s:10:"image/jpeg";s:8:"filesize";i:14496;}s:21:"woocommerce_thumbnail";a:6:{s:4:"file";s:21:"home-9_bg-500x598.jpg";s:5:"width";i:500;s:6:"height";i:598;s:9:"mime-type";s:10:"image/jpeg";s:8:"filesize";i:18328;s:9:"uncropped";b:1;}s:29:"woocommerce_gallery_thumbnail";a:5:{s:4:"file";s:21:"home-9_bg-100x100.jpg";s:5:"width";i:100;s:6:"height";i:100;s:9:"mime-type";s:10:"image/jpeg";s:8:"filesize";i:1969;}s:29:"variation_swatches_image_size";a:5:{s:4:"file";s:19:"home-9_bg-50x50.jpg";s:5:"width";i:50;s:6:"height";i:50;s:9:"mime-type";s:10:"image/jpeg";s:8:"filesize";i:1161;}s:31:"variation_swatches_tooltip_size";a:5:{s:4:"file";s:21:"home-9_bg-100x100.jpg";s:5:"width";i:100;s:6:"height";i:100;s:9:"mime-type";s:10:"image/jpeg";s:8:"filesize";i:1969;}}s:10:"image_meta";a:12:{s:8:"aperture";s:1:"0";s:6:"credit";s:0:"";s:6:"camera";s:0:"";s:7:"caption";s:0:"";s:17:"created_timestamp";s:1:"0";s:9:"copyright";s:0:"";s:12:"focal_length";s:1:"0";s:3:"iso";s:1:"0";s:13:"shutter_speed";s:1:"0";s:5:"title";s:0:"";s:11:"orientation";s:1:"0";s:8:"keywords";a:0:{}}}]]></wp:meta_value>
  </wp:postmeta>
  <wp:postmeta>
    <wp:meta_key>_elementor_source_image_hash</wp:meta_key>
    <wp:meta_value><![CDATA[ab3f8433f858c829819ee06c7fd1356fd7cd1498]]></wp:meta_value>
  </wp:postmeta>
</item>
<item>
  <title><![CDATA[h32-images-01]]></title>
  <link>https://demo2wpopal.b-cdn.net/smartic/home-32/h32-images-01/</link>
  <pubDate>Sat, 10 Apr 2021 08:39:17 +0000</pubDate>
  <dc:creator>admin</dc:creator>
  <guid isPermaLink="false">https://demo2wpopal.b-cdn.net/smartic/wp-content/uploads/2021/04/h32-images-01.png</guid>
  <description/>
  <content:encoded><![CDATA[]]></content:encoded>
  <excerpt:encoded><![CDATA[]]></excerpt:encoded>
  <wp:post_id>12287</wp:post_id>
  <wp:post_date>2021-04-10 08:39:17</wp:post_date>
  <wp:post_date_gmt>2021-04-10 08:39:17</wp:post_date_gmt>
  <wp:post_modified>2021-04-19 09:36:07</wp:post_modified>
  <wp:post_modified_gmt>2021-04-19 09:36:07</wp:post_modified_gmt>
  <wp:comment_status>open</wp:comment_status>
  <wp:ping_status>closed</wp:ping_status>
  <wp:post_name>h32-images-01</wp:post_name>
  <wp:status>inherit</wp:status>
  <wp:post_parent>11405</wp:post_parent>
  <wp:menu_order>0</wp:menu_order>
  <wp:post_type>attachment</wp:post_type>
  <wp:post_password/>
  <wp:is_sticky>0</wp:is_sticky>
  <wp:attachment_url>https://demo2wpopal.b-cdn.net/smartic/wp-content/uploads/2021/04/h32-images-01.png</wp:attachment_url>
  <wp:postmeta>
    <wp:meta_key>_wp_attached_file</wp:meta_key>
    <wp:meta_value><![CDATA[2021/04/h32-images-01.png]]></wp:meta_value>
  </wp:postmeta>
  <wp:postmeta>
    <wp:meta_key>_wp_attachment_metadata</wp:meta_key>
    <wp:meta_value><![CDATA[a:6:{s:5:"width";i:453;s:6:"height";i:542;s:4:"file";s:25:"2021/04/h32-images-01.png";s:8:"filesize";i:414982;s:5:"sizes";a:6:{s:6:"medium";a:5:{s:4:"file";s:25:"h32-images-01-251x300.png";s:5:"width";i:251;s:6:"height";i:300;s:9:"mime-type";s:9:"image/png";s:8:"filesize";i:119831;}s:9:"thumbnail";a:5:{s:4:"file";s:25:"h32-images-01-150x150.png";s:5:"width";i:150;s:6:"height";i:150;s:9:"mime-type";s:9:"image/png";s:8:"filesize";i:39375;}s:17:"smartic-post-grid";a:5:{s:4:"file";s:25:"h32-images-01-453x330.png";s:5:"width";i:453;s:6:"height";i:330;s:9:"mime-type";s:9:"image/png";s:8:"filesize";i:258896;}s:29:"woocommerce_gallery_thumbnail";a:5:{s:4:"file";s:25:"h32-images-01-100x100.png";s:5:"width";i:100;s:6:"height";i:100;s:9:"mime-type";s:9:"image/png";s:8:"filesize";i:18993;}s:29:"variation_swatches_image_size";a:5:{s:4:"file";s:23:"h32-images-01-50x50.png";s:5:"width";i:50;s:6:"height";i:50;s:9:"mime-type";s:9:"image/png";s:8:"filesize";i:5564;}s:31:"variation_swatches_tooltip_size";a:5:{s:4:"file";s:25:"h32-images-01-100x100.png";s:5:"width";i:100;s:6:"height";i:100;s:9:"mime-type";s:9:"image/png";s:8:"filesize";i:18993;}}s:10:"image_meta";a:12:{s:8:"aperture";s:1:"0";s:6:"credit";s:0:"";s:6:"camera";s:0:"";s:7:"caption";s:0:"";s:17:"created_timestamp";s:1:"0";s:9:"copyright";s:0:"";s:12:"focal_length";s:1:"0";s:3:"iso";s:1:"0";s:13:"shutter_speed";s:1:"0";s:5:"title";s:0:"";s:11:"orientation";s:1:"0";s:8:"keywords";a:0:{}}}]]></wp:meta_value>
  </wp:postmeta>
</item>
<item>
  <title><![CDATA[h32-images-02]]></title>
  <link>https://demo2wpopal.b-cdn.net/smartic/home-32/h32-images-02/</link>
  <pubDate>Mon, 12 Apr 2021 03:41:06 +0000</pubDate>
  <dc:creator>admin</dc:creator>
  <guid isPermaLink="false">https://demo2wpopal.b-cdn.net/smartic/wp-content/uploads/2021/04/h32-images-02.png</guid>
  <description/>
  <content:encoded><![CDATA[]]></content:encoded>
  <excerpt:encoded><![CDATA[]]></excerpt:encoded>
  <wp:post_id>12697</wp:post_id>
  <wp:post_date>2021-04-12 03:41:06</wp:post_date>
  <wp:post_date_gmt>2021-04-12 03:41:06</wp:post_date_gmt>
  <wp:post_modified>2021-04-19 09:36:07</wp:post_modified>
  <wp:post_modified_gmt>2021-04-19 09:36:07</wp:post_modified_gmt>
  <wp:comment_status>open</wp:comment_status>
  <wp:ping_status>closed</wp:ping_status>
  <wp:post_name>h32-images-02</wp:post_name>
  <wp:status>inherit</wp:status>
  <wp:post_parent>11405</wp:post_parent>
  <wp:menu_order>0</wp:menu_order>
  <wp:post_type>attachment</wp:post_type>
  <wp:post_password/>
  <wp:is_sticky>0</wp:is_sticky>
  <wp:attachment_url>https://demo2wpopal.b-cdn.net/smartic/wp-content/uploads/2021/04/h32-images-02.png</wp:attachment_url>
  <wp:postmeta>
    <wp:meta_key>_wp_attached_file</wp:meta_key>
    <wp:meta_value><![CDATA[2021/04/h32-images-02.png]]></wp:meta_value>
  </wp:postmeta>
  <wp:postmeta>
    <wp:meta_key>_wp_attachment_metadata</wp:meta_key>
    <wp:meta_value><![CDATA[a:6:{s:5:"width";i:662;s:6:"height";i:357;s:4:"file";s:25:"2021/04/h32-images-02.png";s:8:"filesize";i:124827;s:5:"sizes";a:7:{s:6:"medium";a:5:{s:4:"file";s:25:"h32-images-02-300x162.png";s:5:"width";i:300;s:6:"height";i:162;s:9:"mime-type";s:9:"image/png";s:8:"filesize";i:29307;}s:9:"thumbnail";a:5:{s:4:"file";s:25:"h32-images-02-150x150.png";s:5:"width";i:150;s:6:"height";i:150;s:9:"mime-type";s:9:"image/png";s:8:"filesize";i:18575;}s:17:"smartic-post-grid";a:5:{s:4:"file";s:25:"h32-images-02-500x330.png";s:5:"width";i:500;s:6:"height";i:330;s:9:"mime-type";s:9:"image/png";s:8:"filesize";i:94131;}s:21:"woocommerce_thumbnail";a:6:{s:4:"file";s:25:"h32-images-02-500x270.png";s:5:"width";i:500;s:6:"height";i:270;s:9:"mime-type";s:9:"image/png";s:8:"filesize";i:70063;s:9:"uncropped";b:1;}s:29:"woocommerce_gallery_thumbnail";a:5:{s:4:"file";s:25:"h32-images-02-100x100.png";s:5:"width";i:100;s:6:"height";i:100;s:9:"mime-type";s:9:"image/png";s:8:"filesize";i:10046;}s:29:"variation_swatches_image_size";a:5:{s:4:"file";s:23:"h32-images-02-50x50.png";s:5:"width";i:50;s:6:"height";i:50;s:9:"mime-type";s:9:"image/png";s:8:"filesize";i:3504;}s:31:"variation_swatches_tooltip_size";a:5:{s:4:"file";s:25:"h32-images-02-100x100.png";s:5:"width";i:100;s:6:"height";i:100;s:9:"mime-type";s:9:"image/png";s:8:"filesize";i:10046;}}s:10:"image_meta";a:12:{s:8:"aperture";s:1:"0";s:6:"credit";s:0:"";s:6:"camera";s:0:"";s:7:"caption";s:0:"";s:17:"created_timestamp";s:1:"0";s:9:"copyright";s:0:"";s:12:"focal_length";s:1:"0";s:3:"iso";s:1:"0";s:13:"shutter_speed";s:1:"0";s:5:"title";s:0:"";s:11:"orientation";s:1:"0";s:8:"keywords";a:0:{}}}]]></wp:meta_value>
  </wp:postmeta>
</item>
<item>
  <title><![CDATA[h32-images-03]]></title>
  <link>https://demo2wpopal.b-cdn.net/smartic/home-32/h32-images-03/</link>
  <pubDate>Mon, 12 Apr 2021 04:13:07 +0000</pubDate>
  <dc:creator>admin</dc:creator>
  <guid isPermaLink="false">https://demo2wpopal.b-cdn.net/smartic/wp-content/uploads/2021/04/h32-images-03.png</guid>
  <description/>
  <content:encoded><![CDATA[]]></content:encoded>
  <excerpt:encoded><![CDATA[]]></excerpt:encoded>
  <wp:post_id>12783</wp:post_id>
  <wp:post_date>2021-04-12 04:13:07</wp:post_date>
  <wp:post_date_gmt>2021-04-12 04:13:07</wp:post_date_gmt>
  <wp:post_modified>2021-04-19 09:36:07</wp:post_modified>
  <wp:post_modified_gmt>2021-04-19 09:36:07</wp:post_modified_gmt>
  <wp:comment_status>open</wp:comment_status>
  <wp:ping_status>closed</wp:ping_status>
  <wp:post_name>h32-images-03</wp:post_name>
  <wp:status>inherit</wp:status>
  <wp:post_parent>11405</wp:post_parent>
  <wp:menu_order>0</wp:menu_order>
  <wp:post_type>attachment</wp:post_type>
  <wp:post_password/>
  <wp:is_sticky>0</wp:is_sticky>
  <wp:attachment_url>https://demo2wpopal.b-cdn.net/smartic/wp-content/uploads/2021/04/h32-images-03.png</wp:attachment_url>
  <wp:postmeta>
    <wp:meta_key>_wp_attached_file</wp:meta_key>
    <wp:meta_value><![CDATA[2021/04/h32-images-03.png]]></wp:meta_value>
  </wp:postmeta>
  <wp:postmeta>
    <wp:meta_key>_wp_attachment_metadata</wp:meta_key>
    <wp:meta_value><![CDATA[a:6:{s:5:"width";i:658;s:6:"height";i:351;s:4:"file";s:25:"2021/04/h32-images-03.png";s:8:"filesize";i:119327;s:5:"sizes";a:7:{s:6:"medium";a:5:{s:4:"file";s:25:"h32-images-03-300x160.png";s:5:"width";i:300;s:6:"height";i:160;s:9:"mime-type";s:9:"image/png";s:8:"filesize";i:28146;}s:9:"thumbnail";a:5:{s:4:"file";s:25:"h32-images-03-150x150.png";s:5:"width";i:150;s:6:"height";i:150;s:9:"mime-type";s:9:"image/png";s:8:"filesize";i:15108;}s:17:"smartic-post-grid";a:5:{s:4:"file";s:25:"h32-images-03-500x330.png";s:5:"width";i:500;s:6:"height";i:330;s:9:"mime-type";s:9:"image/png";s:8:"filesize";i:91643;}s:21:"woocommerce_thumbnail";a:6:{s:4:"file";s:25:"h32-images-03-500x267.png";s:5:"width";i:500;s:6:"height";i:267;s:9:"mime-type";s:9:"image/png";s:8:"filesize";i:68162;s:9:"uncropped";b:1;}s:29:"woocommerce_gallery_thumbnail";a:5:{s:4:"file";s:25:"h32-images-03-100x100.png";s:5:"width";i:100;s:6:"height";i:100;s:9:"mime-type";s:9:"image/png";s:8:"filesize";i:7962;}s:29:"variation_swatches_image_size";a:5:{s:4:"file";s:23:"h32-images-03-50x50.png";s:5:"width";i:50;s:6:"height";i:50;s:9:"mime-type";s:9:"image/png";s:8:"filesize";i:2796;}s:31:"variation_swatches_tooltip_size";a:5:{s:4:"file";s:25:"h32-images-03-100x100.png";s:5:"width";i:100;s:6:"height";i:100;s:9:"mime-type";s:9:"image/png";s:8:"filesize";i:7962;}}s:10:"image_meta";a:12:{s:8:"aperture";s:1:"0";s:6:"credit";s:0:"";s:6:"camera";s:0:"";s:7:"caption";s:0:"";s:17:"created_timestamp";s:1:"0";s:9:"copyright";s:0:"";s:12:"focal_length";s:1:"0";s:3:"iso";s:1:"0";s:13:"shutter_speed";s:1:"0";s:5:"title";s:0:"";s:11:"orientation";s:1:"0";s:8:"keywords";a:0:{}}}]]></wp:meta_value>
  </wp:postmeta>
</item>
<item>
  <title><![CDATA[h32-images-05]]></title>
  <link>https://demo2wpopal.b-cdn.net/smartic/home-32/h32-images-05/</link>
  <pubDate>Mon, 12 Apr 2021 04:18:41 +0000</pubDate>
  <dc:creator>admin</dc:creator>
  <guid isPermaLink="false">https://demo2wpopal.b-cdn.net/smartic/wp-content/uploads/2021/04/h32-images-05.png</guid>
  <description/>
  <content:encoded><![CDATA[]]></content:encoded>
  <excerpt:encoded><![CDATA[]]></excerpt:encoded>
  <wp:post_id>12793</wp:post_id>
  <wp:post_date>2021-04-12 04:18:41</wp:post_date>
  <wp:post_date_gmt>2021-04-12 04:18:41</wp:post_date_gmt>
  <wp:post_modified>2021-04-19 09:36:07</wp:post_modified>
  <wp:post_modified_gmt>2021-04-19 09:36:07</wp:post_modified_gmt>
  <wp:comment_status>open</wp:comment_status>
  <wp:ping_status>closed</wp:ping_status>
  <wp:post_name>h32-images-05</wp:post_name>
  <wp:status>inherit</wp:status>
  <wp:post_parent>11405</wp:post_parent>
  <wp:menu_order>0</wp:menu_order>
  <wp:post_type>attachment</wp:post_type>
  <wp:post_password/>
  <wp:is_sticky>0</wp:is_sticky>
  <wp:attachment_url>https://demo2wpopal.b-cdn.net/smartic/wp-content/uploads/2021/04/h32-images-05.png</wp:attachment_url>
  <wp:postmeta>
    <wp:meta_key>_wp_attached_file</wp:meta_key>
    <wp:meta_value><![CDATA[2021/04/h32-images-05.png]]></wp:meta_value>
  </wp:postmeta>
  <wp:postmeta>
    <wp:meta_key>_wp_attachment_metadata</wp:meta_key>
    <wp:meta_value><![CDATA[a:6:{s:5:"width";i:638;s:6:"height";i:408;s:4:"file";s:25:"2021/04/h32-images-05.png";s:8:"filesize";i:120706;s:5:"sizes";a:7:{s:6:"medium";a:5:{s:4:"file";s:25:"h32-images-05-300x192.png";s:5:"width";i:300;s:6:"height";i:192;s:9:"mime-type";s:9:"image/png";s:8:"filesize";i:30843;}s:9:"thumbnail";a:5:{s:4:"file";s:25:"h32-images-05-150x150.png";s:5:"width";i:150;s:6:"height";i:150;s:9:"mime-type";s:9:"image/png";s:8:"filesize";i:16923;}s:17:"smartic-post-grid";a:5:{s:4:"file";s:25:"h32-images-05-500x330.png";s:5:"width";i:500;s:6:"height";i:330;s:9:"mime-type";s:9:"image/png";s:8:"filesize";i:76440;}s:21:"woocommerce_thumbnail";a:6:{s:4:"file";s:25:"h32-images-05-500x320.png";s:5:"width";i:500;s:6:"height";i:320;s:9:"mime-type";s:9:"image/png";s:8:"filesize";i:72648;s:9:"uncropped";b:1;}s:29:"woocommerce_gallery_thumbnail";a:5:{s:4:"file";s:25:"h32-images-05-100x100.png";s:5:"width";i:100;s:6:"height";i:100;s:9:"mime-type";s:9:"image/png";s:8:"filesize";i:8979;}s:29:"variation_swatches_image_size";a:5:{s:4:"file";s:23:"h32-images-05-50x50.png";s:5:"width";i:50;s:6:"height";i:50;s:9:"mime-type";s:9:"image/png";s:8:"filesize";i:3163;}s:31:"variation_swatches_tooltip_size";a:5:{s:4:"file";s:25:"h32-images-05-100x100.png";s:5:"width";i:100;s:6:"height";i:100;s:9:"mime-type";s:9:"image/png";s:8:"filesize";i:8979;}}s:10:"image_meta";a:12:{s:8:"aperture";s:1:"0";s:6:"credit";s:0:"";s:6:"camera";s:0:"";s:7:"caption";s:0:"";s:17:"created_timestamp";s:1:"0";s:9:"copyright";s:0:"";s:12:"focal_length";s:1:"0";s:3:"iso";s:1:"0";s:13:"shutter_speed";s:1:"0";s:5:"title";s:0:"";s:11:"orientation";s:1:"0";s:8:"keywords";a:0:{}}}]]></wp:meta_value>
  </wp:postmeta>
</item>
  </channel>
</rss>
