<?xml version="1.0" encoding="UTF-8"?>
<!--
 This is a WordPress eXtended RSS file generated by WordPress as an export of your site.
 It contains information about your site's posts, pages, comments, categories, and other content.
 You may use this file to transfer that content from one site to another.
 This file is not intended to serve as a complete backup of your site.

 To import this information into a WordPress site follow these steps:
 1. Log in to that site as an administrator.
 2. Go to Tools: Import in the WordPress admin panel.
 3. Install the "WordPress" importer from the list.
 4. Activate & Run Importer.
 5. Upload this file using the form provided on that page.
 6. You will first be asked to map the authors in this export file to users
    on the site. For each author, you may choose to map to an
    existing user on the site or to create a new user.
 7. WordPress will then import each of the posts, pages, comments, categories, etc.
    contained in this file into your site.
-->
<!-- generator="WordPress/6.2" created="2023-04-27 03:58" -->
<rss version="2.0" xmlns:excerpt="http://wordpress.org/export/1.2/excerpt/" xmlns:content="http://purl.org/rss/1.0/modules/content/" xmlns:wfw="http://wellformedweb.org/CommentAPI/" xmlns:dc="http://purl.org/dc/elements/1.1/" xmlns:wp="http://wordpress.org/export/1.2/">
  <channel>
<title>Smartic</title>
<link>https://demo2wpopal.b-cdn.net/smartic</link>
<description>Just another WordPress site</description>
<pubDate>Thu, 27 Apr 2023 03:58:57 +0000</pubDate>
<language>en-US</language>
<wp:wxr_version>1.2</wp:wxr_version>
<wp:base_site_url>https://demo2wpopal.b-cdn.net/smartic</wp:base_site_url>
<wp:base_blog_url>https://demo2wpopal.b-cdn.net/smartic</wp:base_blog_url>
<generator>https://wordpress.org/?v=6.2</generator>
<item>
  <title><![CDATA[Home 28]]></title>
  <link>https://demo2wpopal.b-cdn.net/smartic/home-28/</link>
  <pubDate>Mon, 05 Apr 2021 03:26:57 +0000</pubDate>
  <dc:creator>admin</dc:creator>
  <guid isPermaLink="false">https://demo2wpopal.b-cdn.net/smartic/?page_id=8265</guid>
  <description/>
  <content:encoded><![CDATA[[rev_slider alias="niche_07_slider_eskateboard" slidertitle="Slider home 28"][/rev_slider]		
                    0
                    cm
                                            length
                    0
                    kg
                                            weight
                    0
                    km/h
                                            max speed
                    0
                    km
                                            range
		Our Electric Skateboards have traveled more than 201,168 kilometers around the world!		
												<img width="960" height="800" src="https://demo2wpopal.b-cdn.net/smartic/wp-content/uploads/2021/04/H28_images-01.jpg" alt="" loading="lazy" srcset="https://demo2wpopal.b-cdn.net/smartic/wp-content/uploads/2021/04/H28_images-01.jpg 960w, https://demo2wpopal.b-cdn.net/smartic/wp-content/uploads/2021/04/H28_images-01-300x250.jpg 300w, https://demo2wpopal.b-cdn.net/smartic/wp-content/uploads/2021/04/H28_images-01-768x640.jpg 768w, https://demo2wpopal.b-cdn.net/smartic/wp-content/uploads/2021/04/H28_images-01-500x417.jpg 500w, https://demo2wpopal.b-cdn.net/smartic/wp-content/uploads/2021/04/H28_images-01-800x667.jpg 800w" sizes="(max-width: 960px) 100vw, 960px" />														
												<img width="405" height="443" src="https://demo2wpopal.b-cdn.net/smartic/wp-content/uploads/2021/04/H28_images-02.png" alt="" loading="lazy" srcset="https://demo2wpopal.b-cdn.net/smartic/wp-content/uploads/2021/04/H28_images-02.png 405w, https://demo2wpopal.b-cdn.net/smartic/wp-content/uploads/2021/04/H28_images-02-274x300.png 274w" sizes="(max-width: 405px) 100vw, 405px" />														
		Support Your Way		
			<h2>Your whole city, now within reach</h2>		
		<p>With a range of up to 12 miles on a single charge, anywhere is just a short ride away. Bypass city gridlock, fly by public transit, and never wait for an Uber to arrive.</p>ride with e-skateboard		
			<h2>Design for Everyone, Drive Anywhere</h2>		
		With a series of sensors, an integrated gyroscope and differential speed motor control that belongs in an electric car, anyone can learn to ride the e-skateboard in under 5 minutes, even you! 		
												<img width="371" height="365" src="https://demo2wpopal.b-cdn.net/smartic/wp-content/uploads/2021/04/H28_images-04.png" alt="" loading="lazy" srcset="https://demo2wpopal.b-cdn.net/smartic/wp-content/uploads/2021/04/H28_images-04.png 371w, https://demo2wpopal.b-cdn.net/smartic/wp-content/uploads/2021/04/H28_images-04-300x295.png 300w, https://demo2wpopal.b-cdn.net/smartic/wp-content/uploads/2021/04/H28_images-04-50x50.png 50w" sizes="(max-width: 371px) 100vw, 371px" />														
				<h3>
						Powerful Battery					
				</h3>
									<p>
						Lorem ipsum dolor sit amet, consectetur adipisicing elit, sed do eiusmod tempor incididunt ut labore et 					</p>
				<h3>
						Light and Quiet					
				</h3>
									<p>
						Duis aute irure dolor in reprehenderit in voluptate velit esse cillum dolore eu fugiat nulla pariatur					</p>
				<h3>
						Bluetooth Remote					
				</h3>
									<p>
						Excepteur sint occaecat cupidatat non proident, sunt in culpa qui officia deserunt mollit anim id est laborum					</p>
				<h3>
						Regenerative Braking					
				</h3>
									<p>
						Ut enim ad minim veniam quis nostrud exercitation ullamco laboris nisi ut aliquip					</p>
				<h3>
						Flexible Deck					
				</h3>
									<p>
						Sed ut perspiciatis unde omnis iste natus error sit voluptatem accusantium doloremque 					</p>
				<h3>
						Fast Recharge					
				</h3>
									<p>
						Excepteur sint occaecat cupidatat non proident, sunt in culpa qui officia deserunt mollit anim id est laborum					</p>
			<h2>Whether you are cruising the beach or commuting a couple of miles to work, the board can get you where you need to go.</h2>		
		John Doe  CrossFit Champion		
			<h2>Try It Today!</h2>		
		Best Dual Motor Electric Skateboard$999.00		
			<a href="https://demo2wpopal.b-cdn.net/smartic/product/design-for-everyone-drive-anywhere/" role="button">
						Order Now
					</a>
		6-Month WarrantyFull protection against manufacturing defects.Service & SupportExpert service teams for anything you need.]]></content:encoded>
  <excerpt:encoded><![CDATA[]]></excerpt:encoded>
  <wp:post_id>8265</wp:post_id>
  <wp:post_date>2021-04-05 03:26:57</wp:post_date>
  <wp:post_date_gmt>2021-04-05 03:26:57</wp:post_date_gmt>
  <wp:post_modified>2023-04-18 07:31:38</wp:post_modified>
  <wp:post_modified_gmt>2023-04-18 07:31:38</wp:post_modified_gmt>
  <wp:comment_status>closed</wp:comment_status>
  <wp:ping_status>closed</wp:ping_status>
  <wp:post_name>home-28</wp:post_name>
  <wp:status>publish</wp:status>
  <wp:post_parent>0</wp:post_parent>
  <wp:menu_order>0</wp:menu_order>
  <wp:post_type>page</wp:post_type>
  <wp:post_password/>
  <wp:is_sticky>0</wp:is_sticky>
  <wp:postmeta>
    <wp:meta_key>inline_featured_image</wp:meta_key>
    <wp:meta_value><![CDATA[0]]></wp:meta_value>
  </wp:postmeta>
  <wp:postmeta>
    <wp:meta_key>_wp_page_template</wp:meta_key>
    <wp:meta_value><![CDATA[template-homepage.php]]></wp:meta_value>
  </wp:postmeta>
  <wp:postmeta>
    <wp:meta_key>_edit_last</wp:meta_key>
    <wp:meta_value><![CDATA[9]]></wp:meta_value>
  </wp:postmeta>
  <wp:postmeta>
    <wp:meta_key>_yoast_wpseo_estimated-reading-time-minutes</wp:meta_key>
    <wp:meta_value><![CDATA[4]]></wp:meta_value>
  </wp:postmeta>
  <wp:postmeta>
    <wp:meta_key>_elementor_edit_mode</wp:meta_key>
    <wp:meta_value><![CDATA[builder]]></wp:meta_value>
  </wp:postmeta>
  <wp:postmeta>
    <wp:meta_key>_elementor_template_type</wp:meta_key>
    <wp:meta_value><![CDATA[wp-page]]></wp:meta_value>
  </wp:postmeta>
  <wp:postmeta>
    <wp:meta_key>_elementor_version</wp:meta_key>
    <wp:meta_value><![CDATA[3.12.1]]></wp:meta_value>
  </wp:postmeta>
  <wp:postmeta>
    <wp:meta_key>_elementor_pro_version</wp:meta_key>
    <wp:meta_value><![CDATA[3.12.2]]></wp:meta_value>
  </wp:postmeta>
  <wp:postmeta>
    <wp:meta_key>_elementor_data</wp:meta_key>
    <wp:meta_value><![CDATA[[{"id":"7f0583e","elType":"section","settings":{"layout":"full_width","gap":"no","stretch_section":"section-stretched","html_tag":"div"},"elements":[{"id":"293825f","elType":"column","settings":{"_column_size":100,"_inline_size":null},"elements":[{"id":"ac8affb","elType":"widget","settings":{"revslidertitle":"Slider home 28","shortcode":"[rev_slider alias=\"niche_07_slider_eskateboard\" slidertitle=\"Slider home 28\"][\/rev_slider]"},"elements":[],"widgetType":"slider_revolution"}],"isInner":false}],"isInner":false},{"id":"e1f8ed4","elType":"section","settings":{"gap":"no","stretch_section":"section-stretched","content_width":{"unit":"px","size":730,"sizes":[]},"structure":"40","padding":{"unit":"px","top":"80","right":"30","bottom":"80","left":"30","isLinked":false},"padding_tablet":{"unit":"px","top":"50","right":"30","bottom":"50","left":"30","isLinked":false},"padding_mobile":{"unit":"px","top":"30","right":"15","bottom":"30","left":"15","isLinked":false},"html_tag":"div"},"elements":[{"id":"cda443f","elType":"column","settings":{"_column_size":25,"_inline_size":null,"margin":{"unit":"px","top":"0","right":"15","bottom":"0","left":"15","isLinked":false},"_inline_size_mobile":50,"margin_mobile":{"unit":"px","top":"0","right":"15","bottom":"0","left":"0","isLinked":false}},"elements":[{"id":"8d584be","elType":"widget","settings":{"ending_number":50.2000000000000028421709430404007434844970703125,"suffix":"cm","title":"length","typography_number_typography":"custom","typography_number_font_family":"BROmny","typography_number_font_size":{"unit":"px","size":50,"sizes":[]},"typography_number_font_weight":"600","typography_number_text_transform":"uppercase","typography_number_line_height":{"unit":"px","size":50,"sizes":[]},"typography_title_typography":"custom","typography_title_font_family":"BROmny","typography_title_font_size":{"unit":"px","size":14,"sizes":[]},"typography_title_font_weight":"600","typography_title_text_transform":"uppercase","typography_title_line_height":{"unit":"px","size":30,"sizes":[]},"__dynamic__":[],"number_color":"#213E7F","typography_number_letter_spacing":{"unit":"px","size":-0.5,"sizes":[]},"number_suffix_color":"#213E7F","typography_number_suffix_typography":"custom","typography_number_suffix_font_size":{"unit":"px","size":20,"sizes":[]},"spacing_number_suffix":{"unit":"px","size":15,"sizes":[]},"title_color":"#999999"},"elements":[],"widgetType":"counter"}],"isInner":false},{"id":"6567c51","elType":"column","settings":{"_column_size":25,"_inline_size":null,"margin":{"unit":"px","top":"0","right":"15","bottom":"0","left":"15","isLinked":false},"_inline_size_mobile":50,"margin_mobile":{"unit":"px","top":"0","right":"0","bottom":"0","left":"15","isLinked":false}},"elements":[{"id":"20da771","elType":"widget","settings":{"ending_number":5.5999999999999996447286321199499070644378662109375,"suffix":"kg","title":"weight","typography_number_typography":"custom","typography_number_font_family":"BROmny","typography_number_font_size":{"unit":"px","size":50,"sizes":[]},"typography_number_font_weight":"600","typography_number_text_transform":"uppercase","typography_number_line_height":{"unit":"px","size":50,"sizes":[]},"typography_title_typography":"custom","typography_title_font_family":"BROmny","typography_title_font_size":{"unit":"px","size":14,"sizes":[]},"typography_title_font_weight":"600","typography_title_text_transform":"uppercase","typography_title_line_height":{"unit":"px","size":30,"sizes":[]},"__dynamic__":[],"number_color":"#213E7F","typography_number_letter_spacing":{"unit":"px","size":-0.5,"sizes":[]},"number_suffix_color":"#213E7F","typography_number_suffix_typography":"custom","typography_number_suffix_font_size":{"unit":"px","size":20,"sizes":[]},"spacing_number_suffix":{"unit":"px","size":15,"sizes":[]},"title_color":"#999999"},"elements":[],"widgetType":"counter"}],"isInner":false},{"id":"a67ad35","elType":"column","settings":{"_column_size":25,"_inline_size":null,"margin":{"unit":"px","top":"0","right":"15","bottom":"0","left":"15","isLinked":false},"_inline_size_mobile":50,"margin_mobile":{"unit":"px","top":"0","right":"15","bottom":"0","left":"0","isLinked":false}},"elements":[{"id":"21f108a","elType":"widget","settings":{"ending_number":28,"suffix":"km\/h","title":"max speed","typography_number_typography":"custom","typography_number_font_family":"BROmny","typography_number_font_size":{"unit":"px","size":50,"sizes":[]},"typography_number_font_weight":"600","typography_number_text_transform":"uppercase","typography_number_line_height":{"unit":"px","size":50,"sizes":[]},"typography_title_typography":"custom","typography_title_font_family":"BROmny","typography_title_font_size":{"unit":"px","size":14,"sizes":[]},"typography_title_font_weight":"600","typography_title_text_transform":"uppercase","typography_title_line_height":{"unit":"px","size":30,"sizes":[]},"__dynamic__":[],"number_color":"#213E7F","typography_number_letter_spacing":{"unit":"px","size":-0.5,"sizes":[]},"number_suffix_color":"#213E7F","typography_number_suffix_typography":"custom","typography_number_suffix_font_size":{"unit":"px","size":20,"sizes":[]},"spacing_number_suffix":{"unit":"px","size":15,"sizes":[]},"title_color":"#999999"},"elements":[],"widgetType":"counter"}],"isInner":false},{"id":"9d9bb99","elType":"column","settings":{"_column_size":25,"_inline_size":null,"margin":{"unit":"px","top":"0","right":"15","bottom":"0","left":"15","isLinked":false},"_inline_size_mobile":50,"margin_mobile":{"unit":"px","top":"0","right":"0","bottom":"0","left":"15","isLinked":false}},"elements":[{"id":"da0eb7a","elType":"widget","settings":{"ending_number":22,"suffix":"km","title":"range","typography_number_typography":"custom","typography_number_font_family":"BROmny","typography_number_font_size":{"unit":"px","size":50,"sizes":[]},"typography_number_font_weight":"600","typography_number_text_transform":"uppercase","typography_number_line_height":{"unit":"px","size":50,"sizes":[]},"typography_title_typography":"custom","typography_title_font_family":"BROmny","typography_title_font_size":{"unit":"px","size":14,"sizes":[]},"typography_title_font_weight":"600","typography_title_text_transform":"uppercase","typography_title_line_height":{"unit":"px","size":30,"sizes":[]},"__dynamic__":[],"number_color":"#213E7F","typography_number_letter_spacing":{"unit":"px","size":-0.5,"sizes":[]},"number_suffix_color":"#213E7F","typography_number_suffix_typography":"custom","typography_number_suffix_font_size":{"unit":"px","size":20,"sizes":[]},"spacing_number_suffix":{"unit":"px","size":15,"sizes":[]},"title_color":"#999999"},"elements":[],"widgetType":"counter"}],"isInner":false}],"isInner":false},{"id":"b689321","elType":"section","settings":{"gap":"no","stretch_section":"section-stretched","padding":{"unit":"px","top":"0","right":"30","bottom":"110","left":"30","isLinked":false},"padding_mobile":{"unit":"px","top":"0","right":"15","bottom":"0","left":"15","isLinked":false},"html_tag":"div"},"elements":[{"id":"b509358","elType":"column","settings":{"_column_size":100,"_inline_size":null},"elements":[{"id":"62e4716","elType":"widget","settings":{"editor":"Our Electric Skateboards have traveled more than<span style=\"color: #ee733d;\"> 201,168 kilometers<\/span> around the world!","align":"center","text_color":"#213E7F","typography_typography":"custom","typography_font_size":{"unit":"px","size":48,"sizes":[]},"typography_font_weight":"600","typography_line_height":{"unit":"px","size":60,"sizes":[]},"__globals__":{"text_color":""},"typography_font_size_mobile":{"unit":"px","size":32,"sizes":[]}},"elements":[],"widgetType":"text-editor"}],"isInner":false}],"isInner":false},{"id":"31b23c9","elType":"section","settings":{"layout":"full_width","gap":"no","stretch_section":"section-stretched","structure":"20","html_tag":"div"},"elements":[{"id":"4015c15","elType":"column","settings":{"_column_size":50,"_inline_size":null,"_inline_size_tablet":100},"elements":[{"id":"c52b356","elType":"widget","settings":{"image":{"url":"https:\/\/demo2wpopal.b-cdn.net\/smartic\/wp-content\/uploads\/2021\/04\/H28_images-01.jpg","id":8289},"image_size":"full"},"elements":[],"widgetType":"image"},{"id":"d1f92ab","elType":"widget","settings":{"image":{"url":"https:\/\/demo2wpopal.b-cdn.net\/smartic\/wp-content\/uploads\/2021\/04\/H28_images-02.png","id":8291},"image_size":"full","_z_index_tablet":1,"_element_width":"auto","_position":"absolute","_offset_orientation_h":"end","_offset_x":{"unit":"%","size":-21,"sizes":[]},"_offset_x_end":{"unit":"%","size":-21,"sizes":[]},"_offset_x_end_tablet":{"unit":"%","size":2,"sizes":[]},"_offset_orientation_v":"end","_offset_y_end":{"unit":"%","size":22,"sizes":[]},"_offset_y_end_tablet":{"unit":"%","size":-75,"sizes":[]},"hover_animation":"shrink","hide_mobile":"hidden-phone"},"elements":[],"widgetType":"image"}],"isInner":false},{"id":"063b59c","elType":"column","settings":{"_column_size":50,"_inline_size":null,"_inline_size_tablet":100,"content_position":"center","margin":{"unit":"%","top":"25","right":"20","bottom":"25","left":"25","isLinked":false},"margin_tablet":{"unit":"%","top":"15","right":"33","bottom":"15","left":"10","isLinked":false},"z_index_tablet":2,"margin_mobile":{"unit":"px","top":"20","right":"15","bottom":"30","left":"15","isLinked":false}},"elements":[{"id":"1bdcf10","elType":"widget","settings":{"editor":"<div>Support Your Way<\/div>","text_color":"#999999","typography_typography":"custom","typography_font_family":"BROmny","typography_font_size":{"unit":"px","size":14,"sizes":[]},"typography_font_weight":"600","typography_text_transform":"uppercase","typography_line_height":{"unit":"px","size":30,"sizes":[]},"_margin":{"unit":"px","top":"0","right":"0","bottom":"5","left":"0","isLinked":false},"align_mobile":"center","typography_letter_spacing":{"unit":"px","size":2.79999999999999982236431605997495353221893310546875,"sizes":[]}},"elements":[],"widgetType":"text-editor"},{"id":"f905749","elType":"widget","settings":{"title":"Your whole city, now within reach","typography_typography":"custom","typography_font_family":"Montserrat","typography_font_size":{"unit":"px","size":36,"sizes":[]},"typography_font_weight":"bold","typography_line_height":{"unit":"px","size":50,"sizes":[]},"_margin":{"unit":"px","top":"0","right":"0","bottom":"30","left":"0","isLinked":false},"_element_width":"initial","_element_custom_width":{"unit":"px","size":400,"sizes":[]},"__globals__":{"title_color":"globals\/colors?id=accent"},"align_mobile":"center","_element_width_mobile":"inherit"},"elements":[],"widgetType":"heading"},{"id":"56e6dd1","elType":"widget","settings":{"editor":"<p>With a range of up to 12 miles on a single charge, anywhere is just a short ride away. Bypass city gridlock, fly by public transit, and never wait for an Uber to arrive.<\/p>","typography_typography":"custom","typography_font_family":"BROmny","typography_font_size":{"unit":"px","size":16,"sizes":[]},"typography_font_weight":"400","typography_line_height":{"unit":"px","size":30,"sizes":[]},"align_mobile":"center"},"elements":[],"widgetType":"text-editor"}],"isInner":false}],"isInner":false},{"id":"18325b2","elType":"section","settings":{"layout":"full_width","gap":"no","stretch_section":"section-stretched","structure":"20","reverse_order_tablet":"reverse-tablet","reverse_order_mobile":"reverse-mobile","height":"min-height","custom_height":{"unit":"px","size":800,"sizes":[]},"html_tag":"div"},"elements":[{"id":"0b899f4","elType":"column","settings":{"_column_size":50,"_inline_size":null,"_inline_size_tablet":100,"content_position":"center","margin":{"unit":"%","top":"","right":"","bottom":"","left":"","isLinked":true},"margin_tablet":{"unit":"%","top":"","right":"","bottom":"","left":"","isLinked":true},"z_index_tablet":2,"padding":{"unit":"%","top":"3","right":"25","bottom":"3","left":"25","isLinked":false},"padding_tablet":{"unit":"%","top":"10","right":"10","bottom":"10","left":"10","isLinked":false},"padding_mobile":{"unit":"px","top":"20","right":"15","bottom":"30","left":"15","isLinked":false}},"elements":[{"id":"56b31df","elType":"section","settings":{"gap":"no","html_tag":"div"},"elements":[{"id":"8916108","elType":"column","settings":{"_column_size":100,"_inline_size":null,"space_between_widgets":0},"elements":[{"id":"ed40ca5","elType":"widget","settings":{"editor":"<div>ride with e-skateboard<\/div>","text_color":"#999999","typography_typography":"custom","typography_font_family":"BROmny","typography_font_size":{"unit":"px","size":14,"sizes":[]},"typography_font_weight":"600","typography_text_transform":"uppercase","typography_line_height":{"unit":"px","size":30,"sizes":[]},"_margin":{"unit":"px","top":"0","right":"0","bottom":"5","left":"0","isLinked":false},"align_mobile":"center","align":"right","typography_letter_spacing":{"unit":"px","size":2.79999999999999982236431605997495353221893310546875,"sizes":[]}},"elements":[],"widgetType":"text-editor"},{"id":"be4694b","elType":"widget","settings":{"title":"Design for Everyone, Drive Anywhere","typography_typography":"custom","typography_font_family":"Montserrat","typography_font_size":{"unit":"px","size":36,"sizes":[]},"typography_font_weight":"bold","typography_line_height":{"unit":"px","size":50,"sizes":[]},"_margin":{"unit":"px","top":"0","right":"0","bottom":"30","left":"0","isLinked":false},"_element_custom_width":{"unit":"px","size":400,"sizes":[]},"__globals__":{"title_color":"globals\/colors?id=accent"},"align_mobile":"center","_element_width_mobile":"inherit","align":"right"},"elements":[],"widgetType":"heading"},{"id":"d96f7f1","elType":"widget","settings":{"editor":"With a series of sensors, an integrated gyroscope and differential speed motor control that belongs in an electric car, anyone can learn to ride the e-skateboard in under 5 minutes, even you! ","typography_typography":"custom","typography_font_family":"BROmny","typography_font_size":{"unit":"px","size":16,"sizes":[]},"typography_font_weight":"400","typography_line_height":{"unit":"px","size":30,"sizes":[]},"align_mobile":"center","align":"right"},"elements":[],"widgetType":"text-editor"}],"isInner":true}],"isInner":true}],"isInner":false},{"id":"d9e4512","elType":"column","settings":{"_column_size":50,"_inline_size":null,"_inline_size_tablet":100,"background_background":"classic","background_image":{"url":"https:\/\/demo2wpopal.b-cdn.net\/smartic\/wp-content\/uploads\/2021\/04\/H28_images-03.jpg","id":8318},"background_repeat":"no-repeat","background_size":"cover"},"elements":[{"id":"caaecce","elType":"widget","settings":{"image":{"url":"https:\/\/demo2wpopal.b-cdn.net\/smartic\/wp-content\/uploads\/2021\/04\/H28_images-04.png","id":8319},"image_size":"full","_z_index_tablet":1,"_element_width":"auto","_position":"absolute","_offset_x":{"unit":"%","size":-21,"sizes":[]},"_offset_x_tablet":{"unit":"%","size":-15,"sizes":[]},"_offset_x_end":{"unit":"%","size":-21,"sizes":[]},"_offset_x_end_tablet":{"unit":"%","size":2,"sizes":[]},"_offset_orientation_v":"end","_offset_y_end":{"unit":"%","size":25,"sizes":[]},"_offset_y_end_tablet":{"unit":"%","size":-45,"sizes":[]},"hover_animation":"shrink","hide_mobile":"hidden-phone"},"elements":[],"widgetType":"image"},{"id":"17c389f","elType":"widget","settings":{"space":{"unit":"px","size":800,"sizes":[]},"space_tablet":{"unit":"px","size":600,"sizes":[]}},"elements":[],"widgetType":"spacer"}],"isInner":false}],"isInner":false},{"id":"2ca5517","elType":"section","settings":{"gap":"no","custom_height":{"unit":"px","size":940,"sizes":[]},"stretch_section":"section-stretched","background_background":"classic","background_image":{"url":"https:\/\/demo2wpopal.b-cdn.net\/smartic\/wp-content\/uploads\/2021\/04\/H28_images-05.jpg","id":8336},"background_position":"top center","background_repeat":"no-repeat","background_size":"auto","padding":{"unit":"px","top":"0","right":"30","bottom":"0","left":"30","isLinked":false},"padding_mobile":{"unit":"px","top":"0","right":"15","bottom":"0","left":"15","isLinked":false},"background_position_mobile":"top left","background_repeat_tablet":"no-repeat","background_size_tablet":"auto","background_size_mobile":"cover","html_tag":"div"},"elements":[{"id":"283828c","elType":"column","settings":{"_column_size":100,"_inline_size":null,"space_between_widgets":0,"padding":{"unit":"px","top":"400","right":"0","bottom":"0","left":"0","isLinked":false},"padding_tablet":{"unit":"px","top":"50","right":"0","bottom":"50","left":"0","isLinked":false},"padding_mobile":{"unit":"px","top":"30","right":"0","bottom":"10","left":"0","isLinked":false}},"elements":[{"id":"53a5253","elType":"section","settings":{"gap":"no","height_inner":"min-height","custom_height_inner":{"unit":"px","size":500,"sizes":[]},"structure":"20","margin":{"unit":"px","top":"0","right":0,"bottom":"30","left":0,"isLinked":false},"margin_mobile":{"unit":"px","top":"0","right":0,"bottom":"0","left":0,"isLinked":false},"padding_mobile":{"unit":"px","top":"0","right":"0","bottom":"0","left":"0","isLinked":false},"html_tag":"div"},"elements":[{"id":"27c6fce","elType":"column","settings":{"_column_size":50,"_inline_size":null,"space_between_widgets":0,"padding":{"unit":"px","top":"0","right":"60","bottom":"0","left":"80","isLinked":false},"padding_tablet":{"unit":"px","top":"0","right":"15","bottom":"0","left":"0","isLinked":false},"padding_mobile":{"unit":"px","top":"0","right":"0","bottom":"0","left":"0","isLinked":false}},"elements":[{"id":"c014ab9","elType":"widget","settings":{"title_text":"Powerful Battery","description_text":"Lorem ipsum dolor sit amet, consectetur adipisicing elit, sed do eiusmod tempor incididunt ut labore et ","position":"right","icon_space":{"unit":"px","size":35,"sizes":[]},"title_bottom_space":{"unit":"px","size":15,"sizes":[]},"title_color":"#FFFFFF","title_typography_typography":"custom","title_typography_font_family":"BROmny","title_typography_font_size":{"unit":"px","size":18,"sizes":[]},"title_typography_font_weight":"600","title_typography_line_height":{"unit":"px","size":18,"sizes":[]},"description_color":"#999999","description_typography_typography":"custom","description_typography_font_family":"BROmny","description_typography_font_size":{"unit":"px","size":16,"sizes":[]},"description_typography_font_weight":"400","description_typography_line_height":{"unit":"px","size":30,"sizes":[]},"_margin":{"unit":"px","top":"0","right":"0","bottom":"50","left":"0","isLinked":false},"selected_icon":{"value":"smartic-icon- smartic-icon-battery","library":"smartic-icon-new"},"primary_color":"#FFFFFF","icon_space_mobile":{"unit":"px","size":0,"sizes":[]},"__globals__":{"hover_primary_color":"globals\/colors?id=primary"},"icon_size":{"unit":"px","size":58,"sizes":[]}},"elements":[],"widgetType":"icon-box"},{"id":"1d08f54","elType":"widget","settings":{"title_text":"Light and Quiet","description_text":"Duis aute irure dolor in reprehenderit in voluptate velit esse cillum dolore eu fugiat nulla pariatur","position":"right","icon_space":{"unit":"px","size":35,"sizes":[]},"title_bottom_space":{"unit":"px","size":15,"sizes":[]},"title_color":"#FFFFFF","title_typography_typography":"custom","title_typography_font_family":"BROmny","title_typography_font_size":{"unit":"px","size":18,"sizes":[]},"title_typography_font_weight":"600","title_typography_line_height":{"unit":"px","size":18,"sizes":[]},"description_color":"#999999","description_typography_typography":"custom","description_typography_font_family":"BROmny","description_typography_font_size":{"unit":"px","size":16,"sizes":[]},"description_typography_font_weight":"400","description_typography_line_height":{"unit":"px","size":30,"sizes":[]},"_margin":{"unit":"px","top":"0","right":"0","bottom":"50","left":"0","isLinked":false},"selected_icon":{"value":"smartic-icon- smartic-icon-quiet","library":"smartic-icon-new"},"primary_color":"#FFFFFF","icon_space_mobile":{"unit":"px","size":0,"sizes":[]},"_margin_mobile":{"unit":"px","top":"0","right":"0","bottom":"30","left":"0","isLinked":false},"__globals__":{"hover_primary_color":"globals\/colors?id=primary"},"icon_size":{"unit":"px","size":58,"sizes":[]}},"elements":[],"widgetType":"icon-box"},{"id":"aaafa11","elType":"widget","settings":{"title_text":"Bluetooth Remote","description_text":"Excepteur sint occaecat cupidatat non proident, sunt in culpa qui officia deserunt mollit anim id est laborum","position":"right","icon_space":{"unit":"px","size":35,"sizes":[]},"title_bottom_space":{"unit":"px","size":15,"sizes":[]},"title_color":"#FFFFFF","title_typography_typography":"custom","title_typography_font_family":"BROmny","title_typography_font_size":{"unit":"px","size":18,"sizes":[]},"title_typography_font_weight":"600","title_typography_line_height":{"unit":"px","size":18,"sizes":[]},"description_color":"#999999","description_typography_typography":"custom","description_typography_font_family":"BROmny","description_typography_font_size":{"unit":"px","size":16,"sizes":[]},"description_typography_font_weight":"400","description_typography_line_height":{"unit":"px","size":30,"sizes":[]},"_margin":{"unit":"px","top":"0","right":"0","bottom":"30","left":"0","isLinked":false},"selected_icon":{"value":"smartic-icon- smartic-icon-bluetooth-2","library":"smartic-icon-new"},"primary_color":"#FFFFFF","icon_space_mobile":{"unit":"px","size":0,"sizes":[]},"__globals__":{"hover_primary_color":"globals\/colors?id=primary"},"icon_size":{"unit":"px","size":58,"sizes":[]}},"elements":[],"widgetType":"icon-box"}],"isInner":true},{"id":"442f704","elType":"column","settings":{"_column_size":50,"_inline_size":null,"space_between_widgets":0,"padding":{"unit":"px","top":"0","right":"60","bottom":"0","left":"60","isLinked":false},"padding_tablet":{"unit":"px","top":"0","right":"0","bottom":"0","left":"15","isLinked":false},"padding_mobile":{"unit":"px","top":"0","right":"0","bottom":"0","left":"0","isLinked":false}},"elements":[{"id":"861e414","elType":"widget","settings":{"title_text":"Regenerative Braking","description_text":"Ut enim ad minim veniam quis nostrud exercitation ullamco laboris nisi ut aliquip","position":"left","icon_space":{"unit":"px","size":35,"sizes":[]},"title_bottom_space":{"unit":"px","size":15,"sizes":[]},"title_color":"#FFFFFF","title_typography_typography":"custom","title_typography_font_family":"BROmny","title_typography_font_size":{"unit":"px","size":18,"sizes":[]},"title_typography_font_weight":"600","title_typography_line_height":{"unit":"px","size":18,"sizes":[]},"description_color":"#999999","description_typography_typography":"custom","description_typography_font_family":"BROmny","description_typography_font_size":{"unit":"px","size":16,"sizes":[]},"description_typography_font_weight":"400","description_typography_line_height":{"unit":"px","size":30,"sizes":[]},"_margin":{"unit":"px","top":"0","right":"0","bottom":"50","left":"0","isLinked":false},"_margin_tablet":{"unit":"px","top":"0","right":"0","bottom":"60","left":"0","isLinked":false},"selected_icon":{"value":"smartic-icon- smartic-icon-braking","library":"smartic-icon-new"},"primary_color":"#FFFFFF","icon_space_mobile":{"unit":"px","size":0,"sizes":[]},"_margin_mobile":{"unit":"px","top":"0","right":"0","bottom":"30","left":"0","isLinked":false},"__globals__":{"hover_primary_color":"globals\/colors?id=primary"},"icon_size":{"unit":"px","size":58,"sizes":[]}},"elements":[],"widgetType":"icon-box"},{"id":"c4ddd15","elType":"widget","settings":{"title_text":"Flexible Deck","description_text":"Sed ut perspiciatis unde omnis iste natus error sit voluptatem accusantium doloremque ","position":"left","icon_space":{"unit":"px","size":35,"sizes":[]},"title_bottom_space":{"unit":"px","size":15,"sizes":[]},"title_color":"#FFFFFF","title_typography_typography":"custom","title_typography_font_family":"BROmny","title_typography_font_size":{"unit":"px","size":18,"sizes":[]},"title_typography_font_weight":"600","title_typography_line_height":{"unit":"px","size":18,"sizes":[]},"description_color":"#999999","description_typography_typography":"custom","description_typography_font_family":"BROmny","description_typography_font_size":{"unit":"px","size":16,"sizes":[]},"description_typography_font_weight":"400","description_typography_line_height":{"unit":"px","size":30,"sizes":[]},"_margin":{"unit":"px","top":"0","right":"0","bottom":"50","left":"0","isLinked":false},"_margin_tablet":{"unit":"px","top":"0","right":"0","bottom":"60","left":"0","isLinked":false},"selected_icon":{"value":"smartic-icon- smartic-icon-deck","library":"smartic-icon-new"},"primary_color":"#FFFFFF","icon_space_mobile":{"unit":"px","size":0,"sizes":[]},"_margin_mobile":{"unit":"px","top":"0","right":"0","bottom":"30","left":"0","isLinked":false},"__globals__":{"hover_primary_color":"globals\/colors?id=primary"},"icon_size":{"unit":"px","size":58,"sizes":[]}},"elements":[],"widgetType":"icon-box"},{"id":"cbb4a6e","elType":"widget","settings":{"title_text":"Fast Recharge","description_text":"Excepteur sint occaecat cupidatat non proident, sunt in culpa qui officia deserunt mollit anim id est laborum","position":"left","icon_space":{"unit":"px","size":35,"sizes":[]},"title_bottom_space":{"unit":"px","size":15,"sizes":[]},"title_color":"#FFFFFF","title_typography_typography":"custom","title_typography_font_family":"BROmny","title_typography_font_size":{"unit":"px","size":18,"sizes":[]},"title_typography_font_weight":"600","title_typography_line_height":{"unit":"px","size":18,"sizes":[]},"description_color":"#999999","description_typography_typography":"custom","description_typography_font_family":"BROmny","description_typography_font_size":{"unit":"px","size":16,"sizes":[]},"description_typography_font_weight":"400","description_typography_line_height":{"unit":"px","size":30,"sizes":[]},"_margin":{"unit":"px","top":"0","right":"0","bottom":"30","left":"0","isLinked":false},"selected_icon":{"value":"smartic-icon- smartic-icon-recharge","library":"smartic-icon-new"},"primary_color":"#FFFFFF","icon_space_mobile":{"unit":"px","size":0,"sizes":[]},"_margin_mobile":{"unit":"px","top":"0","right":"0","bottom":"30","left":"0","isLinked":false},"__globals__":{"hover_primary_color":"globals\/colors?id=primary"},"icon_size":{"unit":"px","size":58,"sizes":[]}},"elements":[],"widgetType":"icon-box"}],"isInner":true}],"isInner":true}],"isInner":false}],"isInner":false},{"id":"dab689b","elType":"section","settings":{"content_width":{"unit":"px","size":960,"sizes":[]},"gap":"no","height":"min-height","custom_height":{"unit":"px","size":415,"sizes":[]},"stretch_section":"section-stretched","padding":{"unit":"px","top":"0","right":"30","bottom":"0","left":"30","isLinked":false},"padding_mobile":{"unit":"px","top":"40","right":"15","bottom":"40","left":"15","isLinked":false},"html_tag":"div"},"elements":[{"id":"405e514","elType":"column","settings":{"_column_size":100,"_inline_size":null,"background_background":"classic","background_image":{"url":"https:\/\/demo2wpopal.b-cdn.net\/smartic\/wp-content\/uploads\/2021\/04\/H28_images-07.png","id":8434},"background_position":"top left","background_repeat":"no-repeat","padding":{"unit":"px","top":"0","right":"30","bottom":"0","left":"30","isLinked":false},"padding_mobile":{"unit":"px","top":"0","right":"0","bottom":"0","left":"0","isLinked":false}},"elements":[{"id":"5c0db3a","elType":"widget","settings":{"title":"Whether you are cruising the beach or commuting a couple of miles to work, the board can get you where you need to go.","align":"center","title_color":"#213E7F","typography_typography":"custom","typography_font_family":"BROmny","typography_font_size":{"unit":"px","size":36,"sizes":[]},"typography_font_weight":"600","typography_line_height":{"unit":"px","size":50,"sizes":[]},"_margin":{"unit":"px","top":"0","right":"0","bottom":"30","left":"0","isLinked":false}},"elements":[],"widgetType":"heading"},{"id":"d3d9f8e","elType":"widget","settings":{"editor":"<div>John Doe<\/div>","align":"right","typography_typography":"custom","typography_font_family":"BROmny","typography_font_size":{"unit":"px","size":14,"sizes":[]},"typography_font_weight":"600","typography_text_transform":"uppercase","_element_width":"initial","_element_custom_width":{"unit":"%","size":47,"sizes":[]},"__globals__":{"text_color":"globals\/colors?id=accent"},"_element_width_mobile":"initial","_element_custom_width_mobile":{"unit":"%","size":40,"sizes":[]}},"elements":[],"widgetType":"text-editor"},{"id":"946725f","elType":"widget","settings":{"editor":"<div>\u00a0 CrossFit Champion<\/div>","align":"left","typography_typography":"custom","typography_font_family":"BROmny","typography_font_size":{"unit":"px","size":14,"sizes":[]},"typography_font_weight":"400","_margin":{"unit":"px","top":"0","right":"0","bottom":"0","left":"10","isLinked":false},"_border_border":"solid","_border_width":{"unit":"px","top":"0","right":"0","bottom":"0","left":"1","isLinked":false},"_element_width":"initial","_element_custom_width":{"unit":"%","size":53,"sizes":[]},"__globals__":{"_border_color":"globals\/colors?id=text"},"_element_width_mobile":"initial","_element_custom_width_mobile":{"unit":"%","size":60,"sizes":[]}},"elements":[],"widgetType":"text-editor"}],"isInner":false}],"isInner":false},{"id":"7079c6d","elType":"section","settings":{"gap":"no","height":"min-height","custom_height":{"unit":"px","size":470,"sizes":[]},"stretch_section":"section-stretched","structure":"30","background_background":"classic","background_image":{"url":"https:\/\/demo2wpopal.b-cdn.net\/smartic\/wp-content\/uploads\/2021\/04\/H28_images-06.jpg","id":8471},"background_position":"center center","background_repeat":"no-repeat","background_size":"auto","padding":{"unit":"px","top":"0","right":"30","bottom":"0","left":"30","isLinked":false},"padding_mobile":{"unit":"px","top":"40","right":"15","bottom":"40","left":"15","isLinked":false},"background_position_tablet":"top center","background_position_mobile":"center left","background_repeat_tablet":"no-repeat","background_size_tablet":"auto","background_size_mobile":"cover","html_tag":"div"},"elements":[{"id":"43178b2","elType":"column","settings":{"_column_size":33,"_inline_size":null,"_inline_size_tablet":40,"margin_mobile":{"unit":"px","top":"0","right":"0","bottom":"30","left":"0","isLinked":false}},"elements":[{"id":"d1c46ea","elType":"widget","settings":{"title":"Try It Today!","typography_typography":"custom","typography_font_family":"Montserrat","typography_font_size":{"unit":"px","size":36,"sizes":[]},"typography_font_weight":"bold","typography_line_height":{"unit":"px","size":30,"sizes":[]},"_margin":{"unit":"px","top":"0","right":"0","bottom":"10","left":"0","isLinked":false},"__globals__":{"title_color":"globals\/colors?id=accent"},"align_mobile":"center"},"elements":[],"widgetType":"heading"},{"id":"516589e","elType":"widget","settings":{"editor":"<div>Best Dual Motor Electric Skateboard<\/div>","typography_typography":"custom","typography_font_family":"BROmny","typography_font_size":{"unit":"px","size":16,"sizes":[]},"typography_font_weight":"400","typography_line_height":{"unit":"px","size":30,"sizes":[]},"_margin":{"unit":"px","top":"0","right":"0","bottom":"15","left":"0","isLinked":false},"align_mobile":"center"},"elements":[],"widgetType":"text-editor"},{"id":"b9db7e1","elType":"widget","settings":{"editor":"<div>$999.00<\/div>","text_color":"#EE733D","typography_typography":"custom","typography_font_family":"BROmny","typography_font_size":{"unit":"px","size":30,"sizes":[]},"typography_font_weight":"bold","typography_line_height":{"unit":"px","size":30,"sizes":[]},"_margin":{"unit":"px","top":"0","right":"0","bottom":"25","left":"0","isLinked":false},"__globals__":{"text_color":""},"align_mobile":"center"},"elements":[],"widgetType":"text-editor"},{"id":"c96345f","elType":"widget","settings":{"text":"Order Now","typography_typography":"custom","typography_font_size_mobile":{"unit":"px","size":14,"sizes":[]},"typography_font_weight":"700","align_mobile":"center","link":{"url":"https:\/\/demo2wpopal.b-cdn.net\/smartic\/product\/design-for-everyone-drive-anywhere\/","is_external":"","nofollow":"","custom_attributes":""}},"elements":[],"widgetType":"button"}],"isInner":false},{"id":"5cb19d2","elType":"column","settings":{"_column_size":33,"_inline_size":null,"_inline_size_tablet":20},"elements":[],"isInner":false},{"id":"dc38dd0","elType":"column","settings":{"_column_size":33,"_inline_size":null,"_inline_size_tablet":40},"elements":[{"id":"f0fe2ba","elType":"widget","settings":{"editor":"<div>6-Month Warranty<\/div>","align":"right","typography_typography":"custom","typography_font_family":"BROmny","typography_font_size":{"unit":"px","size":24,"sizes":[]},"typography_font_weight":"400","typography_line_height":{"unit":"px","size":50,"sizes":[]},"_margin":{"unit":"px","top":"0","right":"0","bottom":"5","left":"0","isLinked":false},"__globals__":{"text_color":"globals\/colors?id=accent"},"align_mobile":"center","texteditor_shadow_text_shadow_type":"yes","texteditor_shadow_text_shadow":{"horizontal":0,"vertical":0,"blur":10,"color":"#FFFFFF"},"_margin_mobile":{"unit":"px","top":"0","right":"0","bottom":"0","left":"0","isLinked":false}},"elements":[],"widgetType":"text-editor"},{"id":"d51b099","elType":"widget","settings":{"editor":"<div>Full protection against manufacturing defects.<\/div>","align":"right","typography_typography":"custom","typography_font_family":"BROmny","typography_font_size":{"unit":"px","size":16,"sizes":[]},"typography_font_weight":"400","typography_line_height":{"unit":"px","size":30,"sizes":[]},"_margin":{"unit":"px","top":"0","right":"0","bottom":"30","left":"0","isLinked":false},"align_mobile":"center","texteditor_shadow_text_shadow_type":"yes","texteditor_shadow_text_shadow":{"horizontal":0,"vertical":0,"blur":10,"color":"#FFFFFF"},"_margin_mobile":{"unit":"px","top":"0","right":"0","bottom":"21","left":"0","isLinked":false}},"elements":[],"widgetType":"text-editor"},{"id":"1d14192","elType":"widget","settings":{"editor":"<div>Service & Support<\/div>","align":"right","typography_typography":"custom","typography_font_family":"BROmny","typography_font_size":{"unit":"px","size":24,"sizes":[]},"typography_font_weight":"400","typography_line_height":{"unit":"px","size":50,"sizes":[]},"_margin":{"unit":"px","top":"0","right":"0","bottom":"5","left":"0","isLinked":false},"__globals__":{"text_color":"globals\/colors?id=accent"},"align_mobile":"center","texteditor_shadow_text_shadow_type":"yes","texteditor_shadow_text_shadow":{"horizontal":0,"vertical":0,"blur":10,"color":"#FFFFFF"},"_margin_mobile":{"unit":"px","top":"0","right":"0","bottom":"0","left":"0","isLinked":false}},"elements":[],"widgetType":"text-editor"},{"id":"f764f6d","elType":"widget","settings":{"editor":"<div>Expert service teams for anything you need. <\/div>","align":"right","typography_typography":"custom","typography_font_family":"BROmny","typography_font_size":{"unit":"px","size":16,"sizes":[]},"typography_font_weight":"400","typography_line_height":{"unit":"px","size":30,"sizes":[]},"align_mobile":"center","texteditor_shadow_text_shadow_type":"yes","texteditor_shadow_text_shadow":{"horizontal":0,"vertical":0,"blur":10,"color":"#FFFFFF"}},"elements":[],"widgetType":"text-editor"}],"isInner":false}],"isInner":false}]]]></wp:meta_value>
  </wp:postmeta>
  <wp:postmeta>
    <wp:meta_key>_yoast_wpseo_content_score</wp:meta_key>
    <wp:meta_value><![CDATA[60]]></wp:meta_value>
  </wp:postmeta>
  <wp:postmeta>
    <wp:meta_key>rs_page_bg_color</wp:meta_key>
    <wp:meta_value><![CDATA[]]></wp:meta_value>
  </wp:postmeta>
  <wp:postmeta>
    <wp:meta_key>_elementor_page_settings</wp:meta_key>
    <wp:meta_value><![CDATA[a:1:{s:10:"hide_title";s:3:"yes";}]]></wp:meta_value>
  </wp:postmeta>
  <wp:postmeta>
    <wp:meta_key>_elementor_controls_usage</wp:meta_key>
    <wp:meta_value><![CDATA[a:10:{s:17:"smartic-revslider";a:3:{s:5:"count";i:1;s:15:"control_percent";i:0;s:8:"controls";a:1:{s:7:"content";a:1:{s:10:"rev_slider";a:1:{s:9:"rev_alias";i:1;}}}}s:6:"column";a:3:{s:5:"count";i:18;s:15:"control_percent";i:1;s:8:"controls";a:3:{s:6:"layout";a:1:{s:6:"layout";a:5:{s:12:"_inline_size";i:18;s:19:"_inline_size_mobile";i:4;s:19:"_inline_size_tablet";i:7;s:16:"content_position";i:2;s:21:"space_between_widgets";i:4;}}s:8:"advanced";a:1:{s:16:"section_advanced";a:7:{s:6:"margin";i:6;s:13:"margin_mobile";i:6;s:13:"margin_tablet";i:2;s:14:"z_index_tablet";i:2;s:7:"padding";i:5;s:14:"padding_tablet";i:4;s:14:"padding_mobile";i:5;}}s:5:"style";a:1:{s:13:"section_style";a:5:{s:21:"background_background";i:2;s:16:"background_image";i:2;s:17:"background_repeat";i:2;s:15:"background_size";i:1;s:19:"background_position";i:1;}}}}s:7:"section";a:3:{s:5:"count";i:10;s:15:"control_percent";i:4;s:8:"controls";a:3:{s:6:"layout";a:2:{s:14:"section_layout";a:8:{s:6:"layout";i:3;s:3:"gap";i:10;s:15:"stretch_section";i:8;s:13:"content_width";i:2;s:6:"height";i:3;s:13:"custom_height";i:4;s:12:"height_inner";i:1;s:19:"custom_height_inner";i:1;}s:17:"section_structure";a:1:{s:9:"structure";i:5;}}s:8:"advanced";a:2:{s:16:"section_advanced";a:5:{s:7:"padding";i:5;s:14:"padding_tablet";i:1;s:14:"padding_mobile";i:6;s:6:"margin";i:1;s:13:"margin_mobile";i:1;}s:19:"_section_responsive";a:2:{s:20:"reverse_order_tablet";i:1;s:20:"reverse_order_mobile";i:1;}}s:5:"style";a:1:{s:18:"section_background";a:10:{s:21:"background_background";i:2;s:16:"background_image";i:2;s:19:"background_position";i:2;s:17:"background_repeat";i:2;s:15:"background_size";i:2;s:26:"background_position_mobile";i:2;s:24:"background_repeat_tablet";i:2;s:22:"background_size_tablet";i:2;s:22:"background_size_mobile";i:2;s:26:"background_position_tablet";i:1;}}}}s:7:"counter";a:3:{s:5:"count";i:4;s:15:"control_percent";i:5;s:8:"controls";a:2:{s:7:"content";a:1:{s:15:"section_counter";a:3:{s:13:"ending_number";i:4;s:6:"suffix";i:4;s:5:"title";i:4;}}s:5:"style";a:3:{s:14:"section_number";a:8:{s:28:"typography_number_typography";i:4;s:29:"typography_number_font_family";i:4;s:27:"typography_number_font_size";i:4;s:29:"typography_number_font_weight";i:4;s:32:"typography_number_text_transform";i:4;s:29:"typography_number_line_height";i:4;s:12:"number_color";i:4;s:32:"typography_number_letter_spacing";i:4;}s:13:"section_title";a:7:{s:27:"typography_title_typography";i:4;s:28:"typography_title_font_family";i:4;s:26:"typography_title_font_size";i:4;s:28:"typography_title_font_weight";i:4;s:31:"typography_title_text_transform";i:4;s:28:"typography_title_line_height";i:4;s:11:"title_color";i:4;}s:21:"section_number_suffix";a:4:{s:19:"number_suffix_color";i:4;s:35:"typography_number_suffix_typography";i:4;s:34:"typography_number_suffix_font_size";i:4;s:21:"spacing_number_suffix";i:4;}}}}s:11:"text-editor";a:3:{s:5:"count";i:13;s:15:"control_percent";i:3;s:8:"controls";a:3:{s:7:"content";a:1:{s:14:"section_editor";a:1:{s:6:"editor";i:13;}}s:5:"style";a:1:{s:13:"section_style";a:13:{s:5:"align";i:9;s:10:"text_color";i:4;s:21:"typography_typography";i:13;s:20:"typography_font_size";i:13;s:22:"typography_font_weight";i:13;s:22:"typography_line_height";i:13;s:27:"typography_font_size_mobile";i:1;s:22:"typography_font_family";i:12;s:25:"typography_text_transform";i:3;s:12:"align_mobile";i:10;s:25:"typography_letter_spacing";i:2;s:34:"texteditor_shadow_text_shadow_type";i:4;s:29:"texteditor_shadow_text_shadow";i:4;}}s:8:"advanced";a:3:{s:14:"_section_style";a:2:{s:7:"_margin";i:8;s:14:"_margin_mobile";i:3;}s:17:"_section_position";a:4:{s:14:"_element_width";i:2;s:21:"_element_custom_width";i:2;s:21:"_element_width_mobile";i:2;s:28:"_element_custom_width_mobile";i:2;}s:15:"_section_border";a:2:{s:14:"_border_border";i:1;s:13:"_border_width";i:1;}}}}s:5:"image";a:3:{s:5:"count";i:3;s:15:"control_percent";i:4;s:8:"controls";a:3:{s:7:"content";a:1:{s:13:"section_image";a:2:{s:5:"image";i:3;s:10:"image_size";i:3;}}s:8:"advanced";a:3:{s:14:"_section_style";a:1:{s:15:"_z_index_tablet";i:2;}s:17:"_section_position";a:10:{s:14:"_element_width";i:2;s:9:"_position";i:2;s:21:"_offset_orientation_h";i:1;s:9:"_offset_x";i:2;s:13:"_offset_x_end";i:2;s:20:"_offset_x_end_tablet";i:2;s:21:"_offset_orientation_v";i:2;s:13:"_offset_y_end";i:2;s:20:"_offset_y_end_tablet";i:2;s:16:"_offset_x_tablet";i:1;}s:19:"_section_responsive";a:1:{s:11:"hide_mobile";i:2;}}s:5:"style";a:1:{s:19:"section_style_image";a:1:{s:15:"hover_animation";i:2;}}}}s:7:"heading";a:3:{s:5:"count";i:4;s:15:"control_percent";i:3;s:8:"controls";a:3:{s:7:"content";a:1:{s:13:"section_title";a:3:{s:5:"title";i:4;s:12:"align_mobile";i:3;s:5:"align";i:2;}}s:5:"style";a:1:{s:19:"section_title_style";a:6:{s:21:"typography_typography";i:4;s:22:"typography_font_family";i:4;s:20:"typography_font_size";i:4;s:22:"typography_font_weight";i:4;s:22:"typography_line_height";i:4;s:11:"title_color";i:1;}}s:8:"advanced";a:2:{s:14:"_section_style";a:1:{s:7:"_margin";i:4;}s:17:"_section_position";a:3:{s:14:"_element_width";i:1;s:21:"_element_custom_width";i:2;s:21:"_element_width_mobile";i:2;}}}}s:6:"spacer";a:3:{s:5:"count";i:1;s:15:"control_percent";i:1;s:8:"controls";a:1:{s:7:"content";a:1:{s:14:"section_spacer";a:2:{s:5:"space";i:1;s:12:"space_tablet";i:1;}}}}s:8:"icon-box";a:3:{s:5:"count";i:6;s:15:"control_percent";i:7;s:8:"controls";a:3:{s:7:"content";a:1:{s:12:"section_icon";a:4:{s:10:"title_text";i:6;s:16:"description_text";i:6;s:8:"position";i:6;s:13:"selected_icon";i:6;}}s:5:"style";a:2:{s:18:"section_style_icon";a:4:{s:10:"icon_space";i:6;s:13:"primary_color";i:6;s:17:"icon_space_mobile";i:6;s:9:"icon_size";i:6;}s:21:"section_style_content";a:13:{s:18:"title_bottom_space";i:6;s:11:"title_color";i:6;s:27:"title_typography_typography";i:6;s:28:"title_typography_font_family";i:6;s:26:"title_typography_font_size";i:6;s:28:"title_typography_font_weight";i:6;s:28:"title_typography_line_height";i:6;s:17:"description_color";i:6;s:33:"description_typography_typography";i:6;s:34:"description_typography_font_family";i:6;s:32:"description_typography_font_size";i:6;s:34:"description_typography_font_weight";i:6;s:34:"description_typography_line_height";i:6;}}s:8:"advanced";a:1:{s:14:"_section_style";a:3:{s:7:"_margin";i:6;s:14:"_margin_mobile";i:4;s:14:"_margin_tablet";i:2;}}}}s:6:"button";a:3:{s:5:"count";i:1;s:15:"control_percent";i:1;s:8:"controls";a:2:{s:7:"content";a:1:{s:14:"section_button";a:3:{s:4:"text";i:1;s:12:"align_mobile";i:1;s:4:"link";i:1;}}s:5:"style";a:1:{s:13:"section_style";a:3:{s:21:"typography_typography";i:1;s:27:"typography_font_size_mobile";i:1;s:22:"typography_font_weight";i:1;}}}}}]]></wp:meta_value>
  </wp:postmeta>
  <wp:postmeta>
    <wp:meta_key>_elementor_page_assets</wp:meta_key>
    <wp:meta_value><![CDATA[a:1:{s:6:"styles";a:2:{i:0;s:12:"e-animations";i:1;s:12:"e-animations";}}]]></wp:meta_value>
  </wp:postmeta>
</item>
<item>
  <title><![CDATA[H28_images-01]]></title>
  <link>https://demo2wpopal.b-cdn.net/smartic/home-28/h28_images-01/</link>
  <pubDate>Mon, 05 Apr 2021 03:53:16 +0000</pubDate>
  <dc:creator>admin</dc:creator>
  <guid isPermaLink="false">https://demo2wpopal.b-cdn.net/smartic/wp-content/uploads/2021/04/H28_images-01.jpg</guid>
  <description/>
  <content:encoded><![CDATA[]]></content:encoded>
  <excerpt:encoded><![CDATA[]]></excerpt:encoded>
  <wp:post_id>8289</wp:post_id>
  <wp:post_date>2021-04-05 03:53:16</wp:post_date>
  <wp:post_date_gmt>2021-04-05 03:53:16</wp:post_date_gmt>
  <wp:post_modified>2021-04-05 03:53:16</wp:post_modified>
  <wp:post_modified_gmt>2021-04-05 03:53:16</wp:post_modified_gmt>
  <wp:comment_status>open</wp:comment_status>
  <wp:ping_status>closed</wp:ping_status>
  <wp:post_name>h28_images-01</wp:post_name>
  <wp:status>inherit</wp:status>
  <wp:post_parent>8265</wp:post_parent>
  <wp:menu_order>0</wp:menu_order>
  <wp:post_type>attachment</wp:post_type>
  <wp:post_password/>
  <wp:is_sticky>0</wp:is_sticky>
  <wp:attachment_url>https://demo2wpopal.b-cdn.net/smartic/wp-content/uploads/2021/04/H28_images-01.jpg</wp:attachment_url>
  <wp:postmeta>
    <wp:meta_key>_wp_attached_file</wp:meta_key>
    <wp:meta_value><![CDATA[2021/04/H28_images-01.jpg]]></wp:meta_value>
  </wp:postmeta>
  <wp:postmeta>
    <wp:meta_key>_wp_attachment_metadata</wp:meta_key>
    <wp:meta_value><![CDATA[a:6:{s:5:"width";i:960;s:6:"height";i:800;s:4:"file";s:25:"2021/04/H28_images-01.jpg";s:8:"filesize";i:149751;s:5:"sizes";a:10:{s:6:"medium";a:5:{s:4:"file";s:25:"H28_images-01-300x250.jpg";s:5:"width";i:300;s:6:"height";i:250;s:9:"mime-type";s:10:"image/jpeg";s:8:"filesize";i:16162;}s:9:"thumbnail";a:5:{s:4:"file";s:25:"H28_images-01-150x150.jpg";s:5:"width";i:150;s:6:"height";i:150;s:9:"mime-type";s:10:"image/jpeg";s:8:"filesize";i:6196;}s:12:"medium_large";a:5:{s:4:"file";s:25:"H28_images-01-768x640.jpg";s:5:"width";i:768;s:6:"height";i:640;s:9:"mime-type";s:10:"image/jpeg";s:8:"filesize";i:80721;}s:14:"post-thumbnail";a:5:{s:4:"file";s:25:"H28_images-01-960x565.jpg";s:5:"width";i:960;s:6:"height";i:565;s:9:"mime-type";s:10:"image/jpeg";s:8:"filesize";i:106393;}s:17:"smartic-post-grid";a:5:{s:4:"file";s:25:"H28_images-01-500x330.jpg";s:5:"width";i:500;s:6:"height";i:330;s:9:"mime-type";s:10:"image/jpeg";s:8:"filesize";i:34736;}s:21:"woocommerce_thumbnail";a:6:{s:4:"file";s:25:"H28_images-01-500x417.jpg";s:5:"width";i:500;s:6:"height";i:417;s:9:"mime-type";s:10:"image/jpeg";s:8:"filesize";i:39034;s:9:"uncropped";b:1;}s:18:"woocommerce_single";a:5:{s:4:"file";s:25:"H28_images-01-800x667.jpg";s:5:"width";i:800;s:6:"height";i:667;s:9:"mime-type";s:10:"image/jpeg";s:8:"filesize";i:86321;}s:29:"woocommerce_gallery_thumbnail";a:5:{s:4:"file";s:25:"H28_images-01-100x100.jpg";s:5:"width";i:100;s:6:"height";i:100;s:9:"mime-type";s:10:"image/jpeg";s:8:"filesize";i:3633;}s:29:"variation_swatches_image_size";a:5:{s:4:"file";s:23:"H28_images-01-50x50.jpg";s:5:"width";i:50;s:6:"height";i:50;s:9:"mime-type";s:10:"image/jpeg";s:8:"filesize";i:1700;}s:31:"variation_swatches_tooltip_size";a:5:{s:4:"file";s:25:"H28_images-01-100x100.jpg";s:5:"width";i:100;s:6:"height";i:100;s:9:"mime-type";s:10:"image/jpeg";s:8:"filesize";i:3633;}}s:10:"image_meta";a:12:{s:8:"aperture";s:1:"0";s:6:"credit";s:0:"";s:6:"camera";s:0:"";s:7:"caption";s:0:"";s:17:"created_timestamp";s:1:"0";s:9:"copyright";s:0:"";s:12:"focal_length";s:1:"0";s:3:"iso";s:1:"0";s:13:"shutter_speed";s:1:"0";s:5:"title";s:0:"";s:11:"orientation";s:1:"0";s:8:"keywords";a:0:{}}}]]></wp:meta_value>
  </wp:postmeta>
</item>
<item>
  <title><![CDATA[H28_images-02]]></title>
  <link>https://demo2wpopal.b-cdn.net/smartic/home-28/h28_images-02/</link>
  <pubDate>Mon, 05 Apr 2021 03:55:41 +0000</pubDate>
  <dc:creator>admin</dc:creator>
  <guid isPermaLink="false">https://demo2wpopal.b-cdn.net/smartic/wp-content/uploads/2021/04/H28_images-02.png</guid>
  <description/>
  <content:encoded><![CDATA[]]></content:encoded>
  <excerpt:encoded><![CDATA[]]></excerpt:encoded>
  <wp:post_id>8291</wp:post_id>
  <wp:post_date>2021-04-05 03:55:41</wp:post_date>
  <wp:post_date_gmt>2021-04-05 03:55:41</wp:post_date_gmt>
  <wp:post_modified>2021-04-05 03:55:41</wp:post_modified>
  <wp:post_modified_gmt>2021-04-05 03:55:41</wp:post_modified_gmt>
  <wp:comment_status>open</wp:comment_status>
  <wp:ping_status>closed</wp:ping_status>
  <wp:post_name>h28_images-02</wp:post_name>
  <wp:status>inherit</wp:status>
  <wp:post_parent>8265</wp:post_parent>
  <wp:menu_order>0</wp:menu_order>
  <wp:post_type>attachment</wp:post_type>
  <wp:post_password/>
  <wp:is_sticky>0</wp:is_sticky>
  <wp:attachment_url>https://demo2wpopal.b-cdn.net/smartic/wp-content/uploads/2021/04/H28_images-02.png</wp:attachment_url>
  <wp:postmeta>
    <wp:meta_key>_wp_attached_file</wp:meta_key>
    <wp:meta_value><![CDATA[2021/04/H28_images-02.png]]></wp:meta_value>
  </wp:postmeta>
  <wp:postmeta>
    <wp:meta_key>_wp_attachment_metadata</wp:meta_key>
    <wp:meta_value><![CDATA[a:6:{s:5:"width";i:405;s:6:"height";i:443;s:4:"file";s:25:"2021/04/H28_images-02.png";s:8:"filesize";i:149061;s:5:"sizes";a:6:{s:6:"medium";a:5:{s:4:"file";s:25:"H28_images-02-274x300.png";s:5:"width";i:274;s:6:"height";i:300;s:9:"mime-type";s:9:"image/png";s:8:"filesize";i:66998;}s:9:"thumbnail";a:5:{s:4:"file";s:25:"H28_images-02-150x150.png";s:5:"width";i:150;s:6:"height";i:150;s:9:"mime-type";s:9:"image/png";s:8:"filesize";i:22292;}s:17:"smartic-post-grid";a:5:{s:4:"file";s:25:"H28_images-02-405x330.png";s:5:"width";i:405;s:6:"height";i:330;s:9:"mime-type";s:9:"image/png";s:8:"filesize";i:108429;}s:29:"woocommerce_gallery_thumbnail";a:5:{s:4:"file";s:25:"H28_images-02-100x100.png";s:5:"width";i:100;s:6:"height";i:100;s:9:"mime-type";s:9:"image/png";s:8:"filesize";i:11089;}s:29:"variation_swatches_image_size";a:5:{s:4:"file";s:23:"H28_images-02-50x50.png";s:5:"width";i:50;s:6:"height";i:50;s:9:"mime-type";s:9:"image/png";s:8:"filesize";i:3518;}s:31:"variation_swatches_tooltip_size";a:5:{s:4:"file";s:25:"H28_images-02-100x100.png";s:5:"width";i:100;s:6:"height";i:100;s:9:"mime-type";s:9:"image/png";s:8:"filesize";i:11089;}}s:10:"image_meta";a:12:{s:8:"aperture";s:1:"0";s:6:"credit";s:0:"";s:6:"camera";s:0:"";s:7:"caption";s:0:"";s:17:"created_timestamp";s:1:"0";s:9:"copyright";s:0:"";s:12:"focal_length";s:1:"0";s:3:"iso";s:1:"0";s:13:"shutter_speed";s:1:"0";s:5:"title";s:0:"";s:11:"orientation";s:1:"0";s:8:"keywords";a:0:{}}}]]></wp:meta_value>
  </wp:postmeta>
</item>
<item>
  <title><![CDATA[H28_images-03]]></title>
  <link>https://demo2wpopal.b-cdn.net/smartic/home-28/h28_images-03/</link>
  <pubDate>Mon, 05 Apr 2021 04:24:27 +0000</pubDate>
  <dc:creator>admin</dc:creator>
  <guid isPermaLink="false">https://demo2wpopal.b-cdn.net/smartic/wp-content/uploads/2021/04/H28_images-03.jpg</guid>
  <description/>
  <content:encoded><![CDATA[]]></content:encoded>
  <excerpt:encoded><![CDATA[]]></excerpt:encoded>
  <wp:post_id>8318</wp:post_id>
  <wp:post_date>2021-04-05 04:24:27</wp:post_date>
  <wp:post_date_gmt>2021-04-05 04:24:27</wp:post_date_gmt>
  <wp:post_modified>2021-04-05 04:24:27</wp:post_modified>
  <wp:post_modified_gmt>2021-04-05 04:24:27</wp:post_modified_gmt>
  <wp:comment_status>open</wp:comment_status>
  <wp:ping_status>closed</wp:ping_status>
  <wp:post_name>h28_images-03</wp:post_name>
  <wp:status>inherit</wp:status>
  <wp:post_parent>8265</wp:post_parent>
  <wp:menu_order>0</wp:menu_order>
  <wp:post_type>attachment</wp:post_type>
  <wp:post_password/>
  <wp:is_sticky>0</wp:is_sticky>
  <wp:attachment_url>https://demo2wpopal.b-cdn.net/smartic/wp-content/uploads/2021/04/H28_images-03.jpg</wp:attachment_url>
  <wp:postmeta>
    <wp:meta_key>_wp_attached_file</wp:meta_key>
    <wp:meta_value><![CDATA[2021/04/H28_images-03.jpg]]></wp:meta_value>
  </wp:postmeta>
  <wp:postmeta>
    <wp:meta_key>_wp_attachment_metadata</wp:meta_key>
    <wp:meta_value><![CDATA[a:6:{s:5:"width";i:960;s:6:"height";i:800;s:4:"file";s:25:"2021/04/H28_images-03.jpg";s:8:"filesize";i:200597;s:5:"sizes";a:10:{s:6:"medium";a:5:{s:4:"file";s:25:"H28_images-03-300x250.jpg";s:5:"width";i:300;s:6:"height";i:250;s:9:"mime-type";s:10:"image/jpeg";s:8:"filesize";i:20111;}s:9:"thumbnail";a:5:{s:4:"file";s:25:"H28_images-03-150x150.jpg";s:5:"width";i:150;s:6:"height";i:150;s:9:"mime-type";s:10:"image/jpeg";s:8:"filesize";i:7716;}s:12:"medium_large";a:5:{s:4:"file";s:25:"H28_images-03-768x640.jpg";s:5:"width";i:768;s:6:"height";i:640;s:9:"mime-type";s:10:"image/jpeg";s:8:"filesize";i:99524;}s:14:"post-thumbnail";a:5:{s:4:"file";s:25:"H28_images-03-960x565.jpg";s:5:"width";i:960;s:6:"height";i:565;s:9:"mime-type";s:10:"image/jpeg";s:8:"filesize";i:119690;}s:17:"smartic-post-grid";a:5:{s:4:"file";s:25:"H28_images-03-500x330.jpg";s:5:"width";i:500;s:6:"height";i:330;s:9:"mime-type";s:10:"image/jpeg";s:8:"filesize";i:41428;}s:21:"woocommerce_thumbnail";a:6:{s:4:"file";s:25:"H28_images-03-500x417.jpg";s:5:"width";i:500;s:6:"height";i:417;s:9:"mime-type";s:10:"image/jpeg";s:8:"filesize";i:48963;s:9:"uncropped";b:1;}s:18:"woocommerce_single";a:5:{s:4:"file";s:25:"H28_images-03-800x667.jpg";s:5:"width";i:800;s:6:"height";i:667;s:9:"mime-type";s:10:"image/jpeg";s:8:"filesize";i:107405;}s:29:"woocommerce_gallery_thumbnail";a:5:{s:4:"file";s:25:"H28_images-03-100x100.jpg";s:5:"width";i:100;s:6:"height";i:100;s:9:"mime-type";s:10:"image/jpeg";s:8:"filesize";i:4244;}s:29:"variation_swatches_image_size";a:5:{s:4:"file";s:23:"H28_images-03-50x50.jpg";s:5:"width";i:50;s:6:"height";i:50;s:9:"mime-type";s:10:"image/jpeg";s:8:"filesize";i:1850;}s:31:"variation_swatches_tooltip_size";a:5:{s:4:"file";s:25:"H28_images-03-100x100.jpg";s:5:"width";i:100;s:6:"height";i:100;s:9:"mime-type";s:10:"image/jpeg";s:8:"filesize";i:4244;}}s:10:"image_meta";a:12:{s:8:"aperture";s:1:"0";s:6:"credit";s:0:"";s:6:"camera";s:0:"";s:7:"caption";s:0:"";s:17:"created_timestamp";s:1:"0";s:9:"copyright";s:0:"";s:12:"focal_length";s:1:"0";s:3:"iso";s:1:"0";s:13:"shutter_speed";s:1:"0";s:5:"title";s:0:"";s:11:"orientation";s:1:"0";s:8:"keywords";a:0:{}}}]]></wp:meta_value>
  </wp:postmeta>
</item>
<item>
  <title><![CDATA[H28_images-04]]></title>
  <link>https://demo2wpopal.b-cdn.net/smartic/home-28/h28_images-04/</link>
  <pubDate>Mon, 05 Apr 2021 04:25:11 +0000</pubDate>
  <dc:creator>admin</dc:creator>
  <guid isPermaLink="false">https://demo2wpopal.b-cdn.net/smartic/wp-content/uploads/2021/04/H28_images-04.png</guid>
  <description/>
  <content:encoded><![CDATA[]]></content:encoded>
  <excerpt:encoded><![CDATA[]]></excerpt:encoded>
  <wp:post_id>8319</wp:post_id>
  <wp:post_date>2021-04-05 04:25:11</wp:post_date>
  <wp:post_date_gmt>2021-04-05 04:25:11</wp:post_date_gmt>
  <wp:post_modified>2021-04-05 04:25:11</wp:post_modified>
  <wp:post_modified_gmt>2021-04-05 04:25:11</wp:post_modified_gmt>
  <wp:comment_status>open</wp:comment_status>
  <wp:ping_status>closed</wp:ping_status>
  <wp:post_name>h28_images-04</wp:post_name>
  <wp:status>inherit</wp:status>
  <wp:post_parent>8265</wp:post_parent>
  <wp:menu_order>0</wp:menu_order>
  <wp:post_type>attachment</wp:post_type>
  <wp:post_password/>
  <wp:is_sticky>0</wp:is_sticky>
  <wp:attachment_url>https://demo2wpopal.b-cdn.net/smartic/wp-content/uploads/2021/04/H28_images-04.png</wp:attachment_url>
  <wp:postmeta>
    <wp:meta_key>_wp_attached_file</wp:meta_key>
    <wp:meta_value><![CDATA[2021/04/H28_images-04.png]]></wp:meta_value>
  </wp:postmeta>
  <wp:postmeta>
    <wp:meta_key>_wp_attachment_metadata</wp:meta_key>
    <wp:meta_value><![CDATA[a:6:{s:5:"width";i:371;s:6:"height";i:365;s:4:"file";s:25:"2021/04/H28_images-04.png";s:8:"filesize";i:208823;s:5:"sizes";a:6:{s:6:"medium";a:5:{s:4:"file";s:25:"H28_images-04-300x295.png";s:5:"width";i:300;s:6:"height";i:295;s:9:"mime-type";s:9:"image/png";s:8:"filesize";i:58800;}s:9:"thumbnail";a:5:{s:4:"file";s:25:"H28_images-04-150x150.png";s:5:"width";i:150;s:6:"height";i:150;s:9:"mime-type";s:9:"image/png";s:8:"filesize";i:18240;}s:17:"smartic-post-grid";a:5:{s:4:"file";s:25:"H28_images-04-371x330.png";s:5:"width";i:371;s:6:"height";i:330;s:9:"mime-type";s:9:"image/png";s:8:"filesize";i:79339;}s:29:"woocommerce_gallery_thumbnail";a:5:{s:4:"file";s:25:"H28_images-04-100x100.png";s:5:"width";i:100;s:6:"height";i:100;s:9:"mime-type";s:9:"image/png";s:8:"filesize";i:9169;}s:29:"variation_swatches_image_size";a:5:{s:4:"file";s:23:"H28_images-04-50x50.png";s:5:"width";i:50;s:6:"height";i:50;s:9:"mime-type";s:9:"image/png";s:8:"filesize";i:2919;}s:31:"variation_swatches_tooltip_size";a:5:{s:4:"file";s:25:"H28_images-04-100x100.png";s:5:"width";i:100;s:6:"height";i:100;s:9:"mime-type";s:9:"image/png";s:8:"filesize";i:9169;}}s:10:"image_meta";a:12:{s:8:"aperture";s:1:"0";s:6:"credit";s:0:"";s:6:"camera";s:0:"";s:7:"caption";s:0:"";s:17:"created_timestamp";s:1:"0";s:9:"copyright";s:0:"";s:12:"focal_length";s:1:"0";s:3:"iso";s:1:"0";s:13:"shutter_speed";s:1:"0";s:5:"title";s:0:"";s:11:"orientation";s:1:"0";s:8:"keywords";a:0:{}}}]]></wp:meta_value>
  </wp:postmeta>
</item>
<item>
  <title><![CDATA[H28_images-05]]></title>
  <link>https://demo2wpopal.b-cdn.net/smartic/home-28/h28_images-05/</link>
  <pubDate>Mon, 05 Apr 2021 06:26:53 +0000</pubDate>
  <dc:creator>admin</dc:creator>
  <guid isPermaLink="false">https://demo2wpopal.b-cdn.net/smartic/wp-content/uploads/2021/04/H28_images-05.jpg</guid>
  <description/>
  <content:encoded><![CDATA[]]></content:encoded>
  <excerpt:encoded><![CDATA[]]></excerpt:encoded>
  <wp:post_id>8336</wp:post_id>
  <wp:post_date>2021-04-05 06:26:53</wp:post_date>
  <wp:post_date_gmt>2021-04-05 06:26:53</wp:post_date_gmt>
  <wp:post_modified>2021-04-05 06:26:53</wp:post_modified>
  <wp:post_modified_gmt>2021-04-05 06:26:53</wp:post_modified_gmt>
  <wp:comment_status>open</wp:comment_status>
  <wp:ping_status>closed</wp:ping_status>
  <wp:post_name>h28_images-05</wp:post_name>
  <wp:status>inherit</wp:status>
  <wp:post_parent>8265</wp:post_parent>
  <wp:menu_order>0</wp:menu_order>
  <wp:post_type>attachment</wp:post_type>
  <wp:post_password/>
  <wp:is_sticky>0</wp:is_sticky>
  <wp:attachment_url>https://demo2wpopal.b-cdn.net/smartic/wp-content/uploads/2021/04/H28_images-05.jpg</wp:attachment_url>
  <wp:postmeta>
    <wp:meta_key>_wp_attached_file</wp:meta_key>
    <wp:meta_value><![CDATA[2021/04/H28_images-05.jpg]]></wp:meta_value>
  </wp:postmeta>
  <wp:postmeta>
    <wp:meta_key>_wp_attachment_metadata</wp:meta_key>
    <wp:meta_value><![CDATA[a:6:{s:5:"width";i:1920;s:6:"height";i:942;s:4:"file";s:25:"2021/04/H28_images-05.jpg";s:8:"filesize";i:170423;s:5:"sizes";a:12:{s:6:"medium";a:5:{s:4:"file";s:25:"H28_images-05-300x147.jpg";s:5:"width";i:300;s:6:"height";i:147;s:9:"mime-type";s:10:"image/jpeg";s:8:"filesize";i:2890;}s:5:"large";a:5:{s:4:"file";s:26:"H28_images-05-1024x502.jpg";s:5:"width";i:1024;s:6:"height";i:502;s:9:"mime-type";s:10:"image/jpeg";s:8:"filesize";i:30378;}s:9:"thumbnail";a:5:{s:4:"file";s:25:"H28_images-05-150x150.jpg";s:5:"width";i:150;s:6:"height";i:150;s:9:"mime-type";s:10:"image/jpeg";s:8:"filesize";i:2568;}s:12:"medium_large";a:5:{s:4:"file";s:25:"H28_images-05-768x377.jpg";s:5:"width";i:768;s:6:"height";i:377;s:9:"mime-type";s:10:"image/jpeg";s:8:"filesize";i:15532;}s:9:"1536x1536";a:5:{s:4:"file";s:26:"H28_images-05-1536x754.jpg";s:5:"width";i:1536;s:6:"height";i:754;s:9:"mime-type";s:10:"image/jpeg";s:8:"filesize";i:86255;}s:14:"post-thumbnail";a:5:{s:4:"file";s:26:"H28_images-05-1000x565.jpg";s:5:"width";i:1000;s:6:"height";i:565;s:9:"mime-type";s:10:"image/jpeg";s:8:"filesize";i:37008;}s:17:"smartic-post-grid";a:5:{s:4:"file";s:25:"H28_images-05-500x330.jpg";s:5:"width";i:500;s:6:"height";i:330;s:9:"mime-type";s:10:"image/jpeg";s:8:"filesize";i:10084;}s:21:"woocommerce_thumbnail";a:6:{s:4:"file";s:25:"H28_images-05-500x245.jpg";s:5:"width";i:500;s:6:"height";i:245;s:9:"mime-type";s:10:"image/jpeg";s:8:"filesize";i:6501;s:9:"uncropped";b:1;}s:18:"woocommerce_single";a:5:{s:4:"file";s:25:"H28_images-05-800x393.jpg";s:5:"width";i:800;s:6:"height";i:393;s:9:"mime-type";s:10:"image/jpeg";s:8:"filesize";i:16805;}s:29:"woocommerce_gallery_thumbnail";a:5:{s:4:"file";s:25:"H28_images-05-100x100.jpg";s:5:"width";i:100;s:6:"height";i:100;s:9:"mime-type";s:10:"image/jpeg";s:8:"filesize";i:1678;}s:29:"variation_swatches_image_size";a:5:{s:4:"file";s:23:"H28_images-05-50x50.jpg";s:5:"width";i:50;s:6:"height";i:50;s:9:"mime-type";s:10:"image/jpeg";s:8:"filesize";i:1024;}s:31:"variation_swatches_tooltip_size";a:5:{s:4:"file";s:25:"H28_images-05-100x100.jpg";s:5:"width";i:100;s:6:"height";i:100;s:9:"mime-type";s:10:"image/jpeg";s:8:"filesize";i:1678;}}s:10:"image_meta";a:12:{s:8:"aperture";s:1:"0";s:6:"credit";s:0:"";s:6:"camera";s:0:"";s:7:"caption";s:0:"";s:17:"created_timestamp";s:1:"0";s:9:"copyright";s:0:"";s:12:"focal_length";s:1:"0";s:3:"iso";s:1:"0";s:13:"shutter_speed";s:1:"0";s:5:"title";s:0:"";s:11:"orientation";s:1:"0";s:8:"keywords";a:0:{}}}]]></wp:meta_value>
  </wp:postmeta>
</item>
<item>
  <title><![CDATA[H28_images-07]]></title>
  <link>https://demo2wpopal.b-cdn.net/smartic/home-28/h28_images-07/</link>
  <pubDate>Mon, 05 Apr 2021 06:57:21 +0000</pubDate>
  <dc:creator>admin</dc:creator>
  <guid isPermaLink="false">https://demo2wpopal.b-cdn.net/smartic/wp-content/uploads/2021/04/H28_images-07.png</guid>
  <description/>
  <content:encoded><![CDATA[]]></content:encoded>
  <excerpt:encoded><![CDATA[]]></excerpt:encoded>
  <wp:post_id>8434</wp:post_id>
  <wp:post_date>2021-04-05 06:57:21</wp:post_date>
  <wp:post_date_gmt>2021-04-05 06:57:21</wp:post_date_gmt>
  <wp:post_modified>2021-04-05 06:57:21</wp:post_modified>
  <wp:post_modified_gmt>2021-04-05 06:57:21</wp:post_modified_gmt>
  <wp:comment_status>open</wp:comment_status>
  <wp:ping_status>closed</wp:ping_status>
  <wp:post_name>h28_images-07</wp:post_name>
  <wp:status>inherit</wp:status>
  <wp:post_parent>8265</wp:post_parent>
  <wp:menu_order>0</wp:menu_order>
  <wp:post_type>attachment</wp:post_type>
  <wp:post_password/>
  <wp:is_sticky>0</wp:is_sticky>
  <wp:attachment_url>https://demo2wpopal.b-cdn.net/smartic/wp-content/uploads/2021/04/H28_images-07.png</wp:attachment_url>
  <wp:postmeta>
    <wp:meta_key>_wp_attached_file</wp:meta_key>
    <wp:meta_value><![CDATA[2021/04/H28_images-07.png]]></wp:meta_value>
  </wp:postmeta>
  <wp:postmeta>
    <wp:meta_key>_wp_attachment_metadata</wp:meta_key>
    <wp:meta_value><![CDATA[a:6:{s:5:"width";i:121;s:6:"height";i:86;s:4:"file";s:25:"2021/04/H28_images-07.png";s:8:"filesize";i:2970;s:5:"sizes";a:3:{s:29:"woocommerce_gallery_thumbnail";a:5:{s:4:"file";s:24:"H28_images-07-100x86.png";s:5:"width";i:100;s:6:"height";i:86;s:9:"mime-type";s:9:"image/png";s:8:"filesize";i:1906;}s:29:"variation_swatches_image_size";a:5:{s:4:"file";s:23:"H28_images-07-50x50.png";s:5:"width";i:50;s:6:"height";i:50;s:9:"mime-type";s:9:"image/png";s:8:"filesize";i:1119;}s:31:"variation_swatches_tooltip_size";a:5:{s:4:"file";s:24:"H28_images-07-100x86.png";s:5:"width";i:100;s:6:"height";i:86;s:9:"mime-type";s:9:"image/png";s:8:"filesize";i:1906;}}s:10:"image_meta";a:12:{s:8:"aperture";s:1:"0";s:6:"credit";s:0:"";s:6:"camera";s:0:"";s:7:"caption";s:0:"";s:17:"created_timestamp";s:1:"0";s:9:"copyright";s:0:"";s:12:"focal_length";s:1:"0";s:3:"iso";s:1:"0";s:13:"shutter_speed";s:1:"0";s:5:"title";s:0:"";s:11:"orientation";s:1:"0";s:8:"keywords";a:0:{}}}]]></wp:meta_value>
  </wp:postmeta>
</item>
<item>
  <title><![CDATA[H28_images-06]]></title>
  <link>https://demo2wpopal.b-cdn.net/smartic/home-28/h28_images-06/</link>
  <pubDate>Mon, 05 Apr 2021 07:09:24 +0000</pubDate>
  <dc:creator>admin</dc:creator>
  <guid isPermaLink="false">https://demo2wpopal.b-cdn.net/smartic/wp-content/uploads/2021/04/H28_images-06.jpg</guid>
  <description/>
  <content:encoded><![CDATA[]]></content:encoded>
  <excerpt:encoded><![CDATA[]]></excerpt:encoded>
  <wp:post_id>8471</wp:post_id>
  <wp:post_date>2021-04-05 07:09:24</wp:post_date>
  <wp:post_date_gmt>2021-04-05 07:09:24</wp:post_date_gmt>
  <wp:post_modified>2021-04-05 07:09:24</wp:post_modified>
  <wp:post_modified_gmt>2021-04-05 07:09:24</wp:post_modified_gmt>
  <wp:comment_status>open</wp:comment_status>
  <wp:ping_status>closed</wp:ping_status>
  <wp:post_name>h28_images-06</wp:post_name>
  <wp:status>inherit</wp:status>
  <wp:post_parent>8265</wp:post_parent>
  <wp:menu_order>0</wp:menu_order>
  <wp:post_type>attachment</wp:post_type>
  <wp:post_password/>
  <wp:is_sticky>0</wp:is_sticky>
  <wp:attachment_url>https://demo2wpopal.b-cdn.net/smartic/wp-content/uploads/2021/04/H28_images-06.jpg</wp:attachment_url>
  <wp:postmeta>
    <wp:meta_key>_wp_attached_file</wp:meta_key>
    <wp:meta_value><![CDATA[2021/04/H28_images-06.jpg]]></wp:meta_value>
  </wp:postmeta>
  <wp:postmeta>
    <wp:meta_key>_wp_attachment_metadata</wp:meta_key>
    <wp:meta_value><![CDATA[a:6:{s:5:"width";i:1920;s:6:"height";i:468;s:4:"file";s:25:"2021/04/H28_images-06.jpg";s:8:"filesize";i:40486;s:5:"sizes";a:12:{s:6:"medium";a:5:{s:4:"file";s:24:"H28_images-06-300x73.jpg";s:5:"width";i:300;s:6:"height";i:73;s:9:"mime-type";s:10:"image/jpeg";s:8:"filesize";i:2593;}s:5:"large";a:5:{s:4:"file";s:26:"H28_images-06-1024x250.jpg";s:5:"width";i:1024;s:6:"height";i:250;s:9:"mime-type";s:10:"image/jpeg";s:8:"filesize";i:13772;}s:9:"thumbnail";a:5:{s:4:"file";s:25:"H28_images-06-150x150.jpg";s:5:"width";i:150;s:6:"height";i:150;s:9:"mime-type";s:10:"image/jpeg";s:8:"filesize";i:4843;}s:12:"medium_large";a:5:{s:4:"file";s:25:"H28_images-06-768x187.jpg";s:5:"width";i:768;s:6:"height";i:187;s:9:"mime-type";s:10:"image/jpeg";s:8:"filesize";i:9015;}s:9:"1536x1536";a:5:{s:4:"file";s:26:"H28_images-06-1536x374.jpg";s:5:"width";i:1536;s:6:"height";i:374;s:9:"mime-type";s:10:"image/jpeg";s:8:"filesize";i:25156;}s:14:"post-thumbnail";a:5:{s:4:"file";s:26:"H28_images-06-1000x468.jpg";s:5:"width";i:1000;s:6:"height";i:468;s:9:"mime-type";s:10:"image/jpeg";s:8:"filesize";i:31022;}s:17:"smartic-post-grid";a:5:{s:4:"file";s:25:"H28_images-06-500x330.jpg";s:5:"width";i:500;s:6:"height";i:330;s:9:"mime-type";s:10:"image/jpeg";s:8:"filesize";i:16351;}s:21:"woocommerce_thumbnail";a:6:{s:4:"file";s:25:"H28_images-06-500x122.jpg";s:5:"width";i:500;s:6:"height";i:122;s:9:"mime-type";s:10:"image/jpeg";s:8:"filesize";i:4985;s:9:"uncropped";b:1;}s:18:"woocommerce_single";a:5:{s:4:"file";s:25:"H28_images-06-800x195.jpg";s:5:"width";i:800;s:6:"height";i:195;s:9:"mime-type";s:10:"image/jpeg";s:8:"filesize";i:9673;}s:29:"woocommerce_gallery_thumbnail";a:5:{s:4:"file";s:25:"H28_images-06-100x100.jpg";s:5:"width";i:100;s:6:"height";i:100;s:9:"mime-type";s:10:"image/jpeg";s:8:"filesize";i:2921;}s:29:"variation_swatches_image_size";a:5:{s:4:"file";s:23:"H28_images-06-50x50.jpg";s:5:"width";i:50;s:6:"height";i:50;s:9:"mime-type";s:10:"image/jpeg";s:8:"filesize";i:1526;}s:31:"variation_swatches_tooltip_size";a:5:{s:4:"file";s:25:"H28_images-06-100x100.jpg";s:5:"width";i:100;s:6:"height";i:100;s:9:"mime-type";s:10:"image/jpeg";s:8:"filesize";i:2921;}}s:10:"image_meta";a:12:{s:8:"aperture";s:1:"0";s:6:"credit";s:0:"";s:6:"camera";s:0:"";s:7:"caption";s:0:"";s:17:"created_timestamp";s:1:"0";s:9:"copyright";s:0:"";s:12:"focal_length";s:1:"0";s:3:"iso";s:1:"0";s:13:"shutter_speed";s:1:"0";s:5:"title";s:0:"";s:11:"orientation";s:1:"0";s:8:"keywords";a:0:{}}}]]></wp:meta_value>
  </wp:postmeta>
</item>
<item>
  <title><![CDATA[niches_07_bg_slider.jpg]]></title>
  <link>https://demo2wpopal.b-cdn.net/smartic/home-28/niches-07-bg-slider-jpg/</link>
  <pubDate>Mon, 05 Apr 2021 08:33:27 +0000</pubDate>
  <dc:creator>admin</dc:creator>
  <guid isPermaLink="false">https://demo2wpopal.b-cdn.net/smartic/wp-content/uploads/revslider/niches_07_bg_slider.jpg</guid>
  <description/>
  <content:encoded><![CDATA[]]></content:encoded>
  <excerpt:encoded><![CDATA[]]></excerpt:encoded>
  <wp:post_id>8556</wp:post_id>
  <wp:post_date>2021-04-05 08:33:27</wp:post_date>
  <wp:post_date_gmt>2021-04-05 08:33:27</wp:post_date_gmt>
  <wp:post_modified>2023-04-27 03:20:50</wp:post_modified>
  <wp:post_modified_gmt>2023-04-27 03:20:50</wp:post_modified_gmt>
  <wp:comment_status>closed</wp:comment_status>
  <wp:ping_status>closed</wp:ping_status>
  <wp:post_name>niches-07-bg-slider-jpg</wp:post_name>
  <wp:status>inherit</wp:status>
  <wp:post_parent>8265</wp:post_parent>
  <wp:menu_order>0</wp:menu_order>
  <wp:post_type>attachment</wp:post_type>
  <wp:post_password/>
  <wp:is_sticky>0</wp:is_sticky>
  <wp:attachment_url>https://demo2wpopal.b-cdn.net/smartic/wp-content/uploads/revslider/niches_07_bg_slider.jpg</wp:attachment_url>
  <wp:postmeta>
    <wp:meta_key>_wp_attached_file</wp:meta_key>
    <wp:meta_value><![CDATA[revslider/niches_07_bg_slider.jpg]]></wp:meta_value>
  </wp:postmeta>
  <wp:postmeta>
    <wp:meta_key>_wp_attachment_metadata</wp:meta_key>
    <wp:meta_value><![CDATA[a:6:{s:5:"width";i:1920;s:6:"height";i:700;s:4:"file";s:33:"revslider/niches_07_bg_slider.jpg";s:8:"filesize";i:93803;s:5:"sizes";a:12:{s:6:"medium";a:5:{s:4:"file";s:31:"niches_07_bg_slider-300x109.jpg";s:5:"width";i:300;s:6:"height";i:109;s:9:"mime-type";s:10:"image/jpeg";s:8:"filesize";i:1577;}s:5:"large";a:5:{s:4:"file";s:32:"niches_07_bg_slider-1024x373.jpg";s:5:"width";i:1024;s:6:"height";i:373;s:9:"mime-type";s:10:"image/jpeg";s:8:"filesize";i:27175;}s:9:"thumbnail";a:5:{s:4:"file";s:31:"niches_07_bg_slider-150x150.jpg";s:5:"width";i:150;s:6:"height";i:150;s:9:"mime-type";s:10:"image/jpeg";s:8:"filesize";i:1727;}s:12:"medium_large";a:5:{s:4:"file";s:31:"niches_07_bg_slider-768x280.jpg";s:5:"width";i:768;s:6:"height";i:280;s:9:"mime-type";s:10:"image/jpeg";s:8:"filesize";i:14862;}s:9:"1536x1536";a:5:{s:4:"file";s:32:"niches_07_bg_slider-1536x560.jpg";s:5:"width";i:1536;s:6:"height";i:560;s:9:"mime-type";s:10:"image/jpeg";s:8:"filesize";i:57667;}s:14:"post-thumbnail";a:5:{s:4:"file";s:32:"niches_07_bg_slider-1000x565.jpg";s:5:"width";i:1000;s:6:"height";i:565;s:9:"mime-type";s:10:"image/jpeg";s:8:"filesize";i:38156;}s:17:"smartic-post-grid";a:5:{s:4:"file";s:31:"niches_07_bg_slider-500x330.jpg";s:5:"width";i:500;s:6:"height";i:330;s:9:"mime-type";s:10:"image/jpeg";s:8:"filesize";i:12070;}s:21:"woocommerce_thumbnail";a:6:{s:4:"file";s:31:"niches_07_bg_slider-500x182.jpg";s:5:"width";i:500;s:6:"height";i:182;s:9:"mime-type";s:10:"image/jpeg";s:8:"filesize";i:5742;s:9:"uncropped";b:1;}s:18:"woocommerce_single";a:5:{s:4:"file";s:31:"niches_07_bg_slider-800x292.jpg";s:5:"width";i:800;s:6:"height";i:292;s:9:"mime-type";s:10:"image/jpeg";s:8:"filesize";i:16449;}s:29:"woocommerce_gallery_thumbnail";a:5:{s:4:"file";s:31:"niches_07_bg_slider-100x100.jpg";s:5:"width";i:100;s:6:"height";i:100;s:9:"mime-type";s:10:"image/jpeg";s:8:"filesize";i:997;}s:29:"variation_swatches_image_size";a:5:{s:4:"file";s:29:"niches_07_bg_slider-50x50.jpg";s:5:"width";i:50;s:6:"height";i:50;s:9:"mime-type";s:10:"image/jpeg";s:8:"filesize";i:760;}s:31:"variation_swatches_tooltip_size";a:5:{s:4:"file";s:31:"niches_07_bg_slider-100x100.jpg";s:5:"width";i:100;s:6:"height";i:100;s:9:"mime-type";s:10:"image/jpeg";s:8:"filesize";i:997;}}s:10:"image_meta";a:12:{s:8:"aperture";s:1:"0";s:6:"credit";s:0:"";s:6:"camera";s:0:"";s:7:"caption";s:0:"";s:17:"created_timestamp";s:1:"0";s:9:"copyright";s:0:"";s:12:"focal_length";s:1:"0";s:3:"iso";s:1:"0";s:13:"shutter_speed";s:1:"0";s:5:"title";s:0:"";s:11:"orientation";s:1:"0";s:8:"keywords";a:0:{}}}]]></wp:meta_value>
  </wp:postmeta>
</item>
<item>
  <title><![CDATA[niches_07_slider.png]]></title>
  <link>https://demo2wpopal.b-cdn.net/smartic/home-28/niches-07-slider-png/</link>
  <pubDate>Mon, 05 Apr 2021 08:33:28 +0000</pubDate>
  <dc:creator>admin</dc:creator>
  <guid isPermaLink="false">https://demo2wpopal.b-cdn.net/smartic/wp-content/uploads/revslider/niches_07_slider.png</guid>
  <description/>
  <content:encoded><![CDATA[]]></content:encoded>
  <excerpt:encoded><![CDATA[]]></excerpt:encoded>
  <wp:post_id>8557</wp:post_id>
  <wp:post_date>2021-04-05 08:33:28</wp:post_date>
  <wp:post_date_gmt>2021-04-05 08:33:28</wp:post_date_gmt>
  <wp:post_modified>2023-04-27 03:20:50</wp:post_modified>
  <wp:post_modified_gmt>2023-04-27 03:20:50</wp:post_modified_gmt>
  <wp:comment_status>closed</wp:comment_status>
  <wp:ping_status>closed</wp:ping_status>
  <wp:post_name>niches-07-slider-png</wp:post_name>
  <wp:status>inherit</wp:status>
  <wp:post_parent>8265</wp:post_parent>
  <wp:menu_order>0</wp:menu_order>
  <wp:post_type>attachment</wp:post_type>
  <wp:post_password/>
  <wp:is_sticky>0</wp:is_sticky>
  <wp:attachment_url>https://demo2wpopal.b-cdn.net/smartic/wp-content/uploads/revslider/niches_07_slider.png</wp:attachment_url>
  <wp:postmeta>
    <wp:meta_key>_wp_attached_file</wp:meta_key>
    <wp:meta_value><![CDATA[revslider/niches_07_slider.png]]></wp:meta_value>
  </wp:postmeta>
  <wp:postmeta>
    <wp:meta_key>_wp_attachment_metadata</wp:meta_key>
    <wp:meta_value><![CDATA[a:6:{s:5:"width";i:580;s:6:"height";i:695;s:4:"file";s:30:"revslider/niches_07_slider.png";s:8:"filesize";i:72224;s:5:"sizes";a:8:{s:6:"medium";a:5:{s:4:"file";s:28:"niches_07_slider-250x300.png";s:5:"width";i:250;s:6:"height";i:300;s:9:"mime-type";s:9:"image/png";s:8:"filesize";i:46923;}s:9:"thumbnail";a:5:{s:4:"file";s:28:"niches_07_slider-150x150.png";s:5:"width";i:150;s:6:"height";i:150;s:9:"mime-type";s:9:"image/png";s:8:"filesize";i:16225;}s:14:"post-thumbnail";a:5:{s:4:"file";s:28:"niches_07_slider-580x565.png";s:5:"width";i:580;s:6:"height";i:565;s:9:"mime-type";s:9:"image/png";s:8:"filesize";i:172627;}s:17:"smartic-post-grid";a:5:{s:4:"file";s:28:"niches_07_slider-500x330.png";s:5:"width";i:500;s:6:"height";i:330;s:9:"mime-type";s:9:"image/png";s:8:"filesize";i:74966;}s:21:"woocommerce_thumbnail";a:6:{s:4:"file";s:28:"niches_07_slider-500x599.png";s:5:"width";i:500;s:6:"height";i:599;s:9:"mime-type";s:9:"image/png";s:8:"filesize";i:163561;s:9:"uncropped";b:1;}s:29:"woocommerce_gallery_thumbnail";a:5:{s:4:"file";s:28:"niches_07_slider-100x100.png";s:5:"width";i:100;s:6:"height";i:100;s:9:"mime-type";s:9:"image/png";s:8:"filesize";i:8152;}s:29:"variation_swatches_image_size";a:5:{s:4:"file";s:26:"niches_07_slider-50x50.png";s:5:"width";i:50;s:6:"height";i:50;s:9:"mime-type";s:9:"image/png";s:8:"filesize";i:2694;}s:31:"variation_swatches_tooltip_size";a:5:{s:4:"file";s:28:"niches_07_slider-100x100.png";s:5:"width";i:100;s:6:"height";i:100;s:9:"mime-type";s:9:"image/png";s:8:"filesize";i:8152;}}s:10:"image_meta";a:12:{s:8:"aperture";s:1:"0";s:6:"credit";s:0:"";s:6:"camera";s:0:"";s:7:"caption";s:0:"";s:17:"created_timestamp";s:1:"0";s:9:"copyright";s:0:"";s:12:"focal_length";s:1:"0";s:3:"iso";s:1:"0";s:13:"shutter_speed";s:1:"0";s:5:"title";s:0:"";s:11:"orientation";s:1:"0";s:8:"keywords";a:0:{}}}]]></wp:meta_value>
  </wp:postmeta>
</item>
<item>
  <title><![CDATA[niches_07_slider2.png]]></title>
  <link>https://demo2wpopal.b-cdn.net/smartic/home-28/niches-07-slider2-png/</link>
  <pubDate>Mon, 05 Apr 2021 08:33:28 +0000</pubDate>
  <dc:creator>admin</dc:creator>
  <guid isPermaLink="false">https://demo2wpopal.b-cdn.net/smartic/wp-content/uploads/revslider/niches_07_slider2.png</guid>
  <description/>
  <content:encoded><![CDATA[]]></content:encoded>
  <excerpt:encoded><![CDATA[]]></excerpt:encoded>
  <wp:post_id>8558</wp:post_id>
  <wp:post_date>2021-04-05 08:33:28</wp:post_date>
  <wp:post_date_gmt>2021-04-05 08:33:28</wp:post_date_gmt>
  <wp:post_modified>2023-04-27 03:20:50</wp:post_modified>
  <wp:post_modified_gmt>2023-04-27 03:20:50</wp:post_modified_gmt>
  <wp:comment_status>closed</wp:comment_status>
  <wp:ping_status>closed</wp:ping_status>
  <wp:post_name>niches-07-slider2-png</wp:post_name>
  <wp:status>inherit</wp:status>
  <wp:post_parent>8265</wp:post_parent>
  <wp:menu_order>0</wp:menu_order>
  <wp:post_type>attachment</wp:post_type>
  <wp:post_password/>
  <wp:is_sticky>0</wp:is_sticky>
  <wp:attachment_url>https://demo2wpopal.b-cdn.net/smartic/wp-content/uploads/revslider/niches_07_slider2.png</wp:attachment_url>
  <wp:postmeta>
    <wp:meta_key>_wp_attached_file</wp:meta_key>
    <wp:meta_value><![CDATA[revslider/niches_07_slider2.png]]></wp:meta_value>
  </wp:postmeta>
  <wp:postmeta>
    <wp:meta_key>_wp_attachment_metadata</wp:meta_key>
    <wp:meta_value><![CDATA[a:6:{s:5:"width";i:411;s:6:"height";i:30;s:4:"file";s:31:"revslider/niches_07_slider2.png";s:8:"filesize";i:1423;s:5:"sizes";a:5:{s:6:"medium";a:5:{s:4:"file";s:28:"niches_07_slider2-300x22.png";s:5:"width";i:300;s:6:"height";i:22;s:9:"mime-type";s:9:"image/png";s:8:"filesize";i:774;}s:9:"thumbnail";a:5:{s:4:"file";s:28:"niches_07_slider2-150x30.png";s:5:"width";i:150;s:6:"height";i:30;s:9:"mime-type";s:9:"image/png";s:8:"filesize";i:708;}s:29:"woocommerce_gallery_thumbnail";a:5:{s:4:"file";s:28:"niches_07_slider2-100x30.png";s:5:"width";i:100;s:6:"height";i:30;s:9:"mime-type";s:9:"image/png";s:8:"filesize";i:544;}s:29:"variation_swatches_image_size";a:5:{s:4:"file";s:27:"niches_07_slider2-50x30.png";s:5:"width";i:50;s:6:"height";i:30;s:9:"mime-type";s:9:"image/png";s:8:"filesize";i:370;}s:31:"variation_swatches_tooltip_size";a:5:{s:4:"file";s:28:"niches_07_slider2-100x30.png";s:5:"width";i:100;s:6:"height";i:30;s:9:"mime-type";s:9:"image/png";s:8:"filesize";i:544;}}s:10:"image_meta";a:12:{s:8:"aperture";s:1:"0";s:6:"credit";s:0:"";s:6:"camera";s:0:"";s:7:"caption";s:0:"";s:17:"created_timestamp";s:1:"0";s:9:"copyright";s:0:"";s:12:"focal_length";s:1:"0";s:3:"iso";s:1:"0";s:13:"shutter_speed";s:1:"0";s:5:"title";s:0:"";s:11:"orientation";s:1:"0";s:8:"keywords";a:0:{}}}]]></wp:meta_value>
  </wp:postmeta>
</item>
  </channel>
</rss>
