<?xml version="1.0" encoding="UTF-8"?>
<!--
 This is a WordPress eXtended RSS file generated by WordPress as an export of your site.
 It contains information about your site's posts, pages, comments, categories, and other content.
 You may use this file to transfer that content from one site to another.
 This file is not intended to serve as a complete backup of your site.

 To import this information into a WordPress site follow these steps:
 1. Log in to that site as an administrator.
 2. Go to Tools: Import in the WordPress admin panel.
 3. Install the "WordPress" importer from the list.
 4. Activate & Run Importer.
 5. Upload this file using the form provided on that page.
 6. You will first be asked to map the authors in this export file to users
    on the site. For each author, you may choose to map to an
    existing user on the site or to create a new user.
 7. WordPress will then import each of the posts, pages, comments, categories, etc.
    contained in this file into your site.
-->
<!-- generator="WordPress/6.2" created="2023-04-27 03:58" -->
<rss version="2.0" xmlns:excerpt="http://wordpress.org/export/1.2/excerpt/" xmlns:content="http://purl.org/rss/1.0/modules/content/" xmlns:wfw="http://wellformedweb.org/CommentAPI/" xmlns:dc="http://purl.org/dc/elements/1.1/" xmlns:wp="http://wordpress.org/export/1.2/">
  <channel>
<title>Smartic</title>
<link>https://demo2wpopal.b-cdn.net/smartic</link>
<description>Just another WordPress site</description>
<pubDate>Thu, 27 Apr 2023 03:58:17 +0000</pubDate>
<language>en-US</language>
<wp:wxr_version>1.2</wp:wxr_version>
<wp:base_site_url>https://demo2wpopal.b-cdn.net/smartic</wp:base_site_url>
<wp:base_blog_url>https://demo2wpopal.b-cdn.net/smartic</wp:base_blog_url>
<generator>https://wordpress.org/?v=6.2</generator>
<item>
  <title><![CDATA[Home 42]]></title>
  <link>https://demo2wpopal.b-cdn.net/smartic/home-42/</link>
  <pubDate>Fri, 14 Oct 2022 04:08:17 +0000</pubDate>
  <dc:creator>admin</dc:creator>
  <guid isPermaLink="false">https://demo2wpopal.b-cdn.net/smartic/?page_id=16461</guid>
  <description/>
  <content:encoded><![CDATA[[rev_slider alias="home-42" slidertitle="home 42"][/rev_slider]		
			<h2>Meet Smartic Charger</h2>		
		<p>There are many variations of passages of Lorem Ipsum available, but the majority have suffered alteration in some form, by injected humour, or randomised words which don't look even slightly believable.</p>		
												<img width="600" height="600" src="https://demo2wpopal.b-cdn.net/smartic/wp-content/uploads/2022/10/h45_decor1.png" alt="" loading="lazy" srcset="https://demo2wpopal.b-cdn.net/smartic/wp-content/uploads/2022/10/h45_decor1.png 600w, https://demo2wpopal.b-cdn.net/smartic/wp-content/uploads/2022/10/h45_decor1-300x300.png 300w, https://demo2wpopal.b-cdn.net/smartic/wp-content/uploads/2022/10/h45_decor1-150x150.png 150w, https://demo2wpopal.b-cdn.net/smartic/wp-content/uploads/2022/10/h45_decor1-200x200.png 200w, https://demo2wpopal.b-cdn.net/smartic/wp-content/uploads/2022/10/h45_decor1-500x500.png 500w, https://demo2wpopal.b-cdn.net/smartic/wp-content/uploads/2022/10/h45_decor1-100x100.png 100w, https://demo2wpopal.b-cdn.net/smartic/wp-content/uploads/2022/10/h45_decor1-50x50.png 50w" sizes="(max-width: 600px) 100vw, 600px" />														
												<img width="658" height="515" src="https://demo2wpopal.b-cdn.net/smartic/wp-content/uploads/2022/10/h42_product.png" alt="" loading="lazy" srcset="https://demo2wpopal.b-cdn.net/smartic/wp-content/uploads/2022/10/h42_product.png 658w, https://demo2wpopal.b-cdn.net/smartic/wp-content/uploads/2022/10/h42_product-300x235.png 300w, https://demo2wpopal.b-cdn.net/smartic/wp-content/uploads/2022/10/h42_product-500x391.png 500w" sizes="(max-width: 658px) 100vw, 658px" />														
				<h3>
						20.000mAh					
				</h3>
									<p>
						Capacity					</p>
				<h3>
						5h					
				</h3>
									<p>
						Rapid Recharge					</p>
				<h3>
						6A					
				</h3>
									<p>
						Total Output					</p>
				<h3>
						20%					
				</h3>
									<p>
						Faster Charging					</p>
			<h2>4.8</h2>		
							15k+ Reviews
						<i>&#xE934;</i><i>&#xE934;</i><i>&#xE934;</i><i>&#xE934;</i><i>&#xE934;</i> 5/5		
		“My favourite portable charger. Holds several charges. Durable, highly useful. This thing is amazing.”		
			<figure><img width="410" height="300" src="https://demo2wpopal.b-cdn.net/smartic/wp-content/uploads/2022/10/h42_img-1.jpg" alt="" loading="lazy" /></figure><h3>High Compatibility </h3><p>It supports many types of devices, such as iPhone, Samsung, iPad and Switch, which is so convenient for charging different devices. </p>		
			<figure><img width="410" height="300" src="https://demo2wpopal.b-cdn.net/smartic/wp-content/uploads/2022/10/h42_img-2.jpg" alt="" loading="lazy" /></figure><h3>Multi-Protection Technology </h3><p>It is adopted several protective mechanisms, such as overcharge, over-current, overheat protection and short-circuit protection. </p>		
			<figure><img width="410" height="300" src="https://demo2wpopal.b-cdn.net/smartic/wp-content/uploads/2022/10/h42_img-3.jpg" alt="" loading="lazy" /></figure><h3>Minimalist Design </h3><p>Their lightweight, slim design fits easily in your bag so you’ve always got portable power. </p>		
			<figure><img width="410" height="300" src="https://demo2wpopal.b-cdn.net/smartic/wp-content/uploads/2022/10/h42_img-4.jpg" alt="" loading="lazy" /></figure><h3>Durability </h3><p>The powerstation portable power banks are designed to survive the hazards of travel and the contents of your bag. </p>		
			<figure><img width="409" height="300" src="https://demo2wpopal.b-cdn.net/smartic/wp-content/uploads/2022/10/h42_img-5.jpg" alt="" loading="lazy" /></figure><h3>Reliable Battery </h3><p>Reliable battery cells hold their charge for when you need it most. </p>		
			<figure><img width="410" height="300" src="https://demo2wpopal.b-cdn.net/smartic/wp-content/uploads/2022/10/h42_img-6.jpg" alt="" loading="lazy" /></figure><h3>Superior Safety </h3><p>Our safety system combines high-voltage protection, current regulation, temperature control, and more to keep you and your devices safe. </p>		
			<h2>multiple device<br>charging</h2>		
		There are many variations of passages of Lorem Ipsum
available, but the majority have suffered alteration in some form, by injected humour, or randomised words which don't look even slightly believable.		
			<a href="#" role="button">
						iOs
					</a>
			<a href="#" role="button">
						Android
					</a>
												<img width="960" height="600" src="https://demo2wpopal.b-cdn.net/smartic/wp-content/uploads/2022/10/h42_pic1.jpg" alt="" loading="lazy" srcset="https://demo2wpopal.b-cdn.net/smartic/wp-content/uploads/2022/10/h42_pic1.jpg 960w, https://demo2wpopal.b-cdn.net/smartic/wp-content/uploads/2022/10/h42_pic1-300x188.jpg 300w, https://demo2wpopal.b-cdn.net/smartic/wp-content/uploads/2022/10/h42_pic1-768x480.jpg 768w, https://demo2wpopal.b-cdn.net/smartic/wp-content/uploads/2022/10/h42_pic1-500x313.jpg 500w, https://demo2wpopal.b-cdn.net/smartic/wp-content/uploads/2022/10/h42_pic1-800x500.jpg 800w" sizes="(max-width: 960px) 100vw, 960px" />														
                    0
                    M+
                                            Products Sold
                    0
                    +
                                            Countries
                    0
                    %
                                            Authentic Guaranteed
                    0
                                            3-Year Warranty
												<img width="960" height="600" src="https://demo2wpopal.b-cdn.net/smartic/wp-content/uploads/2022/10/h42_pic2.jpg" alt="" loading="lazy" srcset="https://demo2wpopal.b-cdn.net/smartic/wp-content/uploads/2022/10/h42_pic2.jpg 960w, https://demo2wpopal.b-cdn.net/smartic/wp-content/uploads/2022/10/h42_pic2-300x188.jpg 300w, https://demo2wpopal.b-cdn.net/smartic/wp-content/uploads/2022/10/h42_pic2-768x480.jpg 768w, https://demo2wpopal.b-cdn.net/smartic/wp-content/uploads/2022/10/h42_pic2-500x313.jpg 500w, https://demo2wpopal.b-cdn.net/smartic/wp-content/uploads/2022/10/h42_pic2-800x500.jpg 800w" sizes="(max-width: 960px) 100vw, 960px" />														
		sign up and stay updated		
			<h2>15% OFF Your<br>First Order</h2>]]></content:encoded>
  <excerpt:encoded><![CDATA[]]></excerpt:encoded>
  <wp:post_id>16461</wp:post_id>
  <wp:post_date>2022-10-14 04:08:17</wp:post_date>
  <wp:post_date_gmt>2022-10-14 04:08:17</wp:post_date_gmt>
  <wp:post_modified>2022-10-24 01:40:22</wp:post_modified>
  <wp:post_modified_gmt>2022-10-24 01:40:22</wp:post_modified_gmt>
  <wp:comment_status>closed</wp:comment_status>
  <wp:ping_status>closed</wp:ping_status>
  <wp:post_name>home-42</wp:post_name>
  <wp:status>publish</wp:status>
  <wp:post_parent>0</wp:post_parent>
  <wp:menu_order>0</wp:menu_order>
  <wp:post_type>page</wp:post_type>
  <wp:post_password/>
  <wp:is_sticky>0</wp:is_sticky>
  <wp:postmeta>
    <wp:meta_key>_edit_last</wp:meta_key>
    <wp:meta_value><![CDATA[13]]></wp:meta_value>
  </wp:postmeta>
  <wp:postmeta>
    <wp:meta_key>_elementor_edit_mode</wp:meta_key>
    <wp:meta_value><![CDATA[builder]]></wp:meta_value>
  </wp:postmeta>
  <wp:postmeta>
    <wp:meta_key>_elementor_template_type</wp:meta_key>
    <wp:meta_value><![CDATA[wp-page]]></wp:meta_value>
  </wp:postmeta>
  <wp:postmeta>
    <wp:meta_key>_elementor_version</wp:meta_key>
    <wp:meta_value><![CDATA[3.7.8]]></wp:meta_value>
  </wp:postmeta>
  <wp:postmeta>
    <wp:meta_key>_elementor_pro_version</wp:meta_key>
    <wp:meta_value><![CDATA[3.7.7]]></wp:meta_value>
  </wp:postmeta>
  <wp:postmeta>
    <wp:meta_key>_wp_page_template</wp:meta_key>
    <wp:meta_value><![CDATA[template-homepage.php]]></wp:meta_value>
  </wp:postmeta>
  <wp:postmeta>
    <wp:meta_key>_elementor_data</wp:meta_key>
    <wp:meta_value><![CDATA[[{"id":"fd17d51","elType":"section","settings":{"layout":"full_width","gap":"no","stretch_section":"section-stretched","html_tag":"div"},"elements":[{"id":"d4e9d3b","elType":"column","settings":{"_column_size":100,"_inline_size":null},"elements":[{"id":"ea93eea","elType":"widget","settings":{"revslidertitle":"home 42","shortcode":"[rev_slider alias=\"home-42\" slidertitle=\"home 42\"][\/rev_slider]"},"elements":[],"widgetType":"slider_revolution"}],"isInner":false}],"isInner":false},{"id":"303e15a","elType":"section","settings":{"gap":"no","stretch_section":"section-stretched","background_background":"classic","background_color":"#1DCA7C","padding":{"unit":"px","top":"100","right":"30","bottom":"0","left":"30","isLinked":false},"__globals__":{"background_color":""},"content_width":{"unit":"px","size":1370,"sizes":[]},"padding_tablet":{"unit":"px","top":"80","right":"30","bottom":"0","left":"30","isLinked":false},"padding_mobile":{"unit":"px","top":"60","right":"15","bottom":"0","left":"15","isLinked":false},"html_tag":"div"},"elements":[{"id":"94239f8","elType":"column","settings":{"_column_size":100,"_inline_size":null,"align":"center"},"elements":[{"id":"4707308","elType":"widget","settings":{"title":"Meet Smartic Charger","align":"center","title_color":"#FFFFFF","typography_typography":"custom","typography_font_family":"Barlow","typography_font_size":{"unit":"px","size":40,"sizes":[]},"typography_font_weight":"800","typography_text_transform":"uppercase","typography_line_height":{"unit":"px","size":44,"sizes":[]},"typography_line_height_tablet":{"unit":"px","size":"","sizes":[]},"typography_line_height_mobile":{"unit":"px","size":"","sizes":[]},"_margin":{"unit":"px","top":"0","right":"0","bottom":"30","left":"0","isLinked":false},"_animation":"opal-move-up"},"elements":[],"widgetType":"heading"},{"id":"72231ef","elType":"widget","settings":{"editor":"<p>There are many variations of passages of Lorem Ipsum available, but the majority have suffered alteration in some form, by injected humour, or randomised words which don't look even slightly believable.<\/p>","align":"center","text_color":"#FFFFFF","_element_width":"initial","_element_custom_width":{"unit":"px","size":630,"sizes":[]},"_margin":{"unit":"px","top":"0","right":"0","bottom":"40","left":"0","isLinked":false},"_animation":"opal-move-up"},"elements":[],"widgetType":"text-editor"}],"isInner":false}],"isInner":false},{"id":"7ccc6a5","elType":"section","settings":{"content_width":{"unit":"px","size":1370,"sizes":[]},"gap":"no","stretch_section":"section-stretched","structure":"20","background_background":"classic","background_color":"#1DCA7C","padding":{"unit":"px","top":"0","right":"30","bottom":"120","left":"30","isLinked":false},"__globals__":{"background_color":""},"margin_tablet":{"unit":"px","top":"","right":0,"bottom":"","left":0,"isLinked":true},"padding_tablet":{"unit":"px","top":"0","right":"30","bottom":"80","left":"30","isLinked":false},"padding_mobile":{"unit":"px","top":"0","right":"15","bottom":"60","left":"15","isLinked":false},"html_tag":"div"},"elements":[{"id":"2720a2c","elType":"column","settings":{"_column_size":50,"_inline_size":null,"content_position":"center","padding":{"unit":"px","top":"0","right":"0","bottom":"0","left":"17","isLinked":false},"_inline_size_tablet":100,"padding_tablet":{"unit":"px","top":"0","right":"0","bottom":"50","left":"0","isLinked":false}},"elements":[{"id":"7144975","elType":"widget","settings":{"image":{"url":"https:\/\/demo2wpopal.b-cdn.net\/smartic\/wp-content\/uploads\/2022\/10\/h45_decor1.png","id":16546,"alt":"","source":"library"},"image_size":"full","align":"left","width":{"unit":"px","size":600,"sizes":[]},"width_tablet":{"unit":"px","size":"","sizes":[]},"width_mobile":{"unit":"px","size":"","sizes":[]},"align_tablet":"center"},"elements":[],"widgetType":"image"},{"id":"3590f88","elType":"widget","settings":{"image":{"url":"https:\/\/demo2wpopal.b-cdn.net\/smartic\/wp-content\/uploads\/2022\/10\/h42_product.png","id":16481,"alt":"","source":"library"},"image_size":"full","_element_width":"auto","_position":"absolute","_offset_x":{"size":-3,"unit":"%"},"_offset_x_tablet":{"unit":"%","size":3,"sizes":[]},"_offset_x_mobile":{"unit":"%","size":0,"sizes":[]},"_offset_y":{"size":10,"unit":"%"},"_offset_y_tablet":{"unit":"%","size":6,"sizes":[]},"_offset_y_mobile":{"unit":"%","size":10,"sizes":[]},"align_tablet":"center","motion_fx_motion_fx_mouse":"yes","motion_fx_mouseTrack_effect":"yes","motion_fx_mouseTrack_speed":{"unit":"px","size":0.5,"sizes":[]},"_animation":"opal-move-up"},"elements":[],"widgetType":"image"}],"isInner":false},{"id":"52646e2","elType":"column","settings":{"_column_size":50,"_inline_size":null,"padding":{"unit":"px","top":"0","right":"0","bottom":"0","left":"30","isLinked":false},"_inline_size_tablet":100,"padding_tablet":{"unit":"px","top":"0","right":"0","bottom":"0","left":"0","isLinked":false}},"elements":[{"id":"9096059","elType":"widget","settings":{"title_text":"20.000mAh","description_text":"Capacity","primary_color":"#FFFFFF","icon_size":{"unit":"px","size":64,"sizes":[]},"title_bottom_space":{"unit":"px","size":9,"sizes":[]},"title_color":"#FFFFFF","title_typography_typography":"custom","title_typography_font_size":{"unit":"px","size":40,"sizes":[]},"title_typography_line_height":{"unit":"px","size":44,"sizes":[]},"title_typography_line_height_tablet":{"unit":"px","size":"","sizes":[]},"title_typography_line_height_mobile":{"unit":"px","size":"","sizes":[]},"title_typography_letter_spacing":{"unit":"px","size":-1,"sizes":[]},"description_color":"#FFFFFF","description_typography_typography":"custom","description_typography_font_size":{"unit":"px","size":20,"sizes":[]},"description_typography_line_height":{"unit":"px","size":26,"sizes":[]},"description_typography_line_height_tablet":{"unit":"px","size":"","sizes":[]},"description_typography_line_height_mobile":{"unit":"px","size":"","sizes":[]},"_margin":{"unit":"px","top":"0","right":"15","bottom":"15","left":"15","isLinked":false},"_padding":{"unit":"px","top":"35","right":"0","bottom":"45","left":"0","isLinked":false},"_element_width":"initial","_element_custom_width":{"unit":"%","size":50,"sizes":[]},"_element_custom_width_tablet":{"unit":"%","size":"","sizes":[]},"_element_custom_width_mobile":{"unit":"%","size":100,"sizes":[]},"_background_background":"classic","_background_color":"#FFFFFF1A","_background_image":{"url":"","id":"","alt":"","source":"library"},"_border_radius":{"unit":"px","top":"10","right":"10","bottom":"10","left":"10","isLinked":true},"selected_icon":{"value":"smartic-icon- smartic-icon-capacity","library":"smartic-icon"},"icon_space":{"unit":"px","size":20,"sizes":[]},"hover_animation":"grow","_margin_mobile":{"unit":"px","top":"0","right":"0","bottom":"30","left":"0","isLinked":false},"_animation":"opal-move-right","_animation_delay":100},"elements":[],"widgetType":"icon-box"},{"id":"2a389ce","elType":"widget","settings":{"title_text":"5h","description_text":"Rapid Recharge","primary_color":"#FFFFFF","icon_size":{"unit":"px","size":64,"sizes":[]},"title_bottom_space":{"unit":"px","size":9,"sizes":[]},"title_color":"#FFFFFF","title_typography_typography":"custom","title_typography_font_size":{"unit":"px","size":40,"sizes":[]},"title_typography_line_height":{"unit":"px","size":44,"sizes":[]},"title_typography_line_height_tablet":{"unit":"px","size":"","sizes":[]},"title_typography_line_height_mobile":{"unit":"px","size":"","sizes":[]},"title_typography_letter_spacing":{"unit":"px","size":-1,"sizes":[]},"description_color":"#FFFFFF","description_typography_typography":"custom","description_typography_font_size":{"unit":"px","size":20,"sizes":[]},"description_typography_line_height":{"unit":"px","size":26,"sizes":[]},"description_typography_line_height_tablet":{"unit":"px","size":"","sizes":[]},"description_typography_line_height_mobile":{"unit":"px","size":"","sizes":[]},"_margin":{"unit":"px","top":"0","right":"15","bottom":"15","left":"15","isLinked":false},"_padding":{"unit":"px","top":"35","right":"0","bottom":"45","left":"0","isLinked":false},"_element_width":"initial","_element_custom_width":{"unit":"%","size":50,"sizes":[]},"_element_custom_width_tablet":{"unit":"%","size":"","sizes":[]},"_element_custom_width_mobile":{"unit":"%","size":100,"sizes":[]},"_background_background":"classic","_background_color":"#FFFFFF1A","_background_image":{"url":"","id":"","alt":"","source":"library"},"_border_radius":{"unit":"px","top":"10","right":"10","bottom":"10","left":"10","isLinked":true},"selected_icon":{"value":"smartic-icon- smartic-icon-recharge-1","library":"smartic-icon"},"icon_space":{"unit":"px","size":20,"sizes":[]},"hover_animation":"grow","_margin_mobile":{"unit":"px","top":"0","right":"0","bottom":"30","left":"0","isLinked":false},"_animation":"opal-move-left","_animation_delay":200},"elements":[],"widgetType":"icon-box"},{"id":"90639cc","elType":"widget","settings":{"title_text":"6A","description_text":"Total Output","primary_color":"#FFFFFF","icon_size":{"unit":"px","size":64,"sizes":[]},"title_bottom_space":{"unit":"px","size":9,"sizes":[]},"title_color":"#FFFFFF","title_typography_typography":"custom","title_typography_font_size":{"unit":"px","size":40,"sizes":[]},"title_typography_line_height":{"unit":"px","size":44,"sizes":[]},"title_typography_line_height_tablet":{"unit":"px","size":"","sizes":[]},"title_typography_line_height_mobile":{"unit":"px","size":"","sizes":[]},"title_typography_letter_spacing":{"unit":"px","size":-1,"sizes":[]},"description_color":"#FFFFFF","description_typography_typography":"custom","description_typography_font_size":{"unit":"px","size":20,"sizes":[]},"description_typography_line_height":{"unit":"px","size":26,"sizes":[]},"description_typography_line_height_tablet":{"unit":"px","size":"","sizes":[]},"description_typography_line_height_mobile":{"unit":"px","size":"","sizes":[]},"_margin":{"unit":"px","top":"15","right":"15","bottom":"0","left":"15","isLinked":false},"_padding":{"unit":"px","top":"35","right":"0","bottom":"45","left":"0","isLinked":false},"_element_width":"initial","_element_custom_width":{"unit":"%","size":50,"sizes":[]},"_element_custom_width_tablet":{"unit":"%","size":"","sizes":[]},"_element_custom_width_mobile":{"unit":"%","size":100,"sizes":[]},"_background_background":"classic","_background_color":"#FFFFFF1A","_background_image":{"url":"","id":"","alt":"","source":"library"},"_border_radius":{"unit":"px","top":"10","right":"10","bottom":"10","left":"10","isLinked":true},"selected_icon":{"value":"smartic-icon- smartic-icon-usb","library":"smartic-icon"},"icon_space":{"unit":"px","size":20,"sizes":[]},"hover_animation":"grow","_margin_mobile":{"unit":"px","top":"0","right":"0","bottom":"30","left":"0","isLinked":false},"_animation":"opal-move-right","_animation_delay":300},"elements":[],"widgetType":"icon-box"},{"id":"37a8781","elType":"widget","settings":{"title_text":"20%","description_text":"Faster Charging","primary_color":"#FFFFFF","icon_size":{"unit":"px","size":64,"sizes":[]},"title_bottom_space":{"unit":"px","size":9,"sizes":[]},"title_color":"#FFFFFF","title_typography_typography":"custom","title_typography_font_size":{"unit":"px","size":40,"sizes":[]},"title_typography_line_height":{"unit":"px","size":44,"sizes":[]},"title_typography_line_height_tablet":{"unit":"px","size":"","sizes":[]},"title_typography_line_height_mobile":{"unit":"px","size":"","sizes":[]},"title_typography_letter_spacing":{"unit":"px","size":-1,"sizes":[]},"description_color":"#FFFFFF","description_typography_typography":"custom","description_typography_font_size":{"unit":"px","size":20,"sizes":[]},"description_typography_line_height":{"unit":"px","size":26,"sizes":[]},"description_typography_line_height_tablet":{"unit":"px","size":"","sizes":[]},"description_typography_line_height_mobile":{"unit":"px","size":"","sizes":[]},"_margin":{"unit":"px","top":"15","right":"15","bottom":"0","left":"15","isLinked":false},"_padding":{"unit":"px","top":"35","right":"0","bottom":"45","left":"0","isLinked":false},"_element_width":"initial","_element_custom_width":{"unit":"%","size":50,"sizes":[]},"_element_custom_width_tablet":{"unit":"%","size":"","sizes":[]},"_element_custom_width_mobile":{"unit":"%","size":100,"sizes":[]},"_background_background":"classic","_background_color":"#FFFFFF1A","_background_image":{"url":"","id":"","alt":"","source":"library"},"_border_radius":{"unit":"px","top":"10","right":"10","bottom":"10","left":"10","isLinked":true},"selected_icon":{"value":"smartic-icon- smartic-icon-faster","library":"smartic-icon"},"icon_space":{"unit":"px","size":20,"sizes":[]},"hover_animation":"grow","_margin_mobile":{"unit":"px","top":"0","right":"0","bottom":"0","left":"0","isLinked":false},"_animation":"opal-move-left","_animation_delay":400},"elements":[],"widgetType":"icon-box"},{"id":"18a0fe0","elType":"section","settings":{"layout":"full_width","gap":"no","structure":"20","margin":{"unit":"px","top":"47","right":0,"bottom":"0","left":0,"isLinked":false},"animation":"opal-move-up","html_tag":"div"},"elements":[{"id":"b1c38d5","elType":"column","settings":{"_column_size":50,"_inline_size":25,"align":"center","border_width":{"unit":"px","top":"0","right":"1","bottom":"0","left":"0","isLinked":false},"border_color":"#FFFFFF66","padding_mobile":{"unit":"px","top":"0","right":"0","bottom":"15","left":"0","isLinked":false}},"elements":[{"id":"ce82fd4","elType":"widget","settings":{"title":"4.8","align":"center","title_color":"#FFFFFF","typography_typography":"custom","typography_font_family":"BROmny","typography_font_size":{"unit":"px","size":50,"sizes":[]},"typography_font_weight":"bold","typography_line_height":{"unit":"px","size":50,"sizes":[]},"typography_line_height_tablet":{"unit":"px","size":"","sizes":[]},"typography_line_height_mobile":{"unit":"px","size":"","sizes":[]},"typography_letter_spacing":{"unit":"px","size":-1,"sizes":[]}},"elements":[],"widgetType":"heading"},{"id":"afa6bb0","elType":"widget","settings":{"title":"15k+ Reviews","align":"center","title_color":"#FFFFFF","title_typography_typography":"custom","title_typography_font_family":"BROmny","title_typography_font_size":{"unit":"px","size":14,"sizes":[]},"title_typography_font_weight":"600","title_typography_line_height":{"unit":"px","size":18,"sizes":[]},"title_typography_line_height_tablet":{"unit":"px","size":"","sizes":[]},"title_typography_line_height_mobile":{"unit":"px","size":"","sizes":[]},"stars_color":"#FFDC62","custom_css":"selector .elementor-star-rating__wrapper{\n    display: flex;\n    flex-direction: column-reverse;\n}\nselector .elementor-star-rating__title{\n    margin: 0;\n}"},"elements":[],"widgetType":"star-rating"}],"isInner":true},{"id":"a0bf5b7","elType":"column","settings":{"_column_size":50,"_inline_size":75,"border_border":"solid","border_width":{"unit":"px","top":"0","right":"0","bottom":"0","left":"1","isLinked":false},"border_color":"#FFFFFF66","padding":{"unit":"px","top":"0","right":"0","bottom":"0","left":"40","isLinked":false},"border_width_mobile":{"unit":"px","top":"1","right":"0","bottom":"0","left":"0","isLinked":false},"padding_mobile":{"unit":"px","top":"15","right":"0","bottom":"0","left":"0","isLinked":false}},"elements":[{"id":"3570def","elType":"widget","settings":{"editor":"<span>\u201cMy favourite portable charger. Holds several charges. Durable, highly useful. This thing is amazing.\u201d<\/span>","text_color":"#FFFFFF","typography_typography":"custom","typography_font_family":"BROmny","typography_font_size":{"unit":"px","size":20,"sizes":[]},"typography_font_weight":"400","typography_line_height":{"unit":"px","size":28,"sizes":[]},"typography_line_height_tablet":{"unit":"px","size":"","sizes":[]},"typography_line_height_mobile":{"unit":"px","size":"","sizes":[]},"align_mobile":"center"},"elements":[],"widgetType":"text-editor"}],"isInner":true}],"isInner":true}],"isInner":false}],"isInner":false},{"id":"bf23417","elType":"section","settings":{"gap":"no","stretch_section":"section-stretched","padding":{"unit":"px","top":"0","right":"30","bottom":"0","left":"30","isLinked":false},"content_width":{"unit":"px","size":1320,"sizes":[]},"margin":{"unit":"px","top":"100","right":0,"bottom":"110","left":0,"isLinked":false},"margin_tablet":{"unit":"px","top":"80","right":0,"bottom":"80","left":0,"isLinked":false},"margin_mobile":{"unit":"px","top":"60","right":0,"bottom":"60","left":0,"isLinked":false},"padding_mobile":{"unit":"px","top":"0","right":"15","bottom":"0","left":"15","isLinked":false},"html_tag":"div"},"elements":[{"id":"b01db8b","elType":"column","settings":{"_column_size":100,"_inline_size":null},"elements":[{"id":"a741c3e","elType":"section","settings":{"layout":"full_width","gap":"no","structure":"30","margin":{"unit":"px","top":"0","right":0,"bottom":"40","left":0,"isLinked":false},"margin_mobile":{"unit":"px","top":"0","right":0,"bottom":"30","left":0,"isLinked":false},"html_tag":"div"},"elements":[{"id":"56a818c","elType":"column","settings":{"_column_size":33,"_inline_size":null,"padding":{"unit":"px","top":"0","right":"15","bottom":"0","left":"15","isLinked":false},"padding_mobile":{"unit":"px","top":"0","right":"0","bottom":"30","left":"0","isLinked":false}},"elements":[{"id":"36a94e0","elType":"widget","settings":{"image":{"url":"https:\/\/demo2wpopal.b-cdn.net\/smartic\/wp-content\/uploads\/2022\/10\/h42_img-1.jpg","id":16649,"alt":"","source":"library"},"title_text":"High Compatibility ","description_text":"It supports many types of devices, such as iPhone, Samsung, iPad and Switch, which is so convenient for charging different devices. ","image_space":{"unit":"px","size":26,"sizes":[]},"image_size":{"unit":"%","size":"","sizes":[]},"image_border_radius":{"unit":"px","size":10,"sizes":[]},"text_align":"left","title_typography_typography":"custom","title_typography_font_family":"Barlow","title_typography_font_size":{"unit":"px","size":24,"sizes":[]},"title_typography_font_weight":"800","title_typography_text_transform":"uppercase","title_typography_line_height":{"unit":"px","size":30,"sizes":[]},"title_typography_line_height_tablet":{"unit":"px","size":"","sizes":[]},"title_typography_line_height_mobile":{"unit":"px","size":"","sizes":[]},"__globals__":{"title_color":"globals\/colors?id=accent"},"_animation":"opal-move-up","_animation_delay":100,"text_align_mobile":"center"},"elements":[],"widgetType":"image-box"}],"isInner":true},{"id":"ff9e3fb","elType":"column","settings":{"_column_size":33,"_inline_size":null,"padding":{"unit":"px","top":"0","right":"15","bottom":"0","left":"15","isLinked":false},"padding_mobile":{"unit":"px","top":"0","right":"0","bottom":"30","left":"0","isLinked":false}},"elements":[{"id":"8ed21e5","elType":"widget","settings":{"image":{"url":"https:\/\/demo2wpopal.b-cdn.net\/smartic\/wp-content\/uploads\/2022\/10\/h42_img-2.jpg","id":16650,"alt":"","source":"library"},"title_text":"Multi-Protection Technology ","description_text":"It is adopted several protective mechanisms, such as overcharge, over-current, overheat protection and short-circuit protection. ","image_space":{"unit":"px","size":26,"sizes":[]},"image_size":{"unit":"%","size":"","sizes":[]},"image_border_radius":{"unit":"px","size":10,"sizes":[]},"text_align":"left","title_typography_typography":"custom","title_typography_font_family":"Barlow","title_typography_font_size":{"unit":"px","size":24,"sizes":[]},"title_typography_font_weight":"800","title_typography_text_transform":"uppercase","title_typography_line_height":{"unit":"px","size":30,"sizes":[]},"title_typography_line_height_tablet":{"unit":"px","size":"","sizes":[]},"title_typography_line_height_mobile":{"unit":"px","size":"","sizes":[]},"__globals__":{"title_color":"globals\/colors?id=accent"},"_animation":"opal-move-up","_animation_delay":200,"text_align_mobile":"center"},"elements":[],"widgetType":"image-box"}],"isInner":true},{"id":"86e100a","elType":"column","settings":{"_column_size":33,"_inline_size":null,"padding":{"unit":"px","top":"0","right":"15","bottom":"0","left":"15","isLinked":false},"padding_mobile":{"unit":"px","top":"0","right":"0","bottom":"0","left":"0","isLinked":false}},"elements":[{"id":"95b1058","elType":"widget","settings":{"image":{"url":"https:\/\/demo2wpopal.b-cdn.net\/smartic\/wp-content\/uploads\/2022\/10\/h42_img-3.jpg","id":16642,"alt":"","source":"library"},"title_text":"Minimalist Design ","description_text":"Their lightweight, slim design fits easily in your bag so you\u2019ve always got portable power. ","image_space":{"unit":"px","size":26,"sizes":[]},"image_size":{"unit":"%","size":"","sizes":[]},"image_border_radius":{"unit":"px","size":10,"sizes":[]},"text_align":"left","title_typography_typography":"custom","title_typography_font_family":"Barlow","title_typography_font_size":{"unit":"px","size":24,"sizes":[]},"title_typography_font_weight":"800","title_typography_text_transform":"uppercase","title_typography_line_height":{"unit":"px","size":30,"sizes":[]},"title_typography_line_height_tablet":{"unit":"px","size":"","sizes":[]},"title_typography_line_height_mobile":{"unit":"px","size":"","sizes":[]},"__globals__":{"title_color":"globals\/colors?id=accent"},"_animation":"opal-move-up","_animation_delay":300,"text_align_mobile":"center"},"elements":[],"widgetType":"image-box"}],"isInner":true}],"isInner":true},{"id":"ceb1d60","elType":"section","settings":{"layout":"full_width","gap":"no","structure":"30","html_tag":"div"},"elements":[{"id":"9463b17","elType":"column","settings":{"_column_size":33,"_inline_size":null,"padding":{"unit":"px","top":"0","right":"15","bottom":"0","left":"15","isLinked":false},"padding_mobile":{"unit":"px","top":"0","right":"0","bottom":"30","left":"0","isLinked":false}},"elements":[{"id":"f92ddf4","elType":"widget","settings":{"image":{"url":"https:\/\/demo2wpopal.b-cdn.net\/smartic\/wp-content\/uploads\/2022\/10\/h42_img-4.jpg","id":16643,"alt":"","source":"library"},"title_text":"Durability ","description_text":"The powerstation portable power banks are designed to survive the hazards of travel and the contents of your bag. ","image_space":{"unit":"px","size":26,"sizes":[]},"image_size":{"unit":"%","size":"","sizes":[]},"image_border_radius":{"unit":"px","size":10,"sizes":[]},"text_align":"left","title_typography_typography":"custom","title_typography_font_family":"Barlow","title_typography_font_size":{"unit":"px","size":24,"sizes":[]},"title_typography_font_weight":"800","title_typography_text_transform":"uppercase","title_typography_line_height":{"unit":"px","size":30,"sizes":[]},"title_typography_line_height_tablet":{"unit":"px","size":"","sizes":[]},"title_typography_line_height_mobile":{"unit":"px","size":"","sizes":[]},"__globals__":{"title_color":"globals\/colors?id=accent"},"_animation":"opal-move-up","_animation_delay":400,"text_align_mobile":"center"},"elements":[],"widgetType":"image-box"}],"isInner":true},{"id":"fb219d2","elType":"column","settings":{"_column_size":33,"_inline_size":null,"padding":{"unit":"px","top":"0","right":"15","bottom":"0","left":"15","isLinked":false},"padding_mobile":{"unit":"px","top":"0","right":"0","bottom":"30","left":"0","isLinked":false}},"elements":[{"id":"7fb334f","elType":"widget","settings":{"image":{"url":"https:\/\/demo2wpopal.b-cdn.net\/smartic\/wp-content\/uploads\/2022\/10\/h42_img-5.jpg","id":16644,"alt":"","source":"library"},"title_text":"Reliable Battery ","description_text":"Reliable battery cells hold their charge for when you need it most. ","image_space":{"unit":"px","size":26,"sizes":[]},"image_size":{"unit":"%","size":"","sizes":[]},"image_border_radius":{"unit":"px","size":10,"sizes":[]},"text_align":"left","title_typography_typography":"custom","title_typography_font_family":"Barlow","title_typography_font_size":{"unit":"px","size":24,"sizes":[]},"title_typography_font_weight":"800","title_typography_text_transform":"uppercase","title_typography_line_height":{"unit":"px","size":30,"sizes":[]},"title_typography_line_height_tablet":{"unit":"px","size":"","sizes":[]},"title_typography_line_height_mobile":{"unit":"px","size":"","sizes":[]},"__globals__":{"title_color":"globals\/colors?id=accent"},"_animation":"opal-move-up","_animation_delay":500,"text_align_mobile":"center"},"elements":[],"widgetType":"image-box"}],"isInner":true},{"id":"38235f7","elType":"column","settings":{"_column_size":33,"_inline_size":null,"padding":{"unit":"px","top":"0","right":"15","bottom":"0","left":"15","isLinked":false},"padding_mobile":{"unit":"px","top":"0","right":"0","bottom":"0","left":"0","isLinked":false}},"elements":[{"id":"bc46f1f","elType":"widget","settings":{"image":{"url":"https:\/\/demo2wpopal.b-cdn.net\/smartic\/wp-content\/uploads\/2022\/10\/h42_img-6.jpg","id":16645,"alt":"","source":"library"},"title_text":"Superior Safety ","description_text":"Our safety system combines high-voltage protection, current regulation, temperature control, and more to keep you and your devices safe. ","image_space":{"unit":"px","size":26,"sizes":[]},"image_size":{"unit":"%","size":"","sizes":[]},"image_border_radius":{"unit":"px","size":10,"sizes":[]},"text_align":"left","title_typography_typography":"custom","title_typography_font_family":"Barlow","title_typography_font_size":{"unit":"px","size":24,"sizes":[]},"title_typography_font_weight":"800","title_typography_text_transform":"uppercase","title_typography_line_height":{"unit":"px","size":30,"sizes":[]},"title_typography_line_height_tablet":{"unit":"px","size":"","sizes":[]},"title_typography_line_height_mobile":{"unit":"px","size":"","sizes":[]},"__globals__":{"title_color":"globals\/colors?id=accent"},"_animation":"opal-move-up","_animation_delay":600,"text_align_mobile":"center"},"elements":[],"widgetType":"image-box"}],"isInner":true}],"isInner":true}],"isInner":false}],"isInner":false},{"id":"76cf51a","elType":"section","settings":{"gap":"no","height":"min-height","custom_height":{"unit":"px","size":600,"sizes":[]},"stretch_section":"section-stretched","structure":"20","background_background":"classic","background_color":"#1DCA7C","padding":{"unit":"px","top":"0","right":"30","bottom":"0","left":"30","isLinked":false},"custom_height_tablet":{"unit":"px","size":500,"sizes":[]},"custom_height_mobile":{"unit":"px","size":0,"sizes":[]},"padding_mobile":{"unit":"px","top":"60","right":"15","bottom":"60","left":"15","isLinked":false},"html_tag":"div"},"elements":[{"id":"082ec97","elType":"column","settings":{"_column_size":50,"_inline_size":null,"content_position":"center","padding":{"unit":"px","top":"0","right":"30","bottom":"0","left":"0","isLinked":false},"align_mobile":"center"},"elements":[{"id":"b9d9c62","elType":"widget","settings":{"title":"multiple device<br>charging","align":"left","title_color":"#FFFFFF","typography_typography":"custom","typography_font_family":"Barlow","typography_font_size":{"unit":"px","size":40,"sizes":[]},"typography_font_weight":"800","typography_text_transform":"uppercase","typography_line_height":{"unit":"px","size":44,"sizes":[]},"typography_line_height_tablet":{"unit":"px","size":"","sizes":[]},"typography_line_height_mobile":{"unit":"px","size":"","sizes":[]},"__globals__":{"typography_typography":""},"_margin":{"unit":"px","top":"0","right":"0","bottom":"15","left":"0","isLinked":false},"_animation":"opal-move-up","_animation_delay":100,"align_mobile":"center"},"elements":[],"widgetType":"heading"},{"id":"2a473fc","elType":"widget","settings":{"editor":"There are many variations of passages of Lorem Ipsum\navailable, but the majority have suffered alteration in some form, by injected humour, or randomised words which don't look even slightly believable.","text_color":"#FFFFFF","_margin":{"unit":"px","top":"0","right":"0","bottom":"25","left":"0","isLinked":false},"_element_custom_width":{"unit":"px","size":440,"sizes":[]},"_element_width":"initial","_animation":"opal-move-up","_animation_delay":200},"elements":[],"widgetType":"text-editor"},{"id":"32ed4b9","elType":"section","settings":{"layout":"full_width","gap":"no","margin":{"unit":"px","top":"","right":0,"bottom":"","left":0,"isLinked":true},"html_tag":"div"},"elements":[{"id":"99b2a1a","elType":"column","settings":{"_column_size":100,"_inline_size":null,"align_mobile":"center"},"elements":[{"id":"ed561a7","elType":"widget","settings":{"text":"iOs","selected_icon":{"value":"fab fa-apple","library":"fa-brands"},"_element_width":"auto","typography_typography":"custom","typography_font_family":"BROmny","typography_line_height":{"unit":"px","size":"","sizes":[]},"typography_line_height_tablet":{"unit":"px","size":"","sizes":[]},"typography_line_height_mobile":{"unit":"px","size":"","sizes":[]},"background_color":"#FFFFFF","text_padding":{"unit":"px","top":"12","right":"28","bottom":"12","left":"28","isLinked":false},"icon_button_size":{"unit":"px","size":20,"sizes":[]},"_margin":{"unit":"px","top":"0","right":"4","bottom":"0","left":"0","isLinked":false},"__globals__":{"button_text_color":"globals\/colors?id=accent","button_background_hover_color":"globals\/colors?id=accent"},"hover_color":"#FFFFFF","_animation":"opal-move-right"},"elements":[],"widgetType":"button"},{"id":"959daea","elType":"widget","settings":{"text":"Android","selected_icon":{"value":"smartic-icon- smartic-icon-android","library":"smartic-icon"},"_element_width":"auto","typography_typography":"custom","typography_font_family":"BROmny","typography_line_height":{"unit":"px","size":"","sizes":[]},"typography_line_height_tablet":{"unit":"px","size":"","sizes":[]},"typography_line_height_mobile":{"unit":"px","size":"","sizes":[]},"background_color":"#FFFFFF","text_padding":{"unit":"px","top":"12","right":"21","bottom":"12","left":"21","isLinked":false},"icon_button_size":{"unit":"px","size":20,"sizes":[]},"_margin":{"unit":"px","top":"0","right":"0","bottom":"0","left":"4","isLinked":false},"__globals__":{"button_text_color":"globals\/colors?id=accent","button_background_hover_color":"globals\/colors?id=accent"},"hover_color":"#FFFFFF","_animation":"opal-move-left"},"elements":[],"widgetType":"button"}],"isInner":true}],"isInner":true}],"isInner":false},{"id":"bd1b52f","elType":"column","settings":{"_column_size":50,"_inline_size":null,"content_position":"center"},"elements":[{"id":"2688a84","elType":"widget","settings":{"image":{"url":"https:\/\/demo2wpopal.b-cdn.net\/smartic\/wp-content\/uploads\/2022\/10\/h42_pic1.jpg","id":16697,"alt":"","source":"library"},"image_size":"full","height":{"unit":"px","size":600,"sizes":[]},"_element_width":"initial","_element_custom_width":{"unit":"vw","size":50,"sizes":[]},"_element_custom_width_tablet":{"unit":"vw","size":100,"sizes":[]},"_element_custom_width_mobile":{"unit":"vw","size":"","sizes":[]},"_position":"absolute","_offset_x":{"unit":"%","size":"","sizes":[]},"_offset_x_tablet":{"unit":"vh","size":"","sizes":[]},"_offset_x_mobile":{"unit":"vh","size":"","sizes":[]},"_offset_y":{"unit":"%","size":"","sizes":[]},"_offset_y_tablet":{"unit":"vw","size":"","sizes":[]},"_offset_y_mobile":{"unit":"vw","size":"","sizes":[]},"height_tablet":{"unit":"px","size":500,"sizes":[]},"height_mobile":{"unit":"px","size":0,"sizes":[]},"hide_mobile":"hidden-mobile"},"elements":[],"widgetType":"image"}],"isInner":false}],"isInner":false},{"id":"5aee6d1","elType":"section","settings":{"gap":"no","stretch_section":"section-stretched","structure":"40","content_width":{"unit":"px","size":1152,"sizes":[]},"height":"min-height","custom_height":{"unit":"px","size":525,"sizes":[]},"background_overlay_background":"classic","background_overlay_image":{"url":"https:\/\/demo2wpopal.b-cdn.net\/smartic\/wp-content\/uploads\/2022\/10\/h42_decor.png","id":16856,"alt":"","source":"library"},"background_overlay_position":"bottom center","background_overlay_repeat":"no-repeat","background_overlay_size":"auto","background_overlay_opacity":{"unit":"px","size":1,"sizes":[]},"padding":{"unit":"px","top":"0","right":"30","bottom":"0","left":"30","isLinked":false},"margin_mobile":{"unit":"px","top":"60","right":0,"bottom":"60","left":0,"isLinked":false},"padding_mobile":{"unit":"px","top":"0","right":"15","bottom":"0","left":"15","isLinked":false},"html_tag":"div"},"elements":[{"id":"1ca987e","elType":"column","settings":{"_column_size":25,"_inline_size":null,"padding":{"unit":"px","top":"0","right":"15","bottom":"0","left":"15","isLinked":false},"_inline_size_tablet":50,"padding_tablet":{"unit":"px","top":"0","right":"15","bottom":"40","left":"15","isLinked":false},"padding_mobile":{"unit":"px","top":"0","right":"0","bottom":"40","left":"0","isLinked":false},"animation":"opal-move-up","animation_delay":100},"elements":[{"id":"814a19f","elType":"widget","settings":{"selected_icon":{"value":"smartic-icon- smartic-icon-proffesionals","library":"smartic-icon"},"hover_animation":"shrink","size":{"unit":"px","size":64,"sizes":[]},"__globals__":{"primary_color":"globals\/colors?id=accent"}},"elements":[],"widgetType":"icon"},{"id":"8296f97","elType":"widget","settings":{"ending_number":75,"suffix":"M+","title":"Products Sold","position":"center","content_vertical_alignment":"middle","number_color":"#1DCA7C","typography_number_typography":"custom","typography_number_font_family":"Barlow","typography_number_font_size":{"unit":"px","size":80,"sizes":[]},"typography_number_font_weight":"800","typography_number_line_height":{"unit":"px","size":80,"sizes":[]},"typography_number_line_height_tablet":{"unit":"px","size":"","sizes":[]},"typography_number_line_height_mobile":{"unit":"px","size":60,"sizes":[]},"typography_number_suffix_typography":"custom","typography_number_suffix_font_family":"Barlow","typography_number_suffix_font_size":{"unit":"px","size":80,"sizes":[]},"typography_number_suffix_font_weight":"800","typography_number_suffix_line_height":{"unit":"px","size":80,"sizes":[]},"typography_number_suffix_line_height_tablet":{"unit":"px","size":"","sizes":[]},"typography_number_suffix_line_height_mobile":{"unit":"px","size":60,"sizes":[]},"typography_title_typography":"custom","typography_title_font_family":"BROmny","typography_title_font_size":{"unit":"px","size":20,"sizes":[]},"typography_title_font_weight":"500","typography_title_line_height":{"unit":"px","size":26,"sizes":[]},"typography_title_line_height_tablet":{"unit":"px","size":"","sizes":[]},"typography_title_line_height_mobile":{"unit":"px","size":"","sizes":[]},"__globals__":{"number_color":"","typography_number_typography":"","title_color":"globals\/colors?id=accent"},"number_suffix_color":"#1DCA7C","title_color":"#000000","typography_number_font_size_mobile":{"unit":"px","size":60,"sizes":[]},"typography_number_suffix_font_size_mobile":{"unit":"px","size":60,"sizes":[]}},"elements":[],"widgetType":"counter"}],"isInner":false},{"id":"4e04c07","elType":"column","settings":{"_column_size":25,"_inline_size":null,"padding":{"unit":"px","top":"0","right":"15","bottom":"0","left":"15","isLinked":false},"_inline_size_tablet":50,"padding_tablet":{"unit":"px","top":"0","right":"15","bottom":"40","left":"15","isLinked":false},"padding_mobile":{"unit":"px","top":"0","right":"0","bottom":"40","left":"0","isLinked":false},"animation":"opal-move-up","animation_delay":200},"elements":[{"id":"7b957b7","elType":"widget","settings":{"selected_icon":{"value":"smartic-icon- smartic-icon-global","library":"smartic-icon"},"hover_animation":"shrink","size":{"unit":"px","size":64,"sizes":[]},"__globals__":{"primary_color":"globals\/colors?id=accent"}},"elements":[],"widgetType":"icon"},{"id":"f06de47","elType":"widget","settings":{"ending_number":134,"suffix":"+","title":"Countries","position":"center","content_vertical_alignment":"middle","number_color":"#1DCA7C","typography_number_typography":"custom","typography_number_font_family":"Barlow","typography_number_font_size":{"unit":"px","size":80,"sizes":[]},"typography_number_font_weight":"800","typography_number_line_height":{"unit":"px","size":80,"sizes":[]},"typography_number_line_height_tablet":{"unit":"px","size":"","sizes":[]},"typography_number_line_height_mobile":{"unit":"px","size":60,"sizes":[]},"typography_number_suffix_typography":"custom","typography_number_suffix_font_family":"Barlow","typography_number_suffix_font_size":{"unit":"px","size":80,"sizes":[]},"typography_number_suffix_font_weight":"800","typography_number_suffix_line_height":{"unit":"px","size":80,"sizes":[]},"typography_number_suffix_line_height_tablet":{"unit":"px","size":"","sizes":[]},"typography_number_suffix_line_height_mobile":{"unit":"px","size":60,"sizes":[]},"typography_title_typography":"custom","typography_title_font_family":"BROmny","typography_title_font_size":{"unit":"px","size":20,"sizes":[]},"typography_title_font_weight":"500","typography_title_line_height":{"unit":"px","size":26,"sizes":[]},"typography_title_line_height_tablet":{"unit":"px","size":"","sizes":[]},"typography_title_line_height_mobile":{"unit":"px","size":"","sizes":[]},"__globals__":{"number_color":"","typography_number_typography":"","title_color":"globals\/colors?id=accent"},"number_suffix_color":"#1DCA7C","title_color":"#000000","typography_number_font_size_mobile":{"unit":"px","size":60,"sizes":[]},"typography_number_suffix_font_size_mobile":{"unit":"px","size":60,"sizes":[]}},"elements":[],"widgetType":"counter"}],"isInner":false},{"id":"f15dcbc","elType":"column","settings":{"_column_size":25,"_inline_size":null,"padding":{"unit":"px","top":"0","right":"15","bottom":"0","left":"15","isLinked":false},"_inline_size_tablet":50,"padding_tablet":{"unit":"px","top":"0","right":"15","bottom":"0","left":"15","isLinked":false},"padding_mobile":{"unit":"px","top":"0","right":"0","bottom":"40","left":"0","isLinked":false},"animation":"opal-move-up","animation_delay":300},"elements":[{"id":"cbd524f","elType":"widget","settings":{"selected_icon":{"value":"smartic-icon- smartic-icon-guarranted","library":"smartic-icon"},"hover_animation":"shrink","size":{"unit":"px","size":64,"sizes":[]},"__globals__":{"primary_color":"globals\/colors?id=accent"}},"elements":[],"widgetType":"icon"},{"id":"ccd3b9a","elType":"widget","settings":{"suffix":"%","title":"Authentic Guaranteed","position":"center","content_vertical_alignment":"middle","number_color":"#1DCA7C","typography_number_typography":"custom","typography_number_font_family":"Barlow","typography_number_font_size":{"unit":"px","size":80,"sizes":[]},"typography_number_font_weight":"800","typography_number_line_height":{"unit":"px","size":80,"sizes":[]},"typography_number_line_height_tablet":{"unit":"px","size":"","sizes":[]},"typography_number_line_height_mobile":{"unit":"px","size":60,"sizes":[]},"typography_number_suffix_typography":"custom","typography_number_suffix_font_family":"Barlow","typography_number_suffix_font_size":{"unit":"px","size":80,"sizes":[]},"typography_number_suffix_font_weight":"800","typography_number_suffix_line_height":{"unit":"px","size":80,"sizes":[]},"typography_number_suffix_line_height_tablet":{"unit":"px","size":"","sizes":[]},"typography_number_suffix_line_height_mobile":{"unit":"px","size":60,"sizes":[]},"typography_title_typography":"custom","typography_title_font_family":"BROmny","typography_title_font_size":{"unit":"px","size":20,"sizes":[]},"typography_title_font_weight":"500","typography_title_line_height":{"unit":"px","size":26,"sizes":[]},"typography_title_line_height_tablet":{"unit":"px","size":"","sizes":[]},"typography_title_line_height_mobile":{"unit":"px","size":"","sizes":[]},"__globals__":{"number_color":"","typography_number_typography":"","title_color":"globals\/colors?id=accent"},"number_suffix_color":"#1DCA7C","title_color":"#000000","typography_number_font_size_mobile":{"unit":"px","size":60,"sizes":[]},"typography_number_suffix_font_size_mobile":{"unit":"px","size":60,"sizes":[]}},"elements":[],"widgetType":"counter"}],"isInner":false},{"id":"f00b08d","elType":"column","settings":{"_column_size":25,"_inline_size":null,"padding":{"unit":"px","top":"0","right":"15","bottom":"0","left":"15","isLinked":false},"_inline_size_tablet":50,"padding_tablet":{"unit":"px","top":"0","right":"15","bottom":"0","left":"15","isLinked":false},"padding_mobile":{"unit":"px","top":"0","right":"0","bottom":"0","left":"0","isLinked":true},"animation":"opal-move-up","animation_delay":400},"elements":[{"id":"7c950b6","elType":"widget","settings":{"selected_icon":{"value":"smartic-icon- smartic-icon-warranted","library":"smartic-icon"},"hover_animation":"shrink","size":{"unit":"px","size":64,"sizes":[]},"__globals__":{"primary_color":"globals\/colors?id=accent"}},"elements":[],"widgetType":"icon"},{"id":"9aab3b1","elType":"widget","settings":{"ending_number":3,"title":"3-Year Warranty","position":"center","content_vertical_alignment":"middle","number_color":"#1DCA7C","typography_number_typography":"custom","typography_number_font_family":"Barlow","typography_number_font_size":{"unit":"px","size":80,"sizes":[]},"typography_number_font_weight":"800","typography_number_line_height":{"unit":"px","size":80,"sizes":[]},"typography_number_line_height_tablet":{"unit":"px","size":"","sizes":[]},"typography_number_line_height_mobile":{"unit":"px","size":60,"sizes":[]},"typography_number_suffix_typography":"custom","typography_number_suffix_font_family":"Barlow","typography_number_suffix_font_size":{"unit":"px","size":80,"sizes":[]},"typography_number_suffix_font_weight":"800","typography_number_suffix_line_height":{"unit":"px","size":80,"sizes":[]},"typography_number_suffix_line_height_tablet":{"unit":"px","size":"","sizes":[]},"typography_number_suffix_line_height_mobile":{"unit":"px","size":60,"sizes":[]},"typography_title_typography":"custom","typography_title_font_family":"BROmny","typography_title_font_size":{"unit":"px","size":20,"sizes":[]},"typography_title_font_weight":"500","typography_title_line_height":{"unit":"px","size":26,"sizes":[]},"typography_title_line_height_tablet":{"unit":"px","size":"","sizes":[]},"typography_title_line_height_mobile":{"unit":"px","size":"","sizes":[]},"__globals__":{"number_color":"","typography_number_typography":"","title_color":"globals\/colors?id=accent"},"number_suffix_color":"#1DCA7C","title_color":"#000000","typography_number_font_size_mobile":{"unit":"px","size":60,"sizes":[]},"typography_number_suffix_font_size_mobile":{"unit":"px","size":60,"sizes":[]}},"elements":[],"widgetType":"counter"}],"isInner":false}],"isInner":false},{"id":"35d09d0","elType":"section","settings":{"layout":"full_width","gap":"no","height":"min-height","custom_height":{"unit":"px","size":600,"sizes":[]},"stretch_section":"section-stretched","structure":"20","background_background":"classic","background_color":"#1DCA7C","custom_height_tablet":{"unit":"px","size":500,"sizes":[]},"custom_height_mobile":{"unit":"px","size":0,"sizes":[]},"padding_mobile":{"unit":"px","top":"60","right":"0","bottom":"60","left":"0","isLinked":false},"html_tag":"div"},"elements":[{"id":"98f43ac","elType":"column","settings":{"_column_size":50,"_inline_size":null,"content_position":"center"},"elements":[{"id":"22cbc86","elType":"widget","settings":{"image":{"url":"https:\/\/demo2wpopal.b-cdn.net\/smartic\/wp-content\/uploads\/2022\/10\/h42_pic2.jpg","id":16698,"alt":"","source":"library"},"image_size":"full","height":{"unit":"px","size":600,"sizes":[]},"_element_width":"initial","_element_custom_width":{"unit":"vw","size":50,"sizes":[]},"_element_custom_width_tablet":{"unit":"vw","size":100,"sizes":[]},"_element_custom_width_mobile":{"unit":"vw","size":"","sizes":[]},"_position":"absolute","_offset_orientation_h":"end","_offset_x":{"unit":"%","size":"","sizes":[]},"_offset_x_tablet":{"unit":"vh","size":"","sizes":[]},"_offset_x_mobile":{"unit":"vh","size":"","sizes":[]},"_offset_y":{"unit":"vh","size":"","sizes":[]},"_offset_y_tablet":{"unit":"vw","size":"","sizes":[]},"_offset_y_mobile":{"unit":"vw","size":"","sizes":[]},"height_tablet":{"unit":"px","size":500,"sizes":[]},"height_mobile":{"unit":"px","size":0,"sizes":[]},"hide_mobile":"hidden-mobile"},"elements":[],"widgetType":"image"}],"isInner":false},{"id":"dc41bdc","elType":"column","settings":{"_column_size":50,"_inline_size":null,"content_position":"center","align":"center","padding_tablet":{"unit":"px","top":"0","right":"30","bottom":"0","left":"30","isLinked":false},"padding_mobile":{"unit":"px","top":"0","right":"15","bottom":"0","left":"15","isLinked":false}},"elements":[{"id":"d528d39","elType":"widget","settings":{"editor":"<span>sign up and stay updated<\/span>","align":"center","text_color":"#FFFFFF","typography_typography":"custom","typography_font_family":"BROmny","typography_font_size":{"unit":"px","size":14,"sizes":[]},"typography_font_weight":"400","typography_text_transform":"uppercase","typography_line_height":{"unit":"px","size":30,"sizes":[]},"typography_line_height_tablet":{"unit":"px","size":"","sizes":[]},"typography_line_height_mobile":{"unit":"px","size":"","sizes":[]},"typography_letter_spacing":{"unit":"px","size":2,"sizes":[]},"_animation":"opal-move-right"},"elements":[],"widgetType":"text-editor"},{"id":"54a00f6","elType":"widget","settings":{"title":"15% OFF Your<br>First Order","align":"center","title_color":"#FFFFFF","typography_typography":"custom","typography_font_family":"Barlow","typography_font_size":{"unit":"px","size":50,"sizes":[]},"typography_font_weight":"800","typography_text_transform":"uppercase","typography_line_height":{"unit":"px","size":50,"sizes":[]},"typography_line_height_tablet":{"unit":"px","size":"","sizes":[]},"typography_line_height_mobile":{"unit":"px","size":"","sizes":[]},"_margin":{"unit":"px","top":"0","right":"0","bottom":"35","left":"0","isLinked":false},"_element_custom_width":{"unit":"px","size":440,"sizes":[]},"_animation":"opal-move-left"},"elements":[],"widgetType":"heading"},{"id":"2b646a4","elType":"widget","settings":{"form_name":"New Form","form_fields":[{"custom_id":"message","field_type":"email","placeholder":"Your email ...","width":"66","_id":"f4a1813","required":"true","width_mobile":"66"}],"show_labels":"","mark_required":"yes","button_width":"33","button_align_tablet":"end","step_next_label":"Next","step_previous_label":"Previous","button_text":"Subscribe","email_to":"admin@admin.com","email_subject":"New message from &quot;Smartic&quot;","email_content":"[all-fields]","email_from":"email@dev.wpopal.com","email_from_name":"Smartic","email_to_2":"admin@admin.com","email_subject_2":"New message from &quot;Smartic&quot;","email_content_2":"[all-fields]","email_from_2":"email@dev.wpopal.com","email_from_name_2":"Smartic","email_reply_to_2":"admin@admin.com","mailchimp_fields_map":[],"drip_fields_map":[],"activecampaign_fields_map":[],"getresponse_fields_map":[],"convertkit_fields_map":[],"mailerlite_fields_map":[],"success_message":"The form was sent successfully.","error_message":"An error occurred.","required_field_message":"This field is required.","invalid_message":"There&#039;s something wrong. The form is invalid.","column_gap":{"unit":"px","size":0,"sizes":[]},"row_gap":{"unit":"px","size":0,"sizes":[]},"field_text_color":"#FFFFFF","field_background_color":"#1DCA7C","field_border_width":{"unit":"px","top":"0","right":"0","bottom":"0","left":"0","isLinked":true},"field_text_padding":{"unit":"px","top":"10","right":"20","bottom":"10","left":"20","isLinked":false},"button_background_color":"#FFFFFF","button_text_color":"#000000","button_background_hover_color":"#000000","button_hover_color":"#FFFFFF","button_border_radius":{"unit":"px","top":"3","right":"3","bottom":"3","left":"3","isLinked":true},"button_text_padding":{"unit":"px","top":"13","right":"33","bottom":"13","left":"33","isLinked":false},"_element_width":"initial","_element_custom_width":{"unit":"px","size":440,"sizes":[]},"_z_index":5,"_background_background":"classic","_border_border":"solid","_border_width":{"unit":"px","top":"1","right":"1","bottom":"1","left":"1","isLinked":true},"_border_color":"#FFFFFF","_border_radius":{"unit":"px","top":"5","right":"5","bottom":"5","left":"5","isLinked":true},"__globals__":{"field_background_color":"","button_text_color":"globals\/colors?id=accent","button_hover_color":"","button_background_hover_color":"globals\/colors?id=accent"},"button_width_mobile":"33"},"elements":[],"widgetType":"form"}],"isInner":false}],"isInner":false}]]]></wp:meta_value>
  </wp:postmeta>
  <wp:postmeta>
    <wp:meta_key>_elementor_page_assets</wp:meta_key>
    <wp:meta_value><![CDATA[a:1:{s:6:"styles";a:32:{i:0;s:12:"e-animations";i:1;s:12:"e-animations";i:2;s:12:"e-animations";i:3;s:12:"e-animations";i:4;s:12:"e-animations";i:5;s:12:"e-animations";i:6;s:12:"e-animations";i:7;s:12:"e-animations";i:8;s:12:"e-animations";i:9;s:12:"e-animations";i:10;s:12:"e-animations";i:11;s:12:"e-animations";i:12;s:12:"e-animations";i:13;s:12:"e-animations";i:14;s:12:"e-animations";i:15;s:12:"e-animations";i:16;s:12:"e-animations";i:17;s:12:"e-animations";i:18;s:12:"e-animations";i:19;s:12:"e-animations";i:20;s:12:"e-animations";i:21;s:12:"e-animations";i:22;s:12:"e-animations";i:23;s:12:"e-animations";i:24;s:12:"e-animations";i:25;s:12:"e-animations";i:26;s:12:"e-animations";i:27;s:12:"e-animations";i:28;s:12:"e-animations";i:29;s:12:"e-animations";i:30;s:12:"e-animations";i:31;s:12:"e-animations";}}]]></wp:meta_value>
  </wp:postmeta>
</item>
<item>
  <title><![CDATA[h42_product]]></title>
  <link>https://demo2wpopal.b-cdn.net/smartic/home-42/h42_product/</link>
  <pubDate>Fri, 14 Oct 2022 06:38:46 +0000</pubDate>
  <dc:creator>admin</dc:creator>
  <guid isPermaLink="false">https://demo2wpopal.b-cdn.net/smartic/wp-content/uploads/2022/10/h42_product.png</guid>
  <description/>
  <content:encoded><![CDATA[]]></content:encoded>
  <excerpt:encoded><![CDATA[]]></excerpt:encoded>
  <wp:post_id>16481</wp:post_id>
  <wp:post_date>2022-10-14 06:38:46</wp:post_date>
  <wp:post_date_gmt>2022-10-14 06:38:46</wp:post_date_gmt>
  <wp:post_modified>2022-10-14 06:38:46</wp:post_modified>
  <wp:post_modified_gmt>2022-10-14 06:38:46</wp:post_modified_gmt>
  <wp:comment_status>open</wp:comment_status>
  <wp:ping_status>closed</wp:ping_status>
  <wp:post_name>h42_product</wp:post_name>
  <wp:status>inherit</wp:status>
  <wp:post_parent>16461</wp:post_parent>
  <wp:menu_order>0</wp:menu_order>
  <wp:post_type>attachment</wp:post_type>
  <wp:post_password/>
  <wp:is_sticky>0</wp:is_sticky>
  <wp:attachment_url>https://demo2wpopal.b-cdn.net/smartic/wp-content/uploads/2022/10/h42_product.png</wp:attachment_url>
  <wp:postmeta>
    <wp:meta_key>_wp_attached_file</wp:meta_key>
    <wp:meta_value><![CDATA[2022/10/h42_product.png]]></wp:meta_value>
  </wp:postmeta>
  <wp:postmeta>
    <wp:meta_key>_wp_attachment_metadata</wp:meta_key>
    <wp:meta_value><![CDATA[a:6:{s:5:"width";i:658;s:6:"height";i:515;s:4:"file";s:23:"2022/10/h42_product.png";s:8:"filesize";i:262887;s:5:"sizes";a:7:{s:6:"medium";a:5:{s:4:"file";s:23:"h42_product-300x235.png";s:5:"width";i:300;s:6:"height";i:235;s:9:"mime-type";s:9:"image/png";s:8:"filesize";i:70357;}s:9:"thumbnail";a:5:{s:4:"file";s:23:"h42_product-150x150.png";s:5:"width";i:150;s:6:"height";i:150;s:9:"mime-type";s:9:"image/png";s:8:"filesize";i:30085;}s:17:"smartic-post-grid";a:5:{s:4:"file";s:23:"h42_product-500x330.png";s:5:"width";i:500;s:6:"height";i:330;s:9:"mime-type";s:9:"image/png";s:8:"filesize";i:153967;}s:21:"woocommerce_thumbnail";a:6:{s:4:"file";s:23:"h42_product-500x391.png";s:5:"width";i:500;s:6:"height";i:391;s:9:"mime-type";s:9:"image/png";s:8:"filesize";i:163754;s:9:"uncropped";b:1;}s:29:"woocommerce_gallery_thumbnail";a:5:{s:4:"file";s:23:"h42_product-100x100.png";s:5:"width";i:100;s:6:"height";i:100;s:9:"mime-type";s:9:"image/png";s:8:"filesize";i:15484;}s:29:"variation_swatches_image_size";a:5:{s:4:"file";s:21:"h42_product-50x50.png";s:5:"width";i:50;s:6:"height";i:50;s:9:"mime-type";s:9:"image/png";s:8:"filesize";i:5033;}s:31:"variation_swatches_tooltip_size";a:5:{s:4:"file";s:23:"h42_product-100x100.png";s:5:"width";i:100;s:6:"height";i:100;s:9:"mime-type";s:9:"image/png";s:8:"filesize";i:15484;}}s:10:"image_meta";a:12:{s:8:"aperture";s:1:"0";s:6:"credit";s:0:"";s:6:"camera";s:0:"";s:7:"caption";s:0:"";s:17:"created_timestamp";s:1:"0";s:9:"copyright";s:0:"";s:12:"focal_length";s:1:"0";s:3:"iso";s:1:"0";s:13:"shutter_speed";s:1:"0";s:5:"title";s:0:"";s:11:"orientation";s:1:"0";s:8:"keywords";a:0:{}}}]]></wp:meta_value>
  </wp:postmeta>
</item>
<item>
  <title><![CDATA[h45_decor1]]></title>
  <link>https://demo2wpopal.b-cdn.net/smartic/home-42/h45_decor1/</link>
  <pubDate>Fri, 14 Oct 2022 07:53:17 +0000</pubDate>
  <dc:creator>admin</dc:creator>
  <guid isPermaLink="false">https://demo2wpopal.b-cdn.net/smartic/wp-content/uploads/2022/10/h45_decor1.png</guid>
  <description/>
  <content:encoded><![CDATA[]]></content:encoded>
  <excerpt:encoded><![CDATA[]]></excerpt:encoded>
  <wp:post_id>16546</wp:post_id>
  <wp:post_date>2022-10-14 07:53:17</wp:post_date>
  <wp:post_date_gmt>2022-10-14 07:53:17</wp:post_date_gmt>
  <wp:post_modified>2022-10-14 07:53:17</wp:post_modified>
  <wp:post_modified_gmt>2022-10-14 07:53:17</wp:post_modified_gmt>
  <wp:comment_status>open</wp:comment_status>
  <wp:ping_status>closed</wp:ping_status>
  <wp:post_name>h45_decor1</wp:post_name>
  <wp:status>inherit</wp:status>
  <wp:post_parent>16461</wp:post_parent>
  <wp:menu_order>0</wp:menu_order>
  <wp:post_type>attachment</wp:post_type>
  <wp:post_password/>
  <wp:is_sticky>0</wp:is_sticky>
  <wp:attachment_url>https://demo2wpopal.b-cdn.net/smartic/wp-content/uploads/2022/10/h45_decor1.png</wp:attachment_url>
  <wp:postmeta>
    <wp:meta_key>_wp_attached_file</wp:meta_key>
    <wp:meta_value><![CDATA[2022/10/h45_decor1.png]]></wp:meta_value>
  </wp:postmeta>
  <wp:postmeta>
    <wp:meta_key>_wp_attachment_metadata</wp:meta_key>
    <wp:meta_value><![CDATA[a:6:{s:5:"width";i:600;s:6:"height";i:600;s:4:"file";s:22:"2022/10/h45_decor1.png";s:8:"filesize";i:9990;s:5:"sizes";a:8:{s:6:"medium";a:5:{s:4:"file";s:22:"h45_decor1-300x300.png";s:5:"width";i:300;s:6:"height";i:300;s:9:"mime-type";s:9:"image/png";s:8:"filesize";i:6159;}s:9:"thumbnail";a:5:{s:4:"file";s:22:"h45_decor1-150x150.png";s:5:"width";i:150;s:6:"height";i:150;s:9:"mime-type";s:9:"image/png";s:8:"filesize";i:3009;}s:14:"post-thumbnail";a:5:{s:4:"file";s:22:"h45_decor1-600x565.png";s:5:"width";i:600;s:6:"height";i:565;s:9:"mime-type";s:9:"image/png";s:8:"filesize";i:9444;}s:17:"smartic-post-grid";a:5:{s:4:"file";s:22:"h45_decor1-500x330.png";s:5:"width";i:500;s:6:"height";i:330;s:9:"mime-type";s:9:"image/png";s:8:"filesize";i:7291;}s:21:"woocommerce_thumbnail";a:6:{s:4:"file";s:22:"h45_decor1-500x500.png";s:5:"width";i:500;s:6:"height";i:500;s:9:"mime-type";s:9:"image/png";s:8:"filesize";i:13658;s:9:"uncropped";b:1;}s:29:"woocommerce_gallery_thumbnail";a:5:{s:4:"file";s:22:"h45_decor1-100x100.png";s:5:"width";i:100;s:6:"height";i:100;s:9:"mime-type";s:9:"image/png";s:8:"filesize";i:1840;}s:29:"variation_swatches_image_size";a:5:{s:4:"file";s:20:"h45_decor1-50x50.png";s:5:"width";i:50;s:6:"height";i:50;s:9:"mime-type";s:9:"image/png";s:8:"filesize";i:773;}s:31:"variation_swatches_tooltip_size";a:5:{s:4:"file";s:22:"h45_decor1-100x100.png";s:5:"width";i:100;s:6:"height";i:100;s:9:"mime-type";s:9:"image/png";s:8:"filesize";i:1840;}}s:10:"image_meta";a:12:{s:8:"aperture";s:1:"0";s:6:"credit";s:0:"";s:6:"camera";s:0:"";s:7:"caption";s:0:"";s:17:"created_timestamp";s:1:"0";s:9:"copyright";s:0:"";s:12:"focal_length";s:1:"0";s:3:"iso";s:1:"0";s:13:"shutter_speed";s:1:"0";s:5:"title";s:0:"";s:11:"orientation";s:1:"0";s:8:"keywords";a:0:{}}}]]></wp:meta_value>
  </wp:postmeta>
</item>
<item>
  <title><![CDATA[h42_img-3]]></title>
  <link>https://demo2wpopal.b-cdn.net/smartic/home-42/h42_img-3/</link>
  <pubDate>Fri, 14 Oct 2022 09:44:00 +0000</pubDate>
  <dc:creator>admin</dc:creator>
  <guid isPermaLink="false">https://demo2wpopal.b-cdn.net/smartic/wp-content/uploads/2022/10/h42_img-3.jpg</guid>
  <description/>
  <content:encoded><![CDATA[]]></content:encoded>
  <excerpt:encoded><![CDATA[]]></excerpt:encoded>
  <wp:post_id>16642</wp:post_id>
  <wp:post_date>2022-10-14 09:44:00</wp:post_date>
  <wp:post_date_gmt>2022-10-14 09:44:00</wp:post_date_gmt>
  <wp:post_modified>2022-10-14 09:44:00</wp:post_modified>
  <wp:post_modified_gmt>2022-10-14 09:44:00</wp:post_modified_gmt>
  <wp:comment_status>open</wp:comment_status>
  <wp:ping_status>closed</wp:ping_status>
  <wp:post_name>h42_img-3</wp:post_name>
  <wp:status>inherit</wp:status>
  <wp:post_parent>16461</wp:post_parent>
  <wp:menu_order>0</wp:menu_order>
  <wp:post_type>attachment</wp:post_type>
  <wp:post_password/>
  <wp:is_sticky>0</wp:is_sticky>
  <wp:attachment_url>https://demo2wpopal.b-cdn.net/smartic/wp-content/uploads/2022/10/h42_img-3.jpg</wp:attachment_url>
  <wp:postmeta>
    <wp:meta_key>_wp_attached_file</wp:meta_key>
    <wp:meta_value><![CDATA[2022/10/h42_img-3.jpg]]></wp:meta_value>
  </wp:postmeta>
  <wp:postmeta>
    <wp:meta_key>_wp_attachment_metadata</wp:meta_key>
    <wp:meta_value><![CDATA[a:6:{s:5:"width";i:410;s:6:"height";i:300;s:4:"file";s:21:"2022/10/h42_img-3.jpg";s:8:"filesize";i:8126;s:5:"sizes";a:5:{s:6:"medium";a:5:{s:4:"file";s:21:"h42_img-3-300x220.jpg";s:5:"width";i:300;s:6:"height";i:220;s:9:"mime-type";s:10:"image/jpeg";s:8:"filesize";i:5780;}s:9:"thumbnail";a:5:{s:4:"file";s:21:"h42_img-3-150x150.jpg";s:5:"width";i:150;s:6:"height";i:150;s:9:"mime-type";s:10:"image/jpeg";s:8:"filesize";i:3257;}s:29:"woocommerce_gallery_thumbnail";a:5:{s:4:"file";s:21:"h42_img-3-100x100.jpg";s:5:"width";i:100;s:6:"height";i:100;s:9:"mime-type";s:10:"image/jpeg";s:8:"filesize";i:2114;}s:29:"variation_swatches_image_size";a:5:{s:4:"file";s:19:"h42_img-3-50x50.jpg";s:5:"width";i:50;s:6:"height";i:50;s:9:"mime-type";s:10:"image/jpeg";s:8:"filesize";i:1227;}s:31:"variation_swatches_tooltip_size";a:5:{s:4:"file";s:21:"h42_img-3-100x100.jpg";s:5:"width";i:100;s:6:"height";i:100;s:9:"mime-type";s:10:"image/jpeg";s:8:"filesize";i:2114;}}s:10:"image_meta";a:12:{s:8:"aperture";s:1:"0";s:6:"credit";s:0:"";s:6:"camera";s:0:"";s:7:"caption";s:0:"";s:17:"created_timestamp";s:1:"0";s:9:"copyright";s:0:"";s:12:"focal_length";s:1:"0";s:3:"iso";s:1:"0";s:13:"shutter_speed";s:1:"0";s:5:"title";s:0:"";s:11:"orientation";s:1:"0";s:8:"keywords";a:0:{}}}]]></wp:meta_value>
  </wp:postmeta>
</item>
<item>
  <title><![CDATA[h42_img-4]]></title>
  <link>https://demo2wpopal.b-cdn.net/smartic/home-42/h42_img-4/</link>
  <pubDate>Fri, 14 Oct 2022 09:44:01 +0000</pubDate>
  <dc:creator>admin</dc:creator>
  <guid isPermaLink="false">https://demo2wpopal.b-cdn.net/smartic/wp-content/uploads/2022/10/h42_img-4.jpg</guid>
  <description/>
  <content:encoded><![CDATA[]]></content:encoded>
  <excerpt:encoded><![CDATA[]]></excerpt:encoded>
  <wp:post_id>16643</wp:post_id>
  <wp:post_date>2022-10-14 09:44:01</wp:post_date>
  <wp:post_date_gmt>2022-10-14 09:44:01</wp:post_date_gmt>
  <wp:post_modified>2022-10-14 09:44:01</wp:post_modified>
  <wp:post_modified_gmt>2022-10-14 09:44:01</wp:post_modified_gmt>
  <wp:comment_status>open</wp:comment_status>
  <wp:ping_status>closed</wp:ping_status>
  <wp:post_name>h42_img-4</wp:post_name>
  <wp:status>inherit</wp:status>
  <wp:post_parent>16461</wp:post_parent>
  <wp:menu_order>0</wp:menu_order>
  <wp:post_type>attachment</wp:post_type>
  <wp:post_password/>
  <wp:is_sticky>0</wp:is_sticky>
  <wp:attachment_url>https://demo2wpopal.b-cdn.net/smartic/wp-content/uploads/2022/10/h42_img-4.jpg</wp:attachment_url>
  <wp:postmeta>
    <wp:meta_key>_wp_attached_file</wp:meta_key>
    <wp:meta_value><![CDATA[2022/10/h42_img-4.jpg]]></wp:meta_value>
  </wp:postmeta>
  <wp:postmeta>
    <wp:meta_key>_wp_attachment_metadata</wp:meta_key>
    <wp:meta_value><![CDATA[a:6:{s:5:"width";i:410;s:6:"height";i:300;s:4:"file";s:21:"2022/10/h42_img-4.jpg";s:8:"filesize";i:11802;s:5:"sizes";a:5:{s:6:"medium";a:5:{s:4:"file";s:21:"h42_img-4-300x220.jpg";s:5:"width";i:300;s:6:"height";i:220;s:9:"mime-type";s:10:"image/jpeg";s:8:"filesize";i:7774;}s:9:"thumbnail";a:5:{s:4:"file";s:21:"h42_img-4-150x150.jpg";s:5:"width";i:150;s:6:"height";i:150;s:9:"mime-type";s:10:"image/jpeg";s:8:"filesize";i:4258;}s:29:"woocommerce_gallery_thumbnail";a:5:{s:4:"file";s:21:"h42_img-4-100x100.jpg";s:5:"width";i:100;s:6:"height";i:100;s:9:"mime-type";s:10:"image/jpeg";s:8:"filesize";i:2764;}s:29:"variation_swatches_image_size";a:5:{s:4:"file";s:19:"h42_img-4-50x50.jpg";s:5:"width";i:50;s:6:"height";i:50;s:9:"mime-type";s:10:"image/jpeg";s:8:"filesize";i:1498;}s:31:"variation_swatches_tooltip_size";a:5:{s:4:"file";s:21:"h42_img-4-100x100.jpg";s:5:"width";i:100;s:6:"height";i:100;s:9:"mime-type";s:10:"image/jpeg";s:8:"filesize";i:2764;}}s:10:"image_meta";a:12:{s:8:"aperture";s:1:"0";s:6:"credit";s:0:"";s:6:"camera";s:0:"";s:7:"caption";s:0:"";s:17:"created_timestamp";s:1:"0";s:9:"copyright";s:0:"";s:12:"focal_length";s:1:"0";s:3:"iso";s:1:"0";s:13:"shutter_speed";s:1:"0";s:5:"title";s:0:"";s:11:"orientation";s:1:"0";s:8:"keywords";a:0:{}}}]]></wp:meta_value>
  </wp:postmeta>
</item>
<item>
  <title><![CDATA[h42_img-5]]></title>
  <link>https://demo2wpopal.b-cdn.net/smartic/home-42/h42_img-5/</link>
  <pubDate>Fri, 14 Oct 2022 09:44:03 +0000</pubDate>
  <dc:creator>admin</dc:creator>
  <guid isPermaLink="false">https://demo2wpopal.b-cdn.net/smartic/wp-content/uploads/2022/10/h42_img-5.jpg</guid>
  <description/>
  <content:encoded><![CDATA[]]></content:encoded>
  <excerpt:encoded><![CDATA[]]></excerpt:encoded>
  <wp:post_id>16644</wp:post_id>
  <wp:post_date>2022-10-14 09:44:03</wp:post_date>
  <wp:post_date_gmt>2022-10-14 09:44:03</wp:post_date_gmt>
  <wp:post_modified>2022-10-14 09:44:03</wp:post_modified>
  <wp:post_modified_gmt>2022-10-14 09:44:03</wp:post_modified_gmt>
  <wp:comment_status>open</wp:comment_status>
  <wp:ping_status>closed</wp:ping_status>
  <wp:post_name>h42_img-5</wp:post_name>
  <wp:status>inherit</wp:status>
  <wp:post_parent>16461</wp:post_parent>
  <wp:menu_order>0</wp:menu_order>
  <wp:post_type>attachment</wp:post_type>
  <wp:post_password/>
  <wp:is_sticky>0</wp:is_sticky>
  <wp:attachment_url>https://demo2wpopal.b-cdn.net/smartic/wp-content/uploads/2022/10/h42_img-5.jpg</wp:attachment_url>
  <wp:postmeta>
    <wp:meta_key>_wp_attached_file</wp:meta_key>
    <wp:meta_value><![CDATA[2022/10/h42_img-5.jpg]]></wp:meta_value>
  </wp:postmeta>
  <wp:postmeta>
    <wp:meta_key>_wp_attachment_metadata</wp:meta_key>
    <wp:meta_value><![CDATA[a:6:{s:5:"width";i:409;s:6:"height";i:300;s:4:"file";s:21:"2022/10/h42_img-5.jpg";s:8:"filesize";i:10602;s:5:"sizes";a:5:{s:6:"medium";a:5:{s:4:"file";s:21:"h42_img-5-300x220.jpg";s:5:"width";i:300;s:6:"height";i:220;s:9:"mime-type";s:10:"image/jpeg";s:8:"filesize";i:6796;}s:9:"thumbnail";a:5:{s:4:"file";s:21:"h42_img-5-150x150.jpg";s:5:"width";i:150;s:6:"height";i:150;s:9:"mime-type";s:10:"image/jpeg";s:8:"filesize";i:3748;}s:29:"woocommerce_gallery_thumbnail";a:5:{s:4:"file";s:21:"h42_img-5-100x100.jpg";s:5:"width";i:100;s:6:"height";i:100;s:9:"mime-type";s:10:"image/jpeg";s:8:"filesize";i:2398;}s:29:"variation_swatches_image_size";a:5:{s:4:"file";s:19:"h42_img-5-50x50.jpg";s:5:"width";i:50;s:6:"height";i:50;s:9:"mime-type";s:10:"image/jpeg";s:8:"filesize";i:1297;}s:31:"variation_swatches_tooltip_size";a:5:{s:4:"file";s:21:"h42_img-5-100x100.jpg";s:5:"width";i:100;s:6:"height";i:100;s:9:"mime-type";s:10:"image/jpeg";s:8:"filesize";i:2398;}}s:10:"image_meta";a:12:{s:8:"aperture";s:1:"0";s:6:"credit";s:0:"";s:6:"camera";s:0:"";s:7:"caption";s:0:"";s:17:"created_timestamp";s:1:"0";s:9:"copyright";s:0:"";s:12:"focal_length";s:1:"0";s:3:"iso";s:1:"0";s:13:"shutter_speed";s:1:"0";s:5:"title";s:0:"";s:11:"orientation";s:1:"0";s:8:"keywords";a:0:{}}}]]></wp:meta_value>
  </wp:postmeta>
</item>
<item>
  <title><![CDATA[h42_img-6]]></title>
  <link>https://demo2wpopal.b-cdn.net/smartic/home-42/h42_img-6/</link>
  <pubDate>Fri, 14 Oct 2022 09:44:04 +0000</pubDate>
  <dc:creator>admin</dc:creator>
  <guid isPermaLink="false">https://demo2wpopal.b-cdn.net/smartic/wp-content/uploads/2022/10/h42_img-6.jpg</guid>
  <description/>
  <content:encoded><![CDATA[]]></content:encoded>
  <excerpt:encoded><![CDATA[]]></excerpt:encoded>
  <wp:post_id>16645</wp:post_id>
  <wp:post_date>2022-10-14 09:44:04</wp:post_date>
  <wp:post_date_gmt>2022-10-14 09:44:04</wp:post_date_gmt>
  <wp:post_modified>2022-10-14 09:44:04</wp:post_modified>
  <wp:post_modified_gmt>2022-10-14 09:44:04</wp:post_modified_gmt>
  <wp:comment_status>open</wp:comment_status>
  <wp:ping_status>closed</wp:ping_status>
  <wp:post_name>h42_img-6</wp:post_name>
  <wp:status>inherit</wp:status>
  <wp:post_parent>16461</wp:post_parent>
  <wp:menu_order>0</wp:menu_order>
  <wp:post_type>attachment</wp:post_type>
  <wp:post_password/>
  <wp:is_sticky>0</wp:is_sticky>
  <wp:attachment_url>https://demo2wpopal.b-cdn.net/smartic/wp-content/uploads/2022/10/h42_img-6.jpg</wp:attachment_url>
  <wp:postmeta>
    <wp:meta_key>_wp_attached_file</wp:meta_key>
    <wp:meta_value><![CDATA[2022/10/h42_img-6.jpg]]></wp:meta_value>
  </wp:postmeta>
  <wp:postmeta>
    <wp:meta_key>_wp_attachment_metadata</wp:meta_key>
    <wp:meta_value><![CDATA[a:6:{s:5:"width";i:410;s:6:"height";i:300;s:4:"file";s:21:"2022/10/h42_img-6.jpg";s:8:"filesize";i:13581;s:5:"sizes";a:5:{s:6:"medium";a:5:{s:4:"file";s:21:"h42_img-6-300x220.jpg";s:5:"width";i:300;s:6:"height";i:220;s:9:"mime-type";s:10:"image/jpeg";s:8:"filesize";i:8198;}s:9:"thumbnail";a:5:{s:4:"file";s:21:"h42_img-6-150x150.jpg";s:5:"width";i:150;s:6:"height";i:150;s:9:"mime-type";s:10:"image/jpeg";s:8:"filesize";i:5012;}s:29:"woocommerce_gallery_thumbnail";a:5:{s:4:"file";s:21:"h42_img-6-100x100.jpg";s:5:"width";i:100;s:6:"height";i:100;s:9:"mime-type";s:10:"image/jpeg";s:8:"filesize";i:3104;}s:29:"variation_swatches_image_size";a:5:{s:4:"file";s:19:"h42_img-6-50x50.jpg";s:5:"width";i:50;s:6:"height";i:50;s:9:"mime-type";s:10:"image/jpeg";s:8:"filesize";i:1596;}s:31:"variation_swatches_tooltip_size";a:5:{s:4:"file";s:21:"h42_img-6-100x100.jpg";s:5:"width";i:100;s:6:"height";i:100;s:9:"mime-type";s:10:"image/jpeg";s:8:"filesize";i:3104;}}s:10:"image_meta";a:12:{s:8:"aperture";s:1:"0";s:6:"credit";s:0:"";s:6:"camera";s:0:"";s:7:"caption";s:0:"";s:17:"created_timestamp";s:1:"0";s:9:"copyright";s:0:"";s:12:"focal_length";s:1:"0";s:3:"iso";s:1:"0";s:13:"shutter_speed";s:1:"0";s:5:"title";s:0:"";s:11:"orientation";s:1:"0";s:8:"keywords";a:0:{}}}]]></wp:meta_value>
  </wp:postmeta>
</item>
<item>
  <title><![CDATA[h42_img-1]]></title>
  <link>https://demo2wpopal.b-cdn.net/smartic/home-42/h42_img-1/</link>
  <pubDate>Fri, 14 Oct 2022 09:48:04 +0000</pubDate>
  <dc:creator>admin</dc:creator>
  <guid isPermaLink="false">https://demo2wpopal.b-cdn.net/smartic/wp-content/uploads/2022/10/h42_img-1.jpg</guid>
  <description/>
  <content:encoded><![CDATA[]]></content:encoded>
  <excerpt:encoded><![CDATA[]]></excerpt:encoded>
  <wp:post_id>16649</wp:post_id>
  <wp:post_date>2022-10-14 09:48:04</wp:post_date>
  <wp:post_date_gmt>2022-10-14 09:48:04</wp:post_date_gmt>
  <wp:post_modified>2022-10-14 09:48:04</wp:post_modified>
  <wp:post_modified_gmt>2022-10-14 09:48:04</wp:post_modified_gmt>
  <wp:comment_status>open</wp:comment_status>
  <wp:ping_status>closed</wp:ping_status>
  <wp:post_name>h42_img-1</wp:post_name>
  <wp:status>inherit</wp:status>
  <wp:post_parent>16461</wp:post_parent>
  <wp:menu_order>0</wp:menu_order>
  <wp:post_type>attachment</wp:post_type>
  <wp:post_password/>
  <wp:is_sticky>0</wp:is_sticky>
  <wp:attachment_url>https://demo2wpopal.b-cdn.net/smartic/wp-content/uploads/2022/10/h42_img-1.jpg</wp:attachment_url>
  <wp:postmeta>
    <wp:meta_key>_wp_attached_file</wp:meta_key>
    <wp:meta_value><![CDATA[2022/10/h42_img-1.jpg]]></wp:meta_value>
  </wp:postmeta>
  <wp:postmeta>
    <wp:meta_key>_wp_attachment_metadata</wp:meta_key>
    <wp:meta_value><![CDATA[a:6:{s:5:"width";i:410;s:6:"height";i:300;s:4:"file";s:21:"2022/10/h42_img-1.jpg";s:8:"filesize";i:18226;s:5:"sizes";a:5:{s:6:"medium";a:5:{s:4:"file";s:21:"h42_img-1-300x220.jpg";s:5:"width";i:300;s:6:"height";i:220;s:9:"mime-type";s:10:"image/jpeg";s:8:"filesize";i:11122;}s:9:"thumbnail";a:5:{s:4:"file";s:21:"h42_img-1-150x150.jpg";s:5:"width";i:150;s:6:"height";i:150;s:9:"mime-type";s:10:"image/jpeg";s:8:"filesize";i:5251;}s:29:"woocommerce_gallery_thumbnail";a:5:{s:4:"file";s:21:"h42_img-1-100x100.jpg";s:5:"width";i:100;s:6:"height";i:100;s:9:"mime-type";s:10:"image/jpeg";s:8:"filesize";i:3296;}s:29:"variation_swatches_image_size";a:5:{s:4:"file";s:19:"h42_img-1-50x50.jpg";s:5:"width";i:50;s:6:"height";i:50;s:9:"mime-type";s:10:"image/jpeg";s:8:"filesize";i:1638;}s:31:"variation_swatches_tooltip_size";a:5:{s:4:"file";s:21:"h42_img-1-100x100.jpg";s:5:"width";i:100;s:6:"height";i:100;s:9:"mime-type";s:10:"image/jpeg";s:8:"filesize";i:3296;}}s:10:"image_meta";a:12:{s:8:"aperture";s:1:"0";s:6:"credit";s:0:"";s:6:"camera";s:0:"";s:7:"caption";s:0:"";s:17:"created_timestamp";s:1:"0";s:9:"copyright";s:0:"";s:12:"focal_length";s:1:"0";s:3:"iso";s:1:"0";s:13:"shutter_speed";s:1:"0";s:5:"title";s:0:"";s:11:"orientation";s:1:"0";s:8:"keywords";a:0:{}}}]]></wp:meta_value>
  </wp:postmeta>
</item>
<item>
  <title><![CDATA[h42_img-2]]></title>
  <link>https://demo2wpopal.b-cdn.net/smartic/home-42/h42_img-2/</link>
  <pubDate>Fri, 14 Oct 2022 09:48:05 +0000</pubDate>
  <dc:creator>admin</dc:creator>
  <guid isPermaLink="false">https://demo2wpopal.b-cdn.net/smartic/wp-content/uploads/2022/10/h42_img-2.jpg</guid>
  <description/>
  <content:encoded><![CDATA[]]></content:encoded>
  <excerpt:encoded><![CDATA[]]></excerpt:encoded>
  <wp:post_id>16650</wp:post_id>
  <wp:post_date>2022-10-14 09:48:05</wp:post_date>
  <wp:post_date_gmt>2022-10-14 09:48:05</wp:post_date_gmt>
  <wp:post_modified>2022-10-14 09:48:05</wp:post_modified>
  <wp:post_modified_gmt>2022-10-14 09:48:05</wp:post_modified_gmt>
  <wp:comment_status>open</wp:comment_status>
  <wp:ping_status>closed</wp:ping_status>
  <wp:post_name>h42_img-2</wp:post_name>
  <wp:status>inherit</wp:status>
  <wp:post_parent>16461</wp:post_parent>
  <wp:menu_order>0</wp:menu_order>
  <wp:post_type>attachment</wp:post_type>
  <wp:post_password/>
  <wp:is_sticky>0</wp:is_sticky>
  <wp:attachment_url>https://demo2wpopal.b-cdn.net/smartic/wp-content/uploads/2022/10/h42_img-2.jpg</wp:attachment_url>
  <wp:postmeta>
    <wp:meta_key>_wp_attached_file</wp:meta_key>
    <wp:meta_value><![CDATA[2022/10/h42_img-2.jpg]]></wp:meta_value>
  </wp:postmeta>
  <wp:postmeta>
    <wp:meta_key>_wp_attachment_metadata</wp:meta_key>
    <wp:meta_value><![CDATA[a:6:{s:5:"width";i:410;s:6:"height";i:300;s:4:"file";s:21:"2022/10/h42_img-2.jpg";s:8:"filesize";i:11349;s:5:"sizes";a:5:{s:6:"medium";a:5:{s:4:"file";s:21:"h42_img-2-300x220.jpg";s:5:"width";i:300;s:6:"height";i:220;s:9:"mime-type";s:10:"image/jpeg";s:8:"filesize";i:6981;}s:9:"thumbnail";a:5:{s:4:"file";s:21:"h42_img-2-150x150.jpg";s:5:"width";i:150;s:6:"height";i:150;s:9:"mime-type";s:10:"image/jpeg";s:8:"filesize";i:3476;}s:29:"woocommerce_gallery_thumbnail";a:5:{s:4:"file";s:21:"h42_img-2-100x100.jpg";s:5:"width";i:100;s:6:"height";i:100;s:9:"mime-type";s:10:"image/jpeg";s:8:"filesize";i:2213;}s:29:"variation_swatches_image_size";a:5:{s:4:"file";s:19:"h42_img-2-50x50.jpg";s:5:"width";i:50;s:6:"height";i:50;s:9:"mime-type";s:10:"image/jpeg";s:8:"filesize";i:1280;}s:31:"variation_swatches_tooltip_size";a:5:{s:4:"file";s:21:"h42_img-2-100x100.jpg";s:5:"width";i:100;s:6:"height";i:100;s:9:"mime-type";s:10:"image/jpeg";s:8:"filesize";i:2213;}}s:10:"image_meta";a:12:{s:8:"aperture";s:1:"0";s:6:"credit";s:0:"";s:6:"camera";s:0:"";s:7:"caption";s:0:"";s:17:"created_timestamp";s:1:"0";s:9:"copyright";s:0:"";s:12:"focal_length";s:1:"0";s:3:"iso";s:1:"0";s:13:"shutter_speed";s:1:"0";s:5:"title";s:0:"";s:11:"orientation";s:1:"0";s:8:"keywords";a:0:{}}}]]></wp:meta_value>
  </wp:postmeta>
</item>
<item>
  <title><![CDATA[h42_pic1]]></title>
  <link>https://demo2wpopal.b-cdn.net/smartic/home-42/h42_pic1/</link>
  <pubDate>Fri, 14 Oct 2022 10:27:21 +0000</pubDate>
  <dc:creator>admin</dc:creator>
  <guid isPermaLink="false">https://demo2wpopal.b-cdn.net/smartic/wp-content/uploads/2022/10/h42_pic1.jpg</guid>
  <description/>
  <content:encoded><![CDATA[]]></content:encoded>
  <excerpt:encoded><![CDATA[]]></excerpt:encoded>
  <wp:post_id>16697</wp:post_id>
  <wp:post_date>2022-10-14 10:27:21</wp:post_date>
  <wp:post_date_gmt>2022-10-14 10:27:21</wp:post_date_gmt>
  <wp:post_modified>2022-10-14 10:27:21</wp:post_modified>
  <wp:post_modified_gmt>2022-10-14 10:27:21</wp:post_modified_gmt>
  <wp:comment_status>open</wp:comment_status>
  <wp:ping_status>closed</wp:ping_status>
  <wp:post_name>h42_pic1</wp:post_name>
  <wp:status>inherit</wp:status>
  <wp:post_parent>16461</wp:post_parent>
  <wp:menu_order>0</wp:menu_order>
  <wp:post_type>attachment</wp:post_type>
  <wp:post_password/>
  <wp:is_sticky>0</wp:is_sticky>
  <wp:attachment_url>https://demo2wpopal.b-cdn.net/smartic/wp-content/uploads/2022/10/h42_pic1.jpg</wp:attachment_url>
  <wp:postmeta>
    <wp:meta_key>_wp_attached_file</wp:meta_key>
    <wp:meta_value><![CDATA[2022/10/h42_pic1.jpg]]></wp:meta_value>
  </wp:postmeta>
  <wp:postmeta>
    <wp:meta_key>_wp_attachment_metadata</wp:meta_key>
    <wp:meta_value><![CDATA[a:6:{s:5:"width";i:960;s:6:"height";i:600;s:4:"file";s:20:"2022/10/h42_pic1.jpg";s:8:"filesize";i:80806;s:5:"sizes";a:10:{s:6:"medium";a:5:{s:4:"file";s:20:"h42_pic1-300x188.jpg";s:5:"width";i:300;s:6:"height";i:188;s:9:"mime-type";s:10:"image/jpeg";s:8:"filesize";i:12087;}s:9:"thumbnail";a:5:{s:4:"file";s:20:"h42_pic1-150x150.jpg";s:5:"width";i:150;s:6:"height";i:150;s:9:"mime-type";s:10:"image/jpeg";s:8:"filesize";i:5055;}s:12:"medium_large";a:5:{s:4:"file";s:20:"h42_pic1-768x480.jpg";s:5:"width";i:768;s:6:"height";i:480;s:9:"mime-type";s:10:"image/jpeg";s:8:"filesize";i:49186;}s:14:"post-thumbnail";a:5:{s:4:"file";s:20:"h42_pic1-960x565.jpg";s:5:"width";i:960;s:6:"height";i:565;s:9:"mime-type";s:10:"image/jpeg";s:8:"filesize";i:71889;}s:17:"smartic-post-grid";a:5:{s:4:"file";s:20:"h42_pic1-500x330.jpg";s:5:"width";i:500;s:6:"height";i:330;s:9:"mime-type";s:10:"image/jpeg";s:8:"filesize";i:26568;}s:21:"woocommerce_thumbnail";a:6:{s:4:"file";s:20:"h42_pic1-500x313.jpg";s:5:"width";i:500;s:6:"height";i:313;s:9:"mime-type";s:10:"image/jpeg";s:8:"filesize";i:25802;s:9:"uncropped";b:1;}s:18:"woocommerce_single";a:5:{s:4:"file";s:20:"h42_pic1-800x500.jpg";s:5:"width";i:800;s:6:"height";i:500;s:9:"mime-type";s:10:"image/jpeg";s:8:"filesize";i:53294;}s:29:"woocommerce_gallery_thumbnail";a:5:{s:4:"file";s:20:"h42_pic1-100x100.jpg";s:5:"width";i:100;s:6:"height";i:100;s:9:"mime-type";s:10:"image/jpeg";s:8:"filesize";i:3129;}s:29:"variation_swatches_image_size";a:5:{s:4:"file";s:18:"h42_pic1-50x50.jpg";s:5:"width";i:50;s:6:"height";i:50;s:9:"mime-type";s:10:"image/jpeg";s:8:"filesize";i:1580;}s:31:"variation_swatches_tooltip_size";a:5:{s:4:"file";s:20:"h42_pic1-100x100.jpg";s:5:"width";i:100;s:6:"height";i:100;s:9:"mime-type";s:10:"image/jpeg";s:8:"filesize";i:3129;}}s:10:"image_meta";a:12:{s:8:"aperture";s:1:"0";s:6:"credit";s:0:"";s:6:"camera";s:0:"";s:7:"caption";s:0:"";s:17:"created_timestamp";s:1:"0";s:9:"copyright";s:0:"";s:12:"focal_length";s:1:"0";s:3:"iso";s:1:"0";s:13:"shutter_speed";s:1:"0";s:5:"title";s:0:"";s:11:"orientation";s:1:"0";s:8:"keywords";a:0:{}}}]]></wp:meta_value>
  </wp:postmeta>
</item>
<item>
  <title><![CDATA[h42_pic2]]></title>
  <link>https://demo2wpopal.b-cdn.net/smartic/home-42/h42_pic2/</link>
  <pubDate>Fri, 14 Oct 2022 10:27:24 +0000</pubDate>
  <dc:creator>admin</dc:creator>
  <guid isPermaLink="false">https://demo2wpopal.b-cdn.net/smartic/wp-content/uploads/2022/10/h42_pic2.jpg</guid>
  <description/>
  <content:encoded><![CDATA[]]></content:encoded>
  <excerpt:encoded><![CDATA[]]></excerpt:encoded>
  <wp:post_id>16698</wp:post_id>
  <wp:post_date>2022-10-14 10:27:24</wp:post_date>
  <wp:post_date_gmt>2022-10-14 10:27:24</wp:post_date_gmt>
  <wp:post_modified>2022-10-14 10:27:24</wp:post_modified>
  <wp:post_modified_gmt>2022-10-14 10:27:24</wp:post_modified_gmt>
  <wp:comment_status>open</wp:comment_status>
  <wp:ping_status>closed</wp:ping_status>
  <wp:post_name>h42_pic2</wp:post_name>
  <wp:status>inherit</wp:status>
  <wp:post_parent>16461</wp:post_parent>
  <wp:menu_order>0</wp:menu_order>
  <wp:post_type>attachment</wp:post_type>
  <wp:post_password/>
  <wp:is_sticky>0</wp:is_sticky>
  <wp:attachment_url>https://demo2wpopal.b-cdn.net/smartic/wp-content/uploads/2022/10/h42_pic2.jpg</wp:attachment_url>
  <wp:postmeta>
    <wp:meta_key>_wp_attached_file</wp:meta_key>
    <wp:meta_value><![CDATA[2022/10/h42_pic2.jpg]]></wp:meta_value>
  </wp:postmeta>
  <wp:postmeta>
    <wp:meta_key>_wp_attachment_metadata</wp:meta_key>
    <wp:meta_value><![CDATA[a:6:{s:5:"width";i:960;s:6:"height";i:600;s:4:"file";s:20:"2022/10/h42_pic2.jpg";s:8:"filesize";i:110311;s:5:"sizes";a:10:{s:6:"medium";a:5:{s:4:"file";s:20:"h42_pic2-300x188.jpg";s:5:"width";i:300;s:6:"height";i:188;s:9:"mime-type";s:10:"image/jpeg";s:8:"filesize";i:11078;}s:9:"thumbnail";a:5:{s:4:"file";s:20:"h42_pic2-150x150.jpg";s:5:"width";i:150;s:6:"height";i:150;s:9:"mime-type";s:10:"image/jpeg";s:8:"filesize";i:5346;}s:12:"medium_large";a:5:{s:4:"file";s:20:"h42_pic2-768x480.jpg";s:5:"width";i:768;s:6:"height";i:480;s:9:"mime-type";s:10:"image/jpeg";s:8:"filesize";i:61186;}s:14:"post-thumbnail";a:5:{s:4:"file";s:20:"h42_pic2-960x565.jpg";s:5:"width";i:960;s:6:"height";i:565;s:9:"mime-type";s:10:"image/jpeg";s:8:"filesize";i:98863;}s:17:"smartic-post-grid";a:5:{s:4:"file";s:20:"h42_pic2-500x330.jpg";s:5:"width";i:500;s:6:"height";i:330;s:9:"mime-type";s:10:"image/jpeg";s:8:"filesize";i:30328;}s:21:"woocommerce_thumbnail";a:6:{s:4:"file";s:20:"h42_pic2-500x313.jpg";s:5:"width";i:500;s:6:"height";i:313;s:9:"mime-type";s:10:"image/jpeg";s:8:"filesize";i:28188;s:9:"uncropped";b:1;}s:18:"woocommerce_single";a:5:{s:4:"file";s:20:"h42_pic2-800x500.jpg";s:5:"width";i:800;s:6:"height";i:500;s:9:"mime-type";s:10:"image/jpeg";s:8:"filesize";i:66589;}s:29:"woocommerce_gallery_thumbnail";a:5:{s:4:"file";s:20:"h42_pic2-100x100.jpg";s:5:"width";i:100;s:6:"height";i:100;s:9:"mime-type";s:10:"image/jpeg";s:8:"filesize";i:3049;}s:29:"variation_swatches_image_size";a:5:{s:4:"file";s:18:"h42_pic2-50x50.jpg";s:5:"width";i:50;s:6:"height";i:50;s:9:"mime-type";s:10:"image/jpeg";s:8:"filesize";i:1497;}s:31:"variation_swatches_tooltip_size";a:5:{s:4:"file";s:20:"h42_pic2-100x100.jpg";s:5:"width";i:100;s:6:"height";i:100;s:9:"mime-type";s:10:"image/jpeg";s:8:"filesize";i:3049;}}s:10:"image_meta";a:12:{s:8:"aperture";s:1:"0";s:6:"credit";s:0:"";s:6:"camera";s:0:"";s:7:"caption";s:0:"";s:17:"created_timestamp";s:1:"0";s:9:"copyright";s:0:"";s:12:"focal_length";s:1:"0";s:3:"iso";s:1:"0";s:13:"shutter_speed";s:1:"0";s:5:"title";s:0:"";s:11:"orientation";s:1:"0";s:8:"keywords";a:0:{}}}]]></wp:meta_value>
  </wp:postmeta>
</item>
<item>
  <title><![CDATA[h42_decor]]></title>
  <link>https://demo2wpopal.b-cdn.net/smartic/home-42/h42_decor/</link>
  <pubDate>Mon, 17 Oct 2022 03:54:09 +0000</pubDate>
  <dc:creator>admin</dc:creator>
  <guid isPermaLink="false">https://demo2wpopal.b-cdn.net/smartic/wp-content/uploads/2022/10/h42_decor.png</guid>
  <description/>
  <content:encoded><![CDATA[]]></content:encoded>
  <excerpt:encoded><![CDATA[]]></excerpt:encoded>
  <wp:post_id>16856</wp:post_id>
  <wp:post_date>2022-10-17 03:54:09</wp:post_date>
  <wp:post_date_gmt>2022-10-17 03:54:09</wp:post_date_gmt>
  <wp:post_modified>2022-10-17 03:54:09</wp:post_modified>
  <wp:post_modified_gmt>2022-10-17 03:54:09</wp:post_modified_gmt>
  <wp:comment_status>open</wp:comment_status>
  <wp:ping_status>closed</wp:ping_status>
  <wp:post_name>h42_decor</wp:post_name>
  <wp:status>inherit</wp:status>
  <wp:post_parent>16461</wp:post_parent>
  <wp:menu_order>0</wp:menu_order>
  <wp:post_type>attachment</wp:post_type>
  <wp:post_password/>
  <wp:is_sticky>0</wp:is_sticky>
  <wp:attachment_url>https://demo2wpopal.b-cdn.net/smartic/wp-content/uploads/2022/10/h42_decor.png</wp:attachment_url>
  <wp:postmeta>
    <wp:meta_key>_wp_attached_file</wp:meta_key>
    <wp:meta_value><![CDATA[2022/10/h42_decor.png]]></wp:meta_value>
  </wp:postmeta>
  <wp:postmeta>
    <wp:meta_key>_wp_attachment_metadata</wp:meta_key>
    <wp:meta_value><![CDATA[a:6:{s:5:"width";i:1146;s:6:"height";i:455;s:4:"file";s:21:"2022/10/h42_decor.png";s:8:"filesize";i:59234;s:5:"sizes";a:11:{s:6:"medium";a:5:{s:4:"file";s:21:"h42_decor-300x119.png";s:5:"width";i:300;s:6:"height";i:119;s:9:"mime-type";s:9:"image/png";s:8:"filesize";i:37071;}s:5:"large";a:5:{s:4:"file";s:22:"h42_decor-1024x407.png";s:5:"width";i:1024;s:6:"height";i:407;s:9:"mime-type";s:9:"image/png";s:8:"filesize";i:354638;}s:9:"thumbnail";a:5:{s:4:"file";s:21:"h42_decor-150x150.png";s:5:"width";i:150;s:6:"height";i:150;s:9:"mime-type";s:9:"image/png";s:8:"filesize";i:26060;}s:12:"medium_large";a:5:{s:4:"file";s:21:"h42_decor-768x305.png";s:5:"width";i:768;s:6:"height";i:305;s:9:"mime-type";s:9:"image/png";s:8:"filesize";i:230361;}s:14:"post-thumbnail";a:5:{s:4:"file";s:22:"h42_decor-1000x455.png";s:5:"width";i:1000;s:6:"height";i:455;s:9:"mime-type";s:9:"image/png";s:8:"filesize";i:186093;}s:17:"smartic-post-grid";a:5:{s:4:"file";s:21:"h42_decor-500x330.png";s:5:"width";i:500;s:6:"height";i:330;s:9:"mime-type";s:9:"image/png";s:8:"filesize";i:185069;}s:21:"woocommerce_thumbnail";a:6:{s:4:"file";s:21:"h42_decor-500x199.png";s:5:"width";i:500;s:6:"height";i:199;s:9:"mime-type";s:9:"image/png";s:8:"filesize";i:107483;s:9:"uncropped";b:1;}s:18:"woocommerce_single";a:5:{s:4:"file";s:21:"h42_decor-800x318.png";s:5:"width";i:800;s:6:"height";i:318;s:9:"mime-type";s:9:"image/png";s:8:"filesize";i:247532;}s:29:"woocommerce_gallery_thumbnail";a:5:{s:4:"file";s:21:"h42_decor-100x100.png";s:5:"width";i:100;s:6:"height";i:100;s:9:"mime-type";s:9:"image/png";s:8:"filesize";i:10653;}s:29:"variation_swatches_image_size";a:5:{s:4:"file";s:19:"h42_decor-50x50.png";s:5:"width";i:50;s:6:"height";i:50;s:9:"mime-type";s:9:"image/png";s:8:"filesize";i:2661;}s:31:"variation_swatches_tooltip_size";a:5:{s:4:"file";s:21:"h42_decor-100x100.png";s:5:"width";i:100;s:6:"height";i:100;s:9:"mime-type";s:9:"image/png";s:8:"filesize";i:10653;}}s:10:"image_meta";a:12:{s:8:"aperture";s:1:"0";s:6:"credit";s:0:"";s:6:"camera";s:0:"";s:7:"caption";s:0:"";s:17:"created_timestamp";s:1:"0";s:9:"copyright";s:0:"";s:12:"focal_length";s:1:"0";s:3:"iso";s:1:"0";s:13:"shutter_speed";s:1:"0";s:5:"title";s:0:"";s:11:"orientation";s:1:"0";s:8:"keywords";a:0:{}}}]]></wp:meta_value>
  </wp:postmeta>
</item>
  </channel>
</rss>
