<?xml version="1.0" encoding="UTF-8"?>
<!--
 This is a WordPress eXtended RSS file generated by WordPress as an export of your site.
 It contains information about your site's posts, pages, comments, categories, and other content.
 You may use this file to transfer that content from one site to another.
 This file is not intended to serve as a complete backup of your site.

 To import this information into a WordPress site follow these steps:
 1. Log in to that site as an administrator.
 2. Go to Tools: Import in the WordPress admin panel.
 3. Install the "WordPress" importer from the list.
 4. Activate & Run Importer.
 5. Upload this file using the form provided on that page.
 6. You will first be asked to map the authors in this export file to users
    on the site. For each author, you may choose to map to an
    existing user on the site or to create a new user.
 7. WordPress will then import each of the posts, pages, comments, categories, etc.
    contained in this file into your site.
-->
<!-- generator="WordPress/6.2" created="2023-04-27 03:58" -->
<rss version="2.0" xmlns:excerpt="http://wordpress.org/export/1.2/excerpt/" xmlns:content="http://purl.org/rss/1.0/modules/content/" xmlns:wfw="http://wellformedweb.org/CommentAPI/" xmlns:dc="http://purl.org/dc/elements/1.1/" xmlns:wp="http://wordpress.org/export/1.2/">
  <channel>
<title>Smartic</title>
<link>https://demo2wpopal.b-cdn.net/smartic</link>
<description>Just another WordPress site</description>
<pubDate>Thu, 27 Apr 2023 03:58:28 +0000</pubDate>
<language>en-US</language>
<wp:wxr_version>1.2</wp:wxr_version>
<wp:base_site_url>https://demo2wpopal.b-cdn.net/smartic</wp:base_site_url>
<wp:base_blog_url>https://demo2wpopal.b-cdn.net/smartic</wp:base_blog_url>
<generator>https://wordpress.org/?v=6.2</generator>
<item>
  <title><![CDATA[Home 19]]></title>
  <link>https://demo2wpopal.b-cdn.net/smartic/home-19/</link>
  <pubDate>Tue, 06 Apr 2021 03:47:32 +0000</pubDate>
  <dc:creator>admin</dc:creator>
  <guid isPermaLink="false">https://demo2wpopal.b-cdn.net/smartic/?page_id=9018</guid>
  <description/>
  <content:encoded><![CDATA[[rev_slider alias="niche_06_slide_eshaver" slidertitle="Home 19 Eshaver"][/rev_slider]		
			<h2>The World’s most efficient shaver.</h2>		
		<p>Lorem ipsum dolor sit amet, consectetur adipisicing elit, sed do eiusmod tempor incididunt ut labore et dolore magna aliqua. Ut enim ad minim veniam, quis nostrud exercitation ullamco laboris nisi ut aliquip ex ea commodo consequat. Duis aute irure dolor in reprehenderit in voluptate velit esse cillum dolore eu fugiat nulla pariatur. Excepteur sint occaecat cupidatat non proident, sunt in culpa qui officia deserunt mollit anim id est laborum.</p>		
			<a href="#" role="button">
						View Features
					</a>
												<img width="253" height="580" src="https://demo2wpopal.b-cdn.net/smartic/wp-content/uploads/2021/04/home-6_img-1.png" alt="" loading="lazy" srcset="https://demo2wpopal.b-cdn.net/smartic/wp-content/uploads/2021/04/home-6_img-1.png 253w, https://demo2wpopal.b-cdn.net/smartic/wp-content/uploads/2021/04/home-6_img-1-131x300.png 131w" sizes="(max-width: 253px) 100vw, 253px" />														
				<h3>
						Turbo-powered					
				</h3>
									<p>
						10% extra power boost to get through the dense parts of beards faster. 					</p>
				<h3>
						MultiPrecision blade system					
				</h3>
									<p>
						Get a shave that’s fast and close, raising and cutting hairs and remaining stubble in just a few strokes.					</p>
				<h3>
						Personal comfort settings					
				</h3>
									<p>
						Choose between 3 modes to customize your shave: Sensitive, normal or fast – for a quick shave that saves you time.					</p>
												<img width="253" height="580" src="https://demo2wpopal.b-cdn.net/smartic/wp-content/uploads/2021/04/home-6_img-1.png" alt="" loading="lazy" srcset="https://demo2wpopal.b-cdn.net/smartic/wp-content/uploads/2021/04/home-6_img-1.png 253w, https://demo2wpopal.b-cdn.net/smartic/wp-content/uploads/2021/04/home-6_img-1-131x300.png 131w" sizes="(max-width: 253px) 100vw, 253px" />														
				<h3>
						Turbo-powered					
				</h3>
									<p>
						10% extra power boost to get through the dense parts of beards faster. 					</p>
				<h3>
						MultiPrecision blade system					
				</h3>
									<p>
						Get a shave that’s fast and close, raising and cutting hairs and remaining stubble in just a few strokes.					</p>
				<h3>
						Personal comfort settings					
				</h3>
									<p>
						Choose between 3 modes to customize your shave: Sensitive, normal or fast – for a quick shave that saves you time.					</p>
			<h2>Closeness & skin comfort</h2>		
		Lorem ipsum dolor sit amet, consectetur adipisicing elit, sed do eiusmod tempor incididunt ut labore et dolore magna aliqua. Ut enim ad minim veniam, quis nostrud exercitation ullamco laboris nisi ut aliquip ex ea commodo consequat. 		
			<h2>Wet or dry shaving experience</h2>		
		Lorem ipsum dolor sit amet, consectetur adipisicing elit, sed do eiusmod tempor incididunt ut labore et dolore magna aliqua. Ut enim ad minim veniam, quis nostrud exercitation ullamco laboris nisi ut aliquip ex ea commodo consequat. 		
			<h2>Fascinating design</h2>		
		Lorem ipsum dolor sit amet, consectetur adipisicing elit, sed do eiusmod tempor incididunt ut labore et dolore magna aliqua. Ut enim ad minim veniam, quis nostrud exercitation ullamco laboris nisi ut aliquip ex ea commodo consequat. more features		
			<h2>Get a perfect shave</h2>		
			<figure><img width="170" height="190" src="https://demo2wpopal.b-cdn.net/smartic/wp-content/uploads/2021/04/home-6_bn-4.png" alt="" loading="lazy" /></figure><h3>Easy to rinse clean</h3><p>Incididunt ut labore et dolore magna aliqua. Ut enim ad minim veniam</p>		
			<figure><img width="170" height="190" src="https://demo2wpopal.b-cdn.net/smartic/wp-content/uploads/2021/04/home-6_bn-5.png" alt="" loading="lazy" /></figure><h3>Easy maintenance</h3><p>Incididunt ut labore et dolore magna aliqua. Ut enim ad minim veniam</p>		
			<figure><img width="170" height="190" src="https://demo2wpopal.b-cdn.net/smartic/wp-content/uploads/2021/04/home-6_bn-6.png" alt="" loading="lazy" /></figure><h3>Replace with 1 click</h3><p>Incididunt ut labore et dolore magna aliqua. Ut enim ad minim veniam</p>		
												<img width="382" height="430" src="https://demo2wpopal.b-cdn.net/smartic/wp-content/uploads/2021/04/home19_img1.png" alt="" loading="lazy" srcset="https://demo2wpopal.b-cdn.net/smartic/wp-content/uploads/2021/04/home19_img1.png 382w, https://demo2wpopal.b-cdn.net/smartic/wp-content/uploads/2021/04/home19_img1-267x300.png 267w" sizes="(max-width: 382px) 100vw, 382px" />														
		[rev_slider alias="niche_06_dimensions" slidertitle="Home 19 dimensions"][/rev_slider]testimonials 		
			<h2>User Reviews</h2>		
                <img width="300" height="360" src="https://demo2wpopal.b-cdn.net/smartic/wp-content/uploads/2020/10/box-1.jpg" alt="Smartic" decoding="async" loading="lazy" srcset="https://demo2wpopal.b-cdn.net/smartic/wp-content/uploads/2020/10/box-1.jpg 300w, https://demo2wpopal.b-cdn.net/smartic/wp-content/uploads/2020/10/box-1-250x300.jpg 250w" sizes="(max-width: 300px) 100vw, 300px" />            
                                                Chrissy        From Fresno, Ca
                                                    Really great shaver!!!                                                
                                                    "My son loves it. It seems like it's more fun for him. Maybe because of the smoother ride. It's also way more comfortable for my husband and I. Nomore picking up the stroller for uneven sidewalk. It may not be the most expensive jogging stroller"                                                
                <img width="300" height="360" src="https://demo2wpopal.b-cdn.net/smartic/wp-content/uploads/2020/10/box-4.jpg" alt="Smartic" decoding="async" loading="lazy" srcset="https://demo2wpopal.b-cdn.net/smartic/wp-content/uploads/2020/10/box-4.jpg 300w, https://demo2wpopal.b-cdn.net/smartic/wp-content/uploads/2020/10/box-4-250x300.jpg 250w" sizes="(max-width: 300px) 100vw, 300px" />            
                                                Sarach        From Fresno, Ca
                                                    Close,comfortab shave                                                
                                                    "I wanted a stroller for me and my baby that was easy to take around and workout with. I would recommend buying a stroller like this for multiple uses. My older kids are able to help me because it has a wrist strap so it won't get away"                                                
                <img width="645" height="540" src="https://demo2wpopal.b-cdn.net/smartic/wp-content/uploads/2020/10/h9_bg-1.jpg" alt="Smartic" decoding="async" loading="lazy" srcset="https://demo2wpopal.b-cdn.net/smartic/wp-content/uploads/2020/10/h9_bg-1.jpg 645w, https://demo2wpopal.b-cdn.net/smartic/wp-content/uploads/2020/10/h9_bg-1-300x251.jpg 300w, https://demo2wpopal.b-cdn.net/smartic/wp-content/uploads/2020/10/h9_bg-1-500x419.jpg 500w" sizes="(max-width: 645px) 100vw, 645px" />            
                                                Rudol        From Fresno, Ca
                                                    Great quality for the price.                                                
                                                    "Maybe it's just me, but it doesn't cut as deep as I wanted it to. Don't be afraid of pressing into your skin. I recommend using it for general body hair where it's time-consuming to use a normal razor. For the face, I recommend a regular razor "                                                
												<img width="234" height="390" src="https://demo2wpopal.b-cdn.net/smartic/wp-content/uploads/2021/04/h19_img.png" alt="" loading="lazy" srcset="https://demo2wpopal.b-cdn.net/smartic/wp-content/uploads/2021/04/h19_img.png 234w, https://demo2wpopal.b-cdn.net/smartic/wp-content/uploads/2021/04/h19_img-180x300.png 180w" sizes="(max-width: 234px) 100vw, 234px" />														
			<h2>What’s in the box?</h2>		
					<ul>
							<li>
											<a href="#">
											eShaver
											</a>
									</li>
								<li>
											<a href="#">
											3 sets colour panels
											</a>
									</li>
								<li>
											<a href="#">
											Glass Carafe
											</a>
									</li>
								<li>
											<a href="#">
											Instruction manual
											</a>
									</li>
						</ul>
			<h2>Are you ready to buy</h2>		
			<a href="https://demo2wpopal.b-cdn.net/smartic/product/the-worlds-most-efficient-shaver/" role="button">
						Shop Now
					</a>
		Or Call us at<a style="color:#efe54c;" href="tel:8441800333558">+844 - 1800 333 558</a>]]></content:encoded>
  <excerpt:encoded><![CDATA[]]></excerpt:encoded>
  <wp:post_id>9018</wp:post_id>
  <wp:post_date>2021-04-06 03:47:32</wp:post_date>
  <wp:post_date_gmt>2021-04-06 03:47:32</wp:post_date_gmt>
  <wp:post_modified>2023-04-18 04:27:46</wp:post_modified>
  <wp:post_modified_gmt>2023-04-18 04:27:46</wp:post_modified_gmt>
  <wp:comment_status>closed</wp:comment_status>
  <wp:ping_status>closed</wp:ping_status>
  <wp:post_name>home-19</wp:post_name>
  <wp:status>publish</wp:status>
  <wp:post_parent>0</wp:post_parent>
  <wp:menu_order>0</wp:menu_order>
  <wp:post_type>page</wp:post_type>
  <wp:post_password/>
  <wp:is_sticky>0</wp:is_sticky>
  <wp:postmeta>
    <wp:meta_key>inline_featured_image</wp:meta_key>
    <wp:meta_value><![CDATA[0]]></wp:meta_value>
  </wp:postmeta>
  <wp:postmeta>
    <wp:meta_key>_wp_page_template</wp:meta_key>
    <wp:meta_value><![CDATA[template-homepage.php]]></wp:meta_value>
  </wp:postmeta>
  <wp:postmeta>
    <wp:meta_key>_edit_last</wp:meta_key>
    <wp:meta_value><![CDATA[11]]></wp:meta_value>
  </wp:postmeta>
  <wp:postmeta>
    <wp:meta_key>_yoast_wpseo_estimated-reading-time-minutes</wp:meta_key>
    <wp:meta_value><![CDATA[6]]></wp:meta_value>
  </wp:postmeta>
  <wp:postmeta>
    <wp:meta_key>_elementor_edit_mode</wp:meta_key>
    <wp:meta_value><![CDATA[builder]]></wp:meta_value>
  </wp:postmeta>
  <wp:postmeta>
    <wp:meta_key>_elementor_template_type</wp:meta_key>
    <wp:meta_value><![CDATA[wp-page]]></wp:meta_value>
  </wp:postmeta>
  <wp:postmeta>
    <wp:meta_key>_elementor_version</wp:meta_key>
    <wp:meta_value><![CDATA[3.12.1]]></wp:meta_value>
  </wp:postmeta>
  <wp:postmeta>
    <wp:meta_key>_elementor_pro_version</wp:meta_key>
    <wp:meta_value><![CDATA[3.12.2]]></wp:meta_value>
  </wp:postmeta>
  <wp:postmeta>
    <wp:meta_key>_elementor_data</wp:meta_key>
    <wp:meta_value><![CDATA[[{"id":"7bfe9546","elType":"section","settings":{"stretch_section":"section-stretched","layout":"full_width","gap":"no","content_delay_time":"0.50","html_tag":"div"},"elements":[{"id":"2b8c2677","elType":"column","settings":{"_column_size":100},"elements":[{"id":"955ed6d","elType":"widget","settings":{"revslidertitle":"Home 19 Eshaver","shortcode":"[rev_slider alias=\"niche_06_slide_eshaver\" slidertitle=\"Home 19 Eshaver\"][\/rev_slider]"},"elements":[],"widgetType":"slider_revolution"}],"isInner":false}],"isInner":false},{"id":"2484890","elType":"section","settings":{"stretch_section":"section-stretched","gap":"no","custom_height":{"unit":"px","size":780,"sizes":[]},"structure":"30","content_delay_time":"0.50","osf_section_parallax_layer":[{"osf_section_parallax_item_style":"image","osf_section_parallax_item_svg_style":"1","osf_section_parallax_item_svg_color_type":"custom","osf_section_parallax_item_svg_width":{"size":100,"unit":"%"},"osf_section_parallax_item_svg_rotate":{"size":0,"unit":"deg"},"osf_section_parallax_image":{"url":"https:\/\/demo2.wpopal.com\/strollik5\/wp-content\/uploads\/2019\/05\/home-6_img-1.png","id":502},"osf_section_parallax_position_h":{"unit":"%","size":44},"osf_section_parallax_position_v":{"unit":"%","size":13},"osf_section_parallax_background_size":"auto","osf_section_parallax_z_index":1,"osf_section_parallax_rate":-10,"_id":"88912cc"}],"background_background":"gradient","background_image":{"id":9023,"url":"https:\/\/demo2wpopal.b-cdn.net\/smartic\/wp-content\/uploads\/2021\/04\/home6_eshaver_bg1.jpg"},"background_position":"center right","background_repeat":"no-repeat","background_bg_width":{"unit":"px","size":960,"sizes":[]},"padding":{"unit":"px","top":"0","right":"30","bottom":"0","left":"30","isLinked":false},"background_position_mobile":"top left","background_size_mobile":"cover","margin_tablet":{"unit":"px","top":"0","right":0,"bottom":"0","left":0,"isLinked":true},"padding_tablet":{"unit":"px","top":"0","right":"0","bottom":"0","left":"0","isLinked":true},"content_position":"middle","background_color":"#112E70","background_color_stop":{"unit":"%","size":50,"sizes":[]},"background_color_b":"#6DC0EA","background_gradient_angle":{"unit":"deg","size":110,"sizes":[]},"background_overlay_background":"gradient","background_overlay_color":"#FFFFFF","background_overlay_color_stop":{"unit":"%","size":50,"sizes":[]},"background_overlay_color_b":"#F2295B00","background_overlay_color_b_stop":{"unit":"%","size":50,"sizes":[]},"background_overlay_gradient_angle":{"unit":"deg","size":90,"sizes":[]},"background_overlay_opacity":{"unit":"px","size":1,"sizes":[]},"html_tag":"div"},"elements":[{"id":"7405729d","elType":"column","settings":{"_column_size":33,"_inline_size":null,"background_background":"classic","background_color":"#ffffff","padding":{"unit":"px","top":"130","right":"0","bottom":"170","left":"0","isLinked":false},"_inline_size_tablet":50,"padding_tablet":{"unit":"px","top":"80","right":"30","bottom":"80","left":"30","isLinked":false},"padding_mobile":{"unit":"px","top":"60","right":"15","bottom":"60","left":"15","isLinked":false},"align_mobile":"center"},"elements":[{"id":"64e6e414","elType":"widget","settings":{"title":"The World\u2019s most efficient shaver.","title_color":"#000000","typography_typography":"custom","typography_font_size":{"unit":"px","size":50},"typography_font_weight":"900","typography_line_height":{"unit":"px","size":50},"typography_letter_spacing":{"unit":"px","size":""},"_margin":{"unit":"px","top":"0","right":"0","bottom":"20","left":"0","isLinked":false},"_animation":"opal-move-right","_animation_delay":100,"_margin_mobile":{"unit":"px","top":"0","right":"0","bottom":"20","left":"0","isLinked":false},"animation_duration":"fast","align_mobile":"center","typography_font_size_tablet":{"unit":"px","size":36,"sizes":[]},"typography_font_size_mobile":{"unit":"px","size":32,"sizes":[]},"typography_line_height_tablet":{"unit":"px","size":36,"sizes":[]},"_element_width":"initial","_element_custom_width":{"unit":"px","size":390,"sizes":[]}},"elements":[],"widgetType":"heading"},{"id":"3db71024","elType":"widget","settings":{"editor":"<p>Lorem ipsum dolor sit amet, consectetur adipisicing elit, sed do eiusmod tempor incididunt ut labore et dolore magna aliqua. Ut enim ad minim veniam, quis nostrud exercitation ullamco laboris nisi ut aliquip ex ea commodo consequat. Duis aute irure dolor in reprehenderit in voluptate velit esse cillum dolore eu fugiat nulla pariatur. Excepteur sint occaecat cupidatat non proident, sunt in culpa qui officia deserunt mollit anim id est laborum.<\/p>","_margin":{"unit":"px","top":"0","right":"0","bottom":"40","left":"0","isLinked":false},"_animation":"opal-move-right","_animation_delay":200,"_margin_mobile":{"unit":"px","top":"0","right":"0","bottom":"0","left":"0","isLinked":false},"animation_duration":"fast","align_mobile":"center","_element_width_mobile":"initial","_element_custom_width_mobile":{"unit":"px","size":400,"sizes":[]}},"elements":[],"widgetType":"text-editor"},{"id":"95b703f","elType":"widget","settings":{"text":"View Features","align_mobile":"center","_animation":"opal-move-right","animation_duration":"fast"},"elements":[],"widgetType":"button"}],"isInner":false},{"id":"7493d22e","elType":"column","settings":{"_column_size":33,"_inline_size":null,"background_background":"gradient","background_color":"#ffffff","background_color_stop":{"unit":"%","size":50,"sizes":[]},"background_color_b":"rgba(242,41,91,0)","background_color_b_stop":{"unit":"%","size":50,"sizes":[]},"background_gradient_angle":{"unit":"deg","size":90,"sizes":[]},"_inline_size_tablet":25,"hide_tablet":"hidden-tablet","hide_mobile":"hidden-phone"},"elements":[{"id":"1a6daacd","elType":"widget","settings":{"image":{"id":9022,"url":"https:\/\/demo2wpopal.b-cdn.net\/smartic\/wp-content\/uploads\/2021\/04\/home-6_img-1.png"},"image_size":"full"},"elements":[],"widgetType":"image"}],"isInner":false},{"id":"6abe122d","elType":"column","settings":{"_column_size":33,"_inline_size":null,"background_background":"classic","background_color_stop":{"unit":"%","size":50,"sizes":[]},"background_color_b":"#112e70","background_color_b_stop":{"unit":"%","size":50,"sizes":[]},"background_gradient_angle":{"unit":"deg","size":-45,"sizes":[]},"padding":{"unit":"px","top":"120","right":"0","bottom":"120","left":"15","isLinked":false},"_inline_size_tablet":50,"padding_tablet":{"unit":"px","top":"80","right":"30","bottom":"80","left":"30","isLinked":false},"padding_mobile":{"unit":"px","top":"60","right":"15","bottom":"60","left":"15","isLinked":false},"hide_mobile":"hidden-phone"},"elements":[{"id":"13761461","elType":"widget","settings":{"icon":"opal-icon-braking","title_text":"Turbo-powered","description_text":"10% extra power boost to get through the dense parts of beards faster. ","position":"left","primary_color":"#ffffff","icon_size":{"unit":"px","size":30,"sizes":[]},"title_bottom_space":{"unit":"px","size":5,"sizes":[]},"title_color":"#ffffff","title_typography_typography":"custom","title_typography_font_size":{"unit":"px","size":18,"sizes":[]},"description_color":"#ffffff","_margin":{"unit":"px","top":"0","right":"0","bottom":"30","left":"0","isLinked":false},"_animation":"opal-move-left","animation_duration":"fast","selected_icon":{"value":"smartic-icon- smartic-icon-turbo","library":"smartic-icon-new"},"__fa4_migrated":{"selected_icon":true},"view":"framed","icon_padding":{"unit":"px","size":10,"sizes":[]},"border_width":{"unit":"px","top":"2","right":"2","bottom":"2","left":"2","isLinked":true},"title_typography_font_weight":"600"},"elements":[],"widgetType":"icon-box"},{"id":"3d03f3d","elType":"widget","settings":{"icon":"opal-icon-blade","title_text":"MultiPrecision blade system","description_text":"Get a shave that\u2019s fast and close, raising and cutting hairs and remaining stubble in just a few strokes.","position":"left","primary_color":"#ffffff","icon_size":{"unit":"px","size":30,"sizes":[]},"title_bottom_space":{"unit":"px","size":5,"sizes":[]},"title_color":"#ffffff","title_typography_typography":"custom","title_typography_font_size":{"unit":"px","size":18,"sizes":[]},"description_color":"#ffffff","_margin":{"unit":"px","top":"0","right":"0","bottom":"30","left":"0","isLinked":false},"_animation":"opal-move-left","animation_duration":"fast","selected_icon":{"value":"smartic-icon- smartic-icon-blade","library":"smartic-icon-new"},"view":"framed","icon_padding":{"unit":"px","size":10,"sizes":[]},"border_width":{"unit":"px","top":"2","right":"2","bottom":"2","left":"2","isLinked":true},"__fa4_migrated":{"selected_icon":true},"title_typography_font_weight":"600"},"elements":[],"widgetType":"icon-box"},{"id":"65eabd2a","elType":"widget","settings":{"icon":"opal-icon-comfort","title_text":"Personal comfort settings","description_text":"Choose between 3 modes to customize your shave: Sensitive, normal or fast \u2013 for a quick shave that saves you time.","position":"left","primary_color":"#ffffff","icon_size":{"unit":"px","size":30,"sizes":[]},"title_bottom_space":{"unit":"px","size":5,"sizes":[]},"title_color":"#ffffff","title_typography_typography":"custom","title_typography_font_size":{"unit":"px","size":18,"sizes":[]},"description_color":"#ffffff","_animation":"opal-move-left","animation_duration":"fast","selected_icon":{"value":"smartic-icon- smartic-icon-saver","library":"smartic-icon-new"},"view":"framed","icon_padding":{"unit":"px","size":10,"sizes":[]},"border_width":{"unit":"px","top":"2","right":"2","bottom":"2","left":"2","isLinked":true},"__fa4_migrated":{"selected_icon":true},"title_typography_font_weight":"600"},"elements":[],"widgetType":"icon-box"}],"isInner":false}],"isInner":false},{"id":"e0d1ca6","elType":"section","settings":{"stretch_section":"section-stretched","gap":"no","custom_height":{"unit":"px","size":780,"sizes":[]},"structure":"20","content_delay_time":"0.50","osf_section_parallax_layer":[{"osf_section_parallax_item_style":"image","osf_section_parallax_item_svg_style":"1","osf_section_parallax_item_svg_color_type":"custom","osf_section_parallax_item_svg_width":{"size":100,"unit":"%"},"osf_section_parallax_item_svg_rotate":{"size":0,"unit":"deg"},"osf_section_parallax_image":{"url":"https:\/\/demo2.wpopal.com\/strollik5\/wp-content\/uploads\/2019\/05\/home-6_img-1.png","id":502},"osf_section_parallax_position_h":{"unit":"%","size":44},"osf_section_parallax_position_v":{"unit":"%","size":13},"osf_section_parallax_background_size":"auto","osf_section_parallax_z_index":1,"osf_section_parallax_rate":-10,"_id":"88912cc"}],"background_background":"gradient","background_image":{"id":9023,"url":"https:\/\/demo2wpopal.b-cdn.net\/smartic\/wp-content\/uploads\/2021\/04\/home6_eshaver_bg1.jpg"},"background_position":"center right","background_repeat":"no-repeat","background_bg_width":{"unit":"px","size":960,"sizes":[]},"padding":{"unit":"px","top":"0","right":"30","bottom":"0","left":"30","isLinked":false},"background_position_mobile":"top left","background_size_mobile":"cover","margin_tablet":{"unit":"px","top":"0","right":0,"bottom":"0","left":0,"isLinked":true},"padding_tablet":{"unit":"px","top":"0","right":"0","bottom":"0","left":"0","isLinked":true},"content_position":"middle","background_color":"#112E70","background_color_stop":{"unit":"%","size":50,"sizes":[]},"background_color_b":"#6DC0EA","background_gradient_angle":{"unit":"deg","size":110,"sizes":[]},"background_overlay_background":"classic","background_overlay_color_stop":{"unit":"%","size":50,"sizes":[]},"background_overlay_color_b":"#F2295B00","background_overlay_color_b_stop":{"unit":"%","size":50,"sizes":[]},"background_overlay_gradient_angle":{"unit":"deg","size":90,"sizes":[]},"background_overlay_opacity":{"unit":"px","size":1,"sizes":[]},"hide_desktop":"hidden-desktop","hide_tablet":"hidden-tablet","html_tag":"div"},"elements":[{"id":"5720ec2","elType":"column","settings":{"_column_size":50,"_inline_size":null,"background_background":"gradient","background_color":"#ffffff","background_color_stop":{"unit":"%","size":50,"sizes":[]},"background_color_b":"rgba(242,41,91,0)","background_color_b_stop":{"unit":"%","size":50,"sizes":[]},"background_gradient_angle":{"unit":"deg","size":90,"sizes":[]},"padding":{"unit":"px","top":"40","right":"0","bottom":"40","left":"0","isLinked":false},"_inline_size_tablet":25},"elements":[{"id":"6255bd4","elType":"widget","settings":{"image":{"id":9022,"url":"https:\/\/demo2wpopal.b-cdn.net\/smartic\/wp-content\/uploads\/2021\/04\/home-6_img-1.png"},"image_size":"full","width_mobile":{"unit":"px","size":150,"sizes":[]}},"elements":[],"widgetType":"image"}],"isInner":false},{"id":"0ec31e7","elType":"column","settings":{"_column_size":50,"_inline_size":null,"background_background":"classic","background_color_stop":{"unit":"%","size":50,"sizes":[]},"background_color_b":"#112e70","background_color_b_stop":{"unit":"%","size":50,"sizes":[]},"background_gradient_angle":{"unit":"deg","size":-45,"sizes":[]},"padding":{"unit":"px","top":"210","right":"0","bottom":"120","left":"15","isLinked":false},"_inline_size_tablet":50,"padding_tablet":{"unit":"px","top":"80","right":"30","bottom":"80","left":"30","isLinked":false},"padding_mobile":{"unit":"px","top":"60","right":"15","bottom":"60","left":"15","isLinked":false},"align_mobile":"center"},"elements":[{"id":"30bfb6b","elType":"widget","settings":{"icon":"opal-icon-braking","title_text":"Turbo-powered","description_text":"10% extra power boost to get through the dense parts of beards faster. ","position":"left","primary_color":"#ffffff","icon_size":{"unit":"px","size":30,"sizes":[]},"title_bottom_space":{"unit":"px","size":5,"sizes":[]},"title_color":"#ffffff","title_typography_typography":"custom","title_typography_font_size":{"unit":"px","size":18,"sizes":[]},"description_color":"#ffffff","_margin":{"unit":"px","top":"0","right":"0","bottom":"30","left":"0","isLinked":false},"_animation":"opal-move-left","animation_duration":"fast","selected_icon":{"value":"smartic-icon- smartic-icon-turbo","library":"smartic-icon-new"},"__fa4_migrated":{"selected_icon":true},"view":"framed","icon_space_mobile":{"unit":"px","size":0,"sizes":[]},"icon_padding":{"unit":"px","size":10,"sizes":[]},"border_width":{"unit":"px","top":"2","right":"2","bottom":"2","left":"2","isLinked":true},"_element_width_mobile":"initial","_element_custom_width_mobile":{"unit":"px","size":400,"sizes":[]}},"elements":[],"widgetType":"icon-box"},{"id":"3b40080","elType":"widget","settings":{"icon":"opal-icon-blade","title_text":"MultiPrecision blade system","description_text":"Get a shave that\u2019s fast and close, raising and cutting hairs and remaining stubble in just a few strokes.","position":"left","primary_color":"#ffffff","icon_size":{"unit":"px","size":30,"sizes":[]},"title_bottom_space":{"unit":"px","size":5,"sizes":[]},"title_color":"#ffffff","title_typography_typography":"custom","title_typography_font_size":{"unit":"px","size":18,"sizes":[]},"description_color":"#ffffff","_margin":{"unit":"px","top":"0","right":"0","bottom":"30","left":"0","isLinked":false},"_animation":"opal-move-left","animation_duration":"fast","selected_icon":{"value":"smartic-icon- smartic-icon-blade","library":"smartic-icon-new"},"view":"framed","icon_space_mobile":{"unit":"px","size":0,"sizes":[]},"icon_padding":{"unit":"px","size":10,"sizes":[]},"border_width":{"unit":"px","top":"2","right":"2","bottom":"2","left":"2","isLinked":true},"_element_width_mobile":"initial","_element_custom_width_mobile":{"unit":"px","size":400,"sizes":[]},"__fa4_migrated":{"selected_icon":true}},"elements":[],"widgetType":"icon-box"},{"id":"545276b","elType":"widget","settings":{"icon":"opal-icon-comfort","title_text":"Personal comfort settings","description_text":"Choose between 3 modes to customize your shave: Sensitive, normal or fast \u2013 for a quick shave that saves you time.","position":"left","primary_color":"#ffffff","icon_size":{"unit":"px","size":30,"sizes":[]},"title_bottom_space":{"unit":"px","size":5,"sizes":[]},"title_color":"#ffffff","title_typography_typography":"custom","title_typography_font_size":{"unit":"px","size":18,"sizes":[]},"description_color":"#ffffff","_animation":"opal-move-left","animation_duration":"fast","selected_icon":{"value":"smartic-icon- smartic-icon-saver","library":"smartic-icon-new"},"view":"framed","icon_space_mobile":{"unit":"px","size":0,"sizes":[]},"icon_padding":{"unit":"px","size":10,"sizes":[]},"border_width":{"unit":"px","top":"2","right":"2","bottom":"2","left":"2","isLinked":true},"_element_width_mobile":"initial","_element_custom_width_mobile":{"unit":"px","size":400,"sizes":[]},"__fa4_migrated":{"selected_icon":true}},"elements":[],"widgetType":"icon-box"}],"isInner":false}],"isInner":false},{"id":"54ed5be3","elType":"section","settings":{"stretch_section":"section-stretched","gap":"no","structure":"20","content_delay_time":"0.50","background_background":"classic","background_image":{"id":9024,"url":"https:\/\/demo2wpopal.b-cdn.net\/smartic\/wp-content\/uploads\/2021\/04\/home-6_bn-1.jpg"},"background_position":"top left","background_repeat":"no-repeat","background_hover_background":"classic","background_hover_position":"bottom left","background_hover_repeat":"no-repeat","background_position_mobile":"initial","background_xpos_mobile":{"unit":"%","size":1000,"sizes":[]},"html_tag":"div"},"elements":[{"id":"23fa4813","elType":"column","settings":{"_column_size":50,"space_between_widgets":0,"background_background":"classic","content_position":"center"},"elements":[],"isInner":false},{"id":"2418c8c5","elType":"column","settings":{"_column_size":50,"_inline_size":null,"content_position":"center","space_between_widgets":0,"background_background":"classic","background_color":"#ffffff","padding":{"unit":"px","top":"120","right":"0","bottom":"125","left":"160","isLinked":false},"padding_tablet":{"unit":"px","top":"70","right":"30","bottom":"60","left":"30","isLinked":false},"padding_mobile":{"unit":"px","top":"60","right":"15","bottom":"40","left":"15","isLinked":false},"align_mobile":"center"},"elements":[{"id":"31353e92","elType":"widget","settings":{"title":"Closeness & skin comfort","title_color":"#000000","typography_typography":"custom","typography_font_size":{"unit":"px","size":30},"typography_font_weight":"600","typography_line_height":{"unit":"px","size":""},"typography_letter_spacing":{"unit":"px","size":""},"_margin":{"unit":"px","top":"0","right":"0","bottom":"30","left":"0","isLinked":false},"_animation":"opal-move-left","animation_duration":"fast","align_mobile":"center","typography_font_size_mobile":{"unit":"px","size":24,"sizes":[]},"_margin_mobile":{"unit":"px","top":"0","right":"0","bottom":"15","left":"0","isLinked":false}},"elements":[],"widgetType":"heading"},{"id":"a9d3785","elType":"widget","settings":{"editor":"Lorem ipsum dolor sit amet, consectetur adipisicing elit, sed do eiusmod tempor incididunt ut labore et dolore magna aliqua. Ut enim ad minim veniam, quis nostrud exercitation ullamco laboris nisi ut aliquip ex ea commodo consequat. ","_animation":"opal-move-left","_animation_delay":100,"animation_duration":"fast","align_mobile":"center","_element_width_mobile":"initial","_element_custom_width_mobile":{"unit":"px","size":400,"sizes":[]}},"elements":[],"widgetType":"text-editor"}],"isInner":false}],"isInner":false},{"id":"381fd2d2","elType":"section","settings":{"stretch_section":"section-stretched","gap":"no","structure":"20","content_delay_time":"0.50","background_background":"classic","background_image":{"id":9025,"url":"https:\/\/demo2wpopal.b-cdn.net\/smartic\/wp-content\/uploads\/2021\/04\/home-6_bn-2.jpg"},"background_position":"top right","background_repeat":"no-repeat","reverse_order_mobile":"reverse-mobile","background_hover_background":"classic","background_hover_position":"bottom right","background_hover_repeat":"no-repeat","background_position_mobile":"initial","background_xpos_mobile":{"unit":"%","size":1000,"sizes":[]},"html_tag":"div"},"elements":[{"id":"22d94955","elType":"column","settings":{"_column_size":50,"_inline_size":null,"content_position":"center","space_between_widgets":0,"background_background":"classic","background_color":"#ffffff","padding":{"unit":"px","top":"120","right":"170","bottom":"125","left":"0","isLinked":false},"padding_tablet":{"unit":"px","top":"70","right":"30","bottom":"60","left":"30","isLinked":false},"padding_mobile":{"unit":"px","top":"0","right":"15","bottom":"40","left":"15","isLinked":false},"align_mobile":"center"},"elements":[{"id":"17b0f714","elType":"widget","settings":{"title":"Wet or dry shaving experience","title_color":"#000000","typography_typography":"custom","typography_font_size":{"unit":"px","size":30},"typography_font_weight":"600","typography_line_height":{"unit":"px","size":""},"typography_letter_spacing":{"unit":"px","size":""},"_margin":{"unit":"px","top":"0","right":"0","bottom":"30","left":"0","isLinked":false},"_animation":"opal-move-right","animation_duration":"fast","align_mobile":"center","typography_font_size_mobile":{"unit":"px","size":24,"sizes":[]},"_margin_mobile":{"unit":"px","top":"0","right":"0","bottom":"15","left":"0","isLinked":false}},"elements":[],"widgetType":"heading"},{"id":"63c0d922","elType":"widget","settings":{"editor":"Lorem ipsum dolor sit amet, consectetur adipisicing elit, sed do eiusmod tempor incididunt ut labore et dolore magna aliqua. Ut enim ad minim veniam, quis nostrud exercitation ullamco laboris nisi ut aliquip ex ea commodo consequat. ","_animation":"opal-move-right","_animation_delay":100,"animation_duration":"fast","align_mobile":"center","_element_width_mobile":"initial","_element_custom_width_mobile":{"unit":"px","size":400,"sizes":[]}},"elements":[],"widgetType":"text-editor"}],"isInner":false},{"id":"52e85104","elType":"column","settings":{"_column_size":50,"space_between_widgets":0,"background_background":"classic","content_position":"center"},"elements":[],"isInner":false}],"isInner":false},{"id":"2d2e38d5","elType":"section","settings":{"stretch_section":"section-stretched","gap":"no","structure":"20","content_delay_time":"0.50","background_background":"classic","background_image":{"id":9026,"url":"https:\/\/demo2wpopal.b-cdn.net\/smartic\/wp-content\/uploads\/2021\/04\/home-6_bn-3.jpg"},"background_position":"top left","background_repeat":"no-repeat","background_hover_background":"classic","background_hover_position":"bottom left","background_hover_repeat":"no-repeat","background_position_mobile":"initial","background_xpos_mobile":{"unit":"%","size":1000,"sizes":[]},"html_tag":"div"},"elements":[{"id":"7d5cd5f4","elType":"column","settings":{"_column_size":50,"space_between_widgets":0,"background_background":"classic","content_position":"center"},"elements":[],"isInner":false},{"id":"5cf3e966","elType":"column","settings":{"_column_size":50,"_inline_size":null,"content_position":"center","space_between_widgets":0,"background_background":"classic","background_color":"#ffffff","padding":{"unit":"px","top":"120","right":"10","bottom":"125","left":"160","isLinked":false},"padding_tablet":{"unit":"px","top":"70","right":"30","bottom":"60","left":"30","isLinked":false},"padding_mobile":{"unit":"px","top":"0","right":"15","bottom":"60","left":"15","isLinked":false},"align_mobile":"center"},"elements":[{"id":"6e603454","elType":"widget","settings":{"title":"Fascinating design","title_color":"#000000","typography_typography":"custom","typography_font_size":{"unit":"px","size":30},"typography_font_weight":"600","typography_line_height":{"unit":"px","size":""},"typography_letter_spacing":{"unit":"px","size":""},"_margin":{"unit":"px","top":"0","right":"0","bottom":"30","left":"0","isLinked":false},"_animation":"opal-move-left","animation_duration":"fast","align_mobile":"center","typography_font_size_mobile":{"unit":"px","size":24,"sizes":[]},"_margin_mobile":{"unit":"px","top":"0","right":"0","bottom":"15","left":"0","isLinked":false}},"elements":[],"widgetType":"heading"},{"id":"12d854fd","elType":"widget","settings":{"editor":"Lorem ipsum dolor sit amet, consectetur adipisicing elit, sed do eiusmod tempor incididunt ut labore et dolore magna aliqua. Ut enim ad minim veniam, quis nostrud exercitation ullamco laboris nisi ut aliquip ex ea commodo consequat. ","_animation":"opal-move-left","_animation_delay":100,"animation_duration":"fast","align_mobile":"center","_element_width_mobile":"initial","_element_custom_width_mobile":{"unit":"px","size":400,"sizes":[]}},"elements":[],"widgetType":"text-editor"}],"isInner":false}],"isInner":false},{"id":"6c10cc56","elType":"section","settings":{"stretch_section":"section-stretched","gap":"no","content_delay_time":"0.50","background_background":"classic","background_color":"#fafafa","padding":{"unit":"px","top":"100","right":"15","bottom":"100","left":"15","isLinked":false},"padding_mobile":{"unit":"px","top":"60","right":"15","bottom":"60","left":"15","isLinked":false},"html_tag":"div"},"elements":[{"id":"12800ff","elType":"column","settings":{"_column_size":100,"_inline_size":null,"space_between_widgets":0},"elements":[{"id":"6e731d5","elType":"widget","settings":{"editor":"more features","align":"center","typography_typography":"custom","typography_font_size":{"unit":"px","size":14,"sizes":[]},"typography_font_weight":"600","typography_text_transform":"uppercase","typography_letter_spacing":{"unit":"px","size":5.5999999999999996447286321199499070644378662109375,"sizes":[]},"__globals__":{"text_color":"globals\/colors?id=text"},"_margin":{"unit":"px","top":"0","right":"0","bottom":"10","left":"0","isLinked":false},"typography_font_size_mobile":{"unit":"px","size":13,"sizes":[]},"typography_letter_spacing_mobile":{"unit":"px","size":5,"sizes":[]},"_margin_tablet":{"unit":"px","top":"0","right":"0","bottom":"5","left":"0","isLinked":false},"_animation":"opal-move-up","animation_duration":"fast"},"elements":[],"widgetType":"text-editor"},{"id":"68a1f07","elType":"widget","settings":{"title":"Get a perfect shave","title_color":"#000000","typography_typography":"custom","typography_font_size":{"unit":"px","size":50},"typography_line_height":{"unit":"px","size":60},"typography_letter_spacing":{"unit":"px","size":""},"_margin":{"unit":"px","top":"0","right":"0","bottom":"50","left":"0","isLinked":false},"align":"center","typography_font_size_mobile":{"unit":"px","size":32},"_animation":"opal-move-up","sub_title":"testimonials","sub_title_color":"#999999","subtitle_typography_typography":"custom","subtitle_typography_font_weight":"600","subtitle_typography_letter_spacing":{"unit":"px","size":5.5999999999999996447286321199499070644378662109375,"sizes":[]},"_margin_tablet":{"unit":"px","top":"0","right":"0","bottom":"40","left":"0","isLinked":false},"animation_duration":"fast","typography_font_weight":"700","typography_font_size_tablet":{"unit":"px","size":36,"sizes":[]},"typography_line_height_tablet":{"unit":"px","size":40,"sizes":[]},"typography_line_height_mobile":{"unit":"px","size":36,"sizes":[]}},"elements":[],"widgetType":"heading"},{"id":"3b75c4d6","elType":"section","settings":{"structure":"30","content_delay_time":"0.50","html_tag":"div"},"elements":[{"id":"28f8b535","elType":"column","settings":{"_column_size":33,"_inline_size":null,"space_between_widgets":0,"padding":{"unit":"px","top":"0","right":"0","bottom":"0","left":"0","isLinked":false},"align_mobile":"center"},"elements":[{"id":"6a218d7c","elType":"widget","settings":{"image":{"id":9027,"url":"https:\/\/demo2wpopal.b-cdn.net\/smartic\/wp-content\/uploads\/2021\/04\/home-6_bn-4.png"},"title_text":"Easy to rinse clean","description_text":"Incididunt ut labore et dolore magna aliqua. Ut enim ad minim veniam","image_space":{"unit":"px","size":30},"image_size":{"unit":"px","size":170},"title_color":"#000000","title_color_hover":"#6dc0ea","title_typography_typography":"custom","title_typography_font_size":{"unit":"px","size":20},"title_typography_font_weight":"600","title_typography_letter_spacing":{"unit":"px","size":""},"_margin":{"unit":"px","top":"0","right":"40","bottom":"0","left":"40","isLinked":false},"_animation":"opal-move-right","image_width":{"unit":"px","size":170},"image_height":{"unit":"px","size":190},"animation_duration":"fast","image_space_mobile":{"unit":"px","size":10,"sizes":[]},"_margin_mobile":{"unit":"px","top":"0","right":"0","bottom":"0","left":"0","isLinked":false},"_element_width_mobile":"initial","_element_custom_width_mobile":{"unit":"px","size":320,"sizes":[]}},"elements":[],"widgetType":"image-box"}],"isInner":true},{"id":"2f68a6df","elType":"column","settings":{"_column_size":33,"_inline_size":null,"space_between_widgets":0,"padding":{"unit":"px","top":"0","right":"0","bottom":"0","left":"0","isLinked":false},"margin_mobile":{"unit":"px","top":"40","right":"0","bottom":"0","left":"0","isLinked":false},"align_mobile":"center"},"elements":[{"id":"589c485d","elType":"widget","settings":{"image":{"id":9028,"url":"https:\/\/demo2wpopal.b-cdn.net\/smartic\/wp-content\/uploads\/2021\/04\/home-6_bn-5.png"},"title_text":"Easy maintenance","description_text":"Incididunt ut labore et dolore magna aliqua. Ut enim ad minim veniam","image_space":{"unit":"px","size":30},"image_size":{"unit":"px","size":170},"title_color":"#000000","title_color_hover":"#6dc0ea","title_typography_typography":"custom","title_typography_font_size":{"unit":"px","size":20},"title_typography_font_weight":"600","title_typography_letter_spacing":{"unit":"px","size":""},"_margin":{"unit":"px","top":"0","right":"40","bottom":"0","left":"40","isLinked":false},"_animation":"opal-move-up","image_width":{"unit":"px","size":170},"image_height":{"unit":"px","size":190},"animation_duration":"fast","image_space_mobile":{"unit":"px","size":10,"sizes":[]},"_margin_mobile":{"unit":"px","top":"0","right":"0","bottom":"0","left":"0","isLinked":false},"_element_width_mobile":"initial","_element_custom_width_mobile":{"unit":"px","size":320,"sizes":[]}},"elements":[],"widgetType":"image-box"}],"isInner":true},{"id":"32e982fb","elType":"column","settings":{"_column_size":33,"_inline_size":null,"space_between_widgets":0,"padding":{"unit":"px","top":"0","right":"0","bottom":"0","left":"0","isLinked":false},"margin_mobile":{"unit":"px","top":"40","right":"0","bottom":"0","left":"0","isLinked":false},"align_mobile":"center"},"elements":[{"id":"1143d4ad","elType":"widget","settings":{"image":{"id":9029,"url":"https:\/\/demo2wpopal.b-cdn.net\/smartic\/wp-content\/uploads\/2021\/04\/home-6_bn-6.png"},"title_text":"Replace with 1 click","description_text":"Incididunt ut labore et dolore magna aliqua. Ut enim ad minim veniam","image_space":{"unit":"px","size":30},"image_size":{"unit":"px","size":170},"title_color":"#000000","title_color_hover":"#6dc0ea","title_typography_typography":"custom","title_typography_font_size":{"unit":"px","size":20},"title_typography_font_weight":"600","title_typography_letter_spacing":{"unit":"px","size":""},"_margin":{"unit":"px","top":"0","right":"40","bottom":"0","left":"40","isLinked":false},"_animation":"opal-move-left","image_width":{"unit":"px","size":170},"image_height":{"unit":"px","size":190},"animation_duration":"fast","image_space_mobile":{"unit":"px","size":10,"sizes":[]},"_margin_mobile":{"unit":"px","top":"0","right":"0","bottom":"0","left":"0","isLinked":false},"_element_width_mobile":"initial","_element_custom_width_mobile":{"unit":"px","size":320,"sizes":[]}},"elements":[],"widgetType":"image-box"}],"isInner":true}],"isInner":true}],"isInner":false}],"isInner":false},{"id":"41f06398","elType":"section","settings":{"stretch_section":"section-stretched","layout":"full_width","gap":"no","content_delay_time":"0.50","html_tag":"div"},"elements":[{"id":"42498637","elType":"column","settings":{"_column_size":100,"space_between_widgets":0},"elements":[{"id":"1ed665d","elType":"widget","settings":{"image":{"url":"https:\/\/demo2wpopal.b-cdn.net\/smartic\/wp-content\/uploads\/2021\/04\/home19_img1.png","id":14956},"image_size":"full","width_tablet":{"unit":"%","size":60,"sizes":[]},"_z_index":2,"_animation":"opal-move-left","animation_duration":"fast","_element_width":"auto","_position":"absolute","_offset_orientation_h":"end","_offset_x_end":{"unit":"%","size":0,"sizes":[]},"_offset_x_end_tablet":{"unit":"%","size":-15,"sizes":[]},"_offset_y":{"unit":"%","size":-32,"sizes":[]},"_offset_y_tablet":{"unit":"%","size":-20,"sizes":[]},"hide_mobile":"hidden-phone"},"elements":[],"widgetType":"image"},{"id":"24a66d8","elType":"widget","settings":{"revslidertitle":"Home 19 dimensions","shortcode":"[rev_slider alias=\"niche_06_dimensions\" slidertitle=\"Home 19 dimensions\"][\/rev_slider]"},"elements":[],"widgetType":"slider_revolution"}],"isInner":false}],"isInner":false},{"id":"65e94d9d","elType":"section","settings":{"stretch_section":"section-stretched","gap":"no","content_delay_time":"0.50","background_background":"classic","background_color":"#fafafa","padding":{"unit":"px","top":"100","right":"15","bottom":"100","left":"15","isLinked":false},"margin_tablet":{"unit":"px","top":"","right":0,"bottom":"","left":0,"isLinked":true},"padding_tablet":{"unit":"px","top":"80","right":"30","bottom":"100","left":"30","isLinked":false},"padding_mobile":{"unit":"px","top":"60","right":"15","bottom":"80","left":"15","isLinked":false},"html_tag":"div"},"elements":[{"id":"529c70d0","elType":"column","settings":{"_column_size":100,"_inline_size":null,"space_between_widgets":0},"elements":[{"id":"a076d77","elType":"widget","settings":{"editor":"testimonials ","align":"center","typography_typography":"custom","typography_font_size":{"unit":"px","size":14,"sizes":[]},"typography_font_weight":"600","typography_text_transform":"uppercase","typography_letter_spacing":{"unit":"px","size":5.5999999999999996447286321199499070644378662109375,"sizes":[]},"__globals__":{"text_color":"globals\/colors?id=text"},"_margin":{"unit":"px","top":"0","right":"0","bottom":"10","left":"0","isLinked":false},"typography_font_size_mobile":{"unit":"px","size":13,"sizes":[]},"typography_letter_spacing_mobile":{"unit":"px","size":5,"sizes":[]},"_margin_tablet":{"unit":"px","top":"0","right":"0","bottom":"5","left":"0","isLinked":false},"_animation":"opal-move-up","animation_duration":"fast"},"elements":[],"widgetType":"text-editor"},{"id":"3529c8ec","elType":"widget","settings":{"title":"User Reviews","title_color":"#000000","typography_typography":"custom","typography_font_size":{"unit":"px","size":50},"typography_line_height":{"unit":"px","size":60},"typography_letter_spacing":{"unit":"px","size":""},"_margin":{"unit":"px","top":"0","right":"0","bottom":"50","left":"0","isLinked":false},"align":"center","typography_font_size_mobile":{"unit":"px","size":32},"_animation":"opal-move-up","sub_title":"testimonials","sub_title_color":"#999999","subtitle_typography_typography":"custom","subtitle_typography_font_weight":"600","subtitle_typography_letter_spacing":{"unit":"px","size":5.5999999999999996447286321199499070644378662109375,"sizes":[]},"_margin_tablet":{"unit":"px","top":"0","right":"0","bottom":"40","left":"0","isLinked":false},"animation_duration":"fast","typography_font_weight":"700","typography_font_size_tablet":{"unit":"px","size":36,"sizes":[]},"typography_line_height_tablet":{"unit":"px","size":40,"sizes":[]},"typography_line_height_mobile":{"unit":"px","size":36,"sizes":[]}},"elements":[],"widgetType":"heading"},{"id":"47fbede","elType":"widget","settings":{"testimonials":[{"_id":"dc84eaa","testimonial_content":"\"My son loves it. It seems like it's more fun for him. Maybe because of the smoother ride. It's also way more comfortable for my husband and I. Nomore picking up the stroller for uneven sidewalk. It may not be the most expensive jogging stroller\"","testimonial_name":"Chrissy","testimonial_job":"From Fresno, Ca","testimonial_rating":"4","testimonial_title":"Really great shaver!!!","testimonial_image":{"url":"https:\/\/demo2wpopal.b-cdn.net\/smartic\/wp-content\/uploads\/2020\/10\/box-1.jpg","id":2242}},{"_id":"2616d77","testimonial_content":"\"I wanted a stroller for me and my baby that was easy to take around and workout with. I would recommend buying a stroller like this for multiple uses. My older kids are able to help me because it has a wrist strap so it won't get away\"","testimonial_name":"Sarach","testimonial_job":"From Fresno, Ca","testimonial_title":"Close,comfortab shave","testimonial_image":{"url":"https:\/\/demo2wpopal.b-cdn.net\/smartic\/wp-content\/uploads\/2020\/10\/box-4.jpg","id":2252}},{"testimonial_content":"\"Maybe it's just me, but it doesn't cut as deep as I wanted it to. Don't be afraid of pressing into your skin. I recommend using it for general body hair where it's time-consuming to use a normal razor. For the face, I recommend a regular razor \"","testimonial_name":"Rudol","testimonial_job":"From Fresno, Ca","_id":"5723f5c","testimonial_title":"Great quality for the price.","testimonial_image":{"url":"https:\/\/demo2wpopal.b-cdn.net\/smartic\/wp-content\/uploads\/2020\/10\/h9_bg-1.jpg","id":4074}}],"column":"3","testimonial_style":"style4","testimonial_rating_position":"top","testimonial_rating_color":"#FDDB20","custom_css":"selector .title{\n    font-weight: 600;\n}","__globals__":{"name_text_color":"globals\/colors?id=accent"},"column_tablet":"2","enable_carousel":"yes"},"elements":[],"widgetType":"smartic-testimonials"}],"isInner":false}],"isInner":false},{"id":"20ce18ae","elType":"section","settings":{"stretch_section":"section-stretched","gap":"no","structure":"32","content_delay_time":"0.50","background_background":"classic","background_color":"#112e70","background_position":"initial","background_repeat":"no-repeat","content_width":{"unit":"px","size":1400},"schedule_end_date":"2018-11-30 00:00","z_index":0,"height":"min-height","background_image":{"id":9030,"url":"https:\/\/demo2wpopal.b-cdn.net\/smartic\/wp-content\/uploads\/2021\/04\/home6_bg_1.png"},"background_position_tablet":"initial","background_xpos":{"unit":"%","size":13,"sizes":[]},"padding_tablet":{"unit":"px","top":"80","right":"30","bottom":"0","left":"30","isLinked":false},"padding_mobile":{"unit":"px","top":"60","right":"15","bottom":"60","left":"15","isLinked":false},"overflow":"hidden","background_ypos_tablet":{"unit":"%","size":120,"sizes":[]},"background_size_tablet":"initial","background_size_mobile":"initial","background_bg_width_tablet":{"unit":"px","size":0,"sizes":[]},"background_bg_width_mobile":{"unit":"px","size":0,"sizes":[]},"margin":{"unit":"px","top":"0","right":0,"bottom":"60","left":0,"isLinked":false},"margin_mobile":{"unit":"px","top":"0","right":0,"bottom":"30","left":0,"isLinked":false},"reverse_order_tablet":"reverse-tablet","reverse_order_mobile":"reverse-mobile","margin_tablet":{"unit":"px","top":"0","right":0,"bottom":"50","left":0,"isLinked":false},"html_tag":"div"},"elements":[{"id":"1f1de881","elType":"column","settings":{"_column_size":50,"_inline_size":37,"space_between_widgets":0,"background_background":"classic","background_position":"bottom left","background_repeat":"no-repeat","margin":{"unit":"px","top":"0","right":"0","bottom":"0","left":"0","isLinked":false},"_inline_size_tablet":100},"elements":[{"id":"55b37fa","elType":"widget","settings":{"image":{"url":"https:\/\/demo2wpopal.b-cdn.net\/smartic\/wp-content\/uploads\/2021\/04\/h19_img.png","id":9173},"image_size":"full","align":"right","_margin":{"unit":"px","top":"0","right":"0","bottom":"-90","left":"0","isLinked":false},"align_tablet":"center","width_mobile":{"unit":"px","size":150,"sizes":[]}},"elements":[],"widgetType":"image"}],"isInner":false},{"id":"5947256","elType":"column","settings":{"_column_size":25,"_inline_size":28.428999999999998493649400188587605953216552734375,"space_between_widgets":0,"background_background":"classic","background_position":"bottom left","background_repeat":"no-repeat","_inline_size_tablet":50,"content_position":"center","padding":{"unit":"px","top":"0","right":"0","bottom":"30","left":"100","isLinked":false},"padding_tablet":{"unit":"px","top":"0","right":"0","bottom":"0","left":"0","isLinked":false},"content_position_tablet":"top","margin_tablet":{"unit":"px","top":"0","right":"0","bottom":"30","left":"0","isLinked":false}},"elements":[{"id":"5253da68","elType":"widget","settings":{"title":"What\u2019s in the box?","title_color":"#ffffff","typography_typography":"custom","typography_font_size":{"unit":"px","size":20},"typography_font_weight":"600","_margin":{"unit":"px","top":"0","right":"0","bottom":"10","left":"0","isLinked":false},"_animation":"opal-move-left","animation_duration":"fast"},"elements":[],"widgetType":"heading"},{"id":"3e00a614","elType":"widget","settings":{"icon_list":[{"text":"eShaver","icon":"","_id":"bd77625","link":{"url":"#","is_external":"","nofollow":"","custom_attributes":""}},{"text":"3 sets colour panels","icon":"","_id":"a8b431f","link":{"url":"#","is_external":"","nofollow":"","custom_attributes":""}},{"text":"Glass Carafe","icon":"","_id":"c974717","link":{"url":"#","is_external":"","nofollow":"","custom_attributes":""}},{"text":"Instruction manual","icon":"","link":{"url":"#","is_external":"","nofollow":"","custom_attributes":""},"_id":"38cd8b3"}],"space_between":{"unit":"px","size":10},"text_color":"#ffffff","_animation":"opal-move-left","_animation_delay":100,"list_item_padding":{"unit":"px","top":"0","right":"0","bottom":"10","left":"0","isLinked":false},"animation_duration":"fast","__globals__":{"text_color_hover":"globals\/colors?id=primary"}},"elements":[],"widgetType":"icon-list"}],"isInner":false},{"id":"379c2556","elType":"column","settings":{"_column_size":25,"_inline_size":34.570999999999997953636921010911464691162109375,"space_between_widgets":0,"background_background":"classic","background_position":"bottom left","background_repeat":"no-repeat","_inline_size_tablet":50,"content_position":"center","margin_tablet":{"unit":"px","top":"0","right":"0","bottom":"30","left":"0","isLinked":false}},"elements":[{"id":"257eae1a","elType":"widget","settings":{"title":"Are you ready to buy","title_color":"#ffffff","typography_typography":"custom","typography_font_size":{"unit":"px","size":20},"typography_font_weight":"600","_animation":"opal-move-left","animation_duration":"fast","_margin":{"unit":"px","top":"0","right":"0","bottom":"30","left":"0","isLinked":false}},"elements":[],"widgetType":"heading"},{"id":"1bb0779","elType":"widget","settings":{"text":"Shop Now","_margin":{"unit":"px","top":"0","right":"0","bottom":"25","left":"0","isLinked":false},"_animation":"opal-move-left","animation_duration":"fast","link":{"url":"https:\/\/demo2wpopal.b-cdn.net\/smartic\/product\/the-worlds-most-efficient-shaver\/","is_external":"","nofollow":"","custom_attributes":""}},"elements":[],"widgetType":"button"},{"id":"55dd96f","elType":"widget","settings":{"editor":"Or Call us at","text_color":"#FFFFFF","__globals__":{"text_color":""},"_animation":"opal-move-left","animation_duration":"fast"},"elements":[],"widgetType":"text-editor"},{"id":"950fbc9","elType":"widget","settings":{"editor":"<a style=\"color:#efe54c;\" href=\"tel:8441800333558\">+844 - 1800 333 558<\/a>","text_color":"#EFE54C","typography_typography":"custom","typography_font_size":{"unit":"px","size":24,"sizes":[]},"typography_font_weight":"600","_animation":"opal-move-left","animation_duration":"fast"},"elements":[],"widgetType":"text-editor"}],"isInner":false}],"isInner":false}]]]></wp:meta_value>
  </wp:postmeta>
  <wp:postmeta>
    <wp:meta_key>_yoast_wpseo_content_score</wp:meta_key>
    <wp:meta_value><![CDATA[90]]></wp:meta_value>
  </wp:postmeta>
  <wp:postmeta>
    <wp:meta_key>_elementor_controls_usage</wp:meta_key>
    <wp:meta_value><![CDATA[a:11:{s:17:"smartic-revslider";a:3:{s:5:"count";i:2;s:15:"control_percent";i:0;s:8:"controls";a:1:{s:7:"content";a:1:{s:10:"rev_slider";a:1:{s:9:"rev_alias";i:2;}}}}s:6:"column";a:3:{s:5:"count";i:21;s:15:"control_percent";i:2;s:8:"controls";a:3:{s:6:"layout";a:1:{s:6:"layout";a:6:{s:12:"_inline_size";i:16;s:19:"_inline_size_tablet";i:8;s:12:"align_mobile";i:8;s:21:"space_between_widgets";i:15;s:16:"content_position";i:8;s:23:"content_position_tablet";i:1;}}s:5:"style";a:1:{s:13:"section_style";a:8:{s:21:"background_background";i:14;s:16:"background_color";i:6;s:21:"background_color_stop";i:4;s:18:"background_color_b";i:4;s:23:"background_color_b_stop";i:4;s:25:"background_gradient_angle";i:4;s:19:"background_position";i:3;s:17:"background_repeat";i:3;}}s:8:"advanced";a:2:{s:16:"section_advanced";a:6:{s:7:"padding";i:11;s:14:"padding_tablet";i:7;s:14:"padding_mobile";i:6;s:13:"margin_mobile";i:2;s:6:"margin";i:1;s:13:"margin_tablet";i:2;}s:19:"_section_responsive";a:2:{s:11:"hide_tablet";i:1;s:11:"hide_mobile";i:2;}}}}s:7:"section";a:3:{s:5:"count";i:11;s:15:"control_percent";i:6;s:8:"controls";a:3:{s:6:"layout";a:2:{s:14:"section_layout";a:8:{s:15:"stretch_section";i:10;s:6:"layout";i:2;s:3:"gap";i:10;s:13:"custom_height";i:2;s:16:"content_position";i:2;s:13:"content_width";i:1;s:6:"height";i:1;s:8:"overflow";i:1;}s:17:"section_structure";a:1:{s:9:"structure";i:7;}}s:5:"style";a:2:{s:18:"section_background";a:21:{s:21:"background_background";i:8;s:16:"background_image";i:6;s:19:"background_position";i:6;s:17:"background_repeat";i:6;s:19:"background_bg_width";i:2;s:26:"background_position_mobile";i:5;s:22:"background_size_mobile";i:3;s:16:"background_color";i:5;s:21:"background_color_stop";i:2;s:18:"background_color_b";i:2;s:25:"background_gradient_angle";i:2;s:27:"background_hover_background";i:3;s:25:"background_hover_position";i:3;s:23:"background_hover_repeat";i:3;s:22:"background_xpos_mobile";i:3;s:26:"background_position_tablet";i:1;s:15:"background_xpos";i:1;s:22:"background_ypos_tablet";i:1;s:22:"background_size_tablet";i:1;s:26:"background_bg_width_tablet";i:1;s:26:"background_bg_width_mobile";i:1;}s:26:"section_background_overlay";a:7:{s:29:"background_overlay_background";i:2;s:24:"background_overlay_color";i:1;s:29:"background_overlay_color_stop";i:2;s:26:"background_overlay_color_b";i:2;s:31:"background_overlay_color_b_stop";i:2;s:33:"background_overlay_gradient_angle";i:2;s:26:"background_overlay_opacity";i:2;}}s:8:"advanced";a:2:{s:16:"section_advanced";a:7:{s:7:"padding";i:4;s:13:"margin_tablet";i:4;s:14:"padding_tablet";i:4;s:14:"padding_mobile";i:3;s:7:"z_index";i:1;s:6:"margin";i:1;s:13:"margin_mobile";i:1;}s:19:"_section_responsive";a:4:{s:12:"hide_desktop";i:1;s:11:"hide_tablet";i:1;s:20:"reverse_order_mobile";i:2;s:20:"reverse_order_tablet";i:1;}}}}s:7:"heading";a:3:{s:5:"count";i:8;s:15:"control_percent";i:3;s:8:"controls";a:3:{s:7:"content";a:1:{s:13:"section_title";a:3:{s:5:"title";i:8;s:12:"align_mobile";i:4;s:5:"align";i:2;}}s:5:"style";a:1:{s:19:"section_title_style";a:10:{s:11:"title_color";i:8;s:21:"typography_typography";i:8;s:20:"typography_font_size";i:8;s:22:"typography_font_weight";i:8;s:22:"typography_line_height";i:6;s:25:"typography_letter_spacing";i:6;s:27:"typography_font_size_tablet";i:3;s:27:"typography_font_size_mobile";i:6;s:29:"typography_line_height_tablet";i:3;s:29:"typography_line_height_mobile";i:2;}}s:8:"advanced";a:3:{s:14:"_section_style";a:3:{s:7:"_margin";i:8;s:14:"_margin_mobile";i:4;s:14:"_margin_tablet";i:2;}s:15:"section_effects";a:3:{s:10:"_animation";i:8;s:16:"_animation_delay";i:1;s:18:"animation_duration";i:8;}s:17:"_section_position";a:2:{s:14:"_element_width";i:1;s:21:"_element_custom_width";i:1;}}}}s:11:"text-editor";a:3:{s:5:"count";i:8;s:15:"control_percent";i:2;s:8:"controls";a:3:{s:7:"content";a:1:{s:14:"section_editor";a:1:{s:6:"editor";i:8;}}s:8:"advanced";a:3:{s:14:"_section_style";a:3:{s:7:"_margin";i:3;s:14:"_margin_mobile";i:1;s:14:"_margin_tablet";i:2;}s:15:"section_effects";a:3:{s:10:"_animation";i:8;s:16:"_animation_delay";i:4;s:18:"animation_duration";i:8;}s:17:"_section_position";a:2:{s:21:"_element_width_mobile";i:4;s:28:"_element_custom_width_mobile";i:4;}}s:5:"style";a:1:{s:13:"section_style";a:10:{s:12:"align_mobile";i:4;s:5:"align";i:2;s:21:"typography_typography";i:3;s:20:"typography_font_size";i:3;s:22:"typography_font_weight";i:3;s:25:"typography_text_transform";i:2;s:25:"typography_letter_spacing";i:2;s:27:"typography_font_size_mobile";i:2;s:32:"typography_letter_spacing_mobile";i:2;s:10:"text_color";i:2;}}}}s:6:"button";a:3:{s:5:"count";i:2;s:15:"control_percent";i:1;s:8:"controls";a:2:{s:7:"content";a:1:{s:14:"section_button";a:3:{s:4:"text";i:2;s:12:"align_mobile";i:1;s:4:"link";i:1;}}s:8:"advanced";a:2:{s:15:"section_effects";a:2:{s:10:"_animation";i:2;s:18:"animation_duration";i:2;}s:14:"_section_style";a:1:{s:7:"_margin";i:1;}}}}s:5:"image";a:3:{s:5:"count";i:4;s:15:"control_percent";i:2;s:8:"controls";a:3:{s:7:"content";a:1:{s:13:"section_image";a:4:{s:5:"image";i:4;s:10:"image_size";i:4;s:5:"align";i:1;s:12:"align_tablet";i:1;}}s:5:"style";a:1:{s:19:"section_style_image";a:2:{s:12:"width_mobile";i:2;s:12:"width_tablet";i:1;}}s:8:"advanced";a:4:{s:14:"_section_style";a:2:{s:8:"_z_index";i:1;s:7:"_margin";i:1;}s:15:"section_effects";a:2:{s:10:"_animation";i:1;s:18:"animation_duration";i:1;}s:17:"_section_position";a:7:{s:14:"_element_width";i:1;s:9:"_position";i:1;s:21:"_offset_orientation_h";i:1;s:13:"_offset_x_end";i:1;s:20:"_offset_x_end_tablet";i:1;s:9:"_offset_y";i:1;s:16:"_offset_y_tablet";i:1;}s:19:"_section_responsive";a:1:{s:11:"hide_mobile";i:1;}}}}s:8:"icon-box";a:3:{s:5:"count";i:6;s:15:"control_percent";i:6;s:8:"controls";a:3:{s:7:"content";a:1:{s:12:"section_icon";a:5:{s:10:"title_text";i:6;s:16:"description_text";i:6;s:8:"position";i:6;s:13:"selected_icon";i:6;s:4:"view";i:6;}}s:5:"style";a:2:{s:18:"section_style_icon";a:5:{s:13:"primary_color";i:6;s:9:"icon_size";i:6;s:12:"icon_padding";i:6;s:12:"border_width";i:6;s:17:"icon_space_mobile";i:3;}s:21:"section_style_content";a:6:{s:18:"title_bottom_space";i:6;s:11:"title_color";i:6;s:27:"title_typography_typography";i:6;s:26:"title_typography_font_size";i:6;s:17:"description_color";i:6;s:28:"title_typography_font_weight";i:3;}}s:8:"advanced";a:3:{s:14:"_section_style";a:1:{s:7:"_margin";i:4;}s:15:"section_effects";a:2:{s:10:"_animation";i:6;s:18:"animation_duration";i:6;}s:17:"_section_position";a:2:{s:21:"_element_width_mobile";i:3;s:28:"_element_custom_width_mobile";i:3;}}}}s:9:"image-box";a:3:{s:5:"count";i:3;s:15:"control_percent";i:5;s:8:"controls";a:3:{s:7:"content";a:1:{s:13:"section_image";a:3:{s:5:"image";i:3;s:10:"title_text";i:3;s:16:"description_text";i:3;}}s:5:"style";a:2:{s:19:"section_style_image";a:3:{s:11:"image_space";i:3;s:10:"image_size";i:3;s:18:"image_space_mobile";i:3;}s:21:"section_style_content";a:5:{s:11:"title_color";i:3;s:27:"title_typography_typography";i:3;s:26:"title_typography_font_size";i:3;s:28:"title_typography_font_weight";i:3;s:31:"title_typography_letter_spacing";i:3;}}s:8:"advanced";a:3:{s:14:"_section_style";a:2:{s:7:"_margin";i:3;s:14:"_margin_mobile";i:3;}s:15:"section_effects";a:2:{s:10:"_animation";i:3;s:18:"animation_duration";i:3;}s:17:"_section_position";a:2:{s:21:"_element_width_mobile";i:3;s:28:"_element_custom_width_mobile";i:3;}}}}s:20:"smartic-testimonials";a:3:{s:5:"count";i:1;s:15:"control_percent";i:2;s:8:"controls";a:3:{s:7:"content";a:2:{s:19:"section_testimonial";a:4:{s:12:"testimonials";i:1;s:6:"column";i:1;s:17:"testimonial_style";i:1;s:13:"column_tablet";i:1;}s:24:"section_carousel_options";a:1:{s:15:"enable_carousel";i:1;}}s:5:"style";a:1:{s:32:"section_style_testimonial_rating";a:2:{s:27:"testimonial_rating_position";i:1;s:24:"testimonial_rating_color";i:1;}}s:8:"advanced";a:1:{s:18:"section_custom_css";a:1:{s:10:"custom_css";i:1;}}}}s:9:"icon-list";a:3:{s:5:"count";i:1;s:15:"control_percent";i:2;s:8:"controls";a:3:{s:7:"content";a:1:{s:12:"section_icon";a:1:{s:9:"icon_list";i:1;}}s:5:"style";a:2:{s:17:"section_icon_list";a:1:{s:13:"space_between";i:1;}s:18:"section_text_style";a:1:{s:10:"text_color";i:1;}}s:8:"advanced";a:1:{s:15:"section_effects";a:3:{s:10:"_animation";i:1;s:16:"_animation_delay";i:1;s:18:"animation_duration";i:1;}}}}}]]></wp:meta_value>
  </wp:postmeta>
  <wp:postmeta>
    <wp:meta_key>_elementor_page_assets</wp:meta_key>
    <wp:meta_value><![CDATA[a:1:{s:6:"styles";a:29:{i:0;s:12:"e-animations";i:1;s:12:"e-animations";i:2;s:12:"e-animations";i:3;s:12:"e-animations";i:4;s:12:"e-animations";i:5;s:12:"e-animations";i:6;s:12:"e-animations";i:7;s:12:"e-animations";i:8;s:12:"e-animations";i:9;s:12:"e-animations";i:10;s:12:"e-animations";i:11;s:12:"e-animations";i:12;s:12:"e-animations";i:13;s:12:"e-animations";i:14;s:12:"e-animations";i:15;s:12:"e-animations";i:16;s:12:"e-animations";i:17;s:12:"e-animations";i:18;s:12:"e-animations";i:19;s:12:"e-animations";i:20;s:12:"e-animations";i:21;s:12:"e-animations";i:22;s:12:"e-animations";i:23;s:12:"e-animations";i:24;s:12:"e-animations";i:25;s:12:"e-animations";i:26;s:12:"e-animations";i:27;s:12:"e-animations";i:28;s:12:"e-animations";}}]]></wp:meta_value>
  </wp:postmeta>
</item>
<item>
  <title><![CDATA[home6_eshaver_bg1.jpg]]></title>
  <link>https://demo2wpopal.b-cdn.net/smartic/home-19/home6_eshaver_bg1-jpg/</link>
  <pubDate>Tue, 06 Apr 2021 03:52:42 +0000</pubDate>
  <dc:creator>admin</dc:creator>
  <guid isPermaLink="false">https://demo2wpopal.b-cdn.net/smartic/wp-content/uploads/2021/04/home6_eshaver_bg1.jpg</guid>
  <description/>
  <content:encoded><![CDATA[]]></content:encoded>
  <excerpt:encoded><![CDATA[]]></excerpt:encoded>
  <wp:post_id>9023</wp:post_id>
  <wp:post_date>2021-04-06 03:52:42</wp:post_date>
  <wp:post_date_gmt>2021-04-06 03:52:42</wp:post_date_gmt>
  <wp:post_modified>2021-04-19 09:36:07</wp:post_modified>
  <wp:post_modified_gmt>2021-04-19 09:36:07</wp:post_modified_gmt>
  <wp:comment_status>open</wp:comment_status>
  <wp:ping_status>closed</wp:ping_status>
  <wp:post_name>home6_eshaver_bg1-jpg</wp:post_name>
  <wp:status>inherit</wp:status>
  <wp:post_parent>9018</wp:post_parent>
  <wp:menu_order>0</wp:menu_order>
  <wp:post_type>attachment</wp:post_type>
  <wp:post_password/>
  <wp:is_sticky>0</wp:is_sticky>
  <wp:attachment_url>https://demo2wpopal.b-cdn.net/smartic/wp-content/uploads/2021/04/home6_eshaver_bg1.jpg</wp:attachment_url>
  <wp:postmeta>
    <wp:meta_key>_wp_attached_file</wp:meta_key>
    <wp:meta_value><![CDATA[2021/04/home6_eshaver_bg1.jpg]]></wp:meta_value>
  </wp:postmeta>
  <wp:postmeta>
    <wp:meta_key>_wp_attachment_metadata</wp:meta_key>
    <wp:meta_value><![CDATA[a:6:{s:5:"width";i:960;s:6:"height";i:780;s:4:"file";s:29:"2021/04/home6_eshaver_bg1.jpg";s:8:"filesize";i:12425;s:5:"sizes";a:10:{s:6:"medium";a:5:{s:4:"file";s:29:"home6_eshaver_bg1-300x244.jpg";s:5:"width";i:300;s:6:"height";i:244;s:9:"mime-type";s:10:"image/jpeg";s:8:"filesize";i:3181;}s:9:"thumbnail";a:5:{s:4:"file";s:29:"home6_eshaver_bg1-150x150.jpg";s:5:"width";i:150;s:6:"height";i:150;s:9:"mime-type";s:10:"image/jpeg";s:8:"filesize";i:1646;}s:12:"medium_large";a:5:{s:4:"file";s:29:"home6_eshaver_bg1-768x624.jpg";s:5:"width";i:768;s:6:"height";i:624;s:9:"mime-type";s:10:"image/jpeg";s:8:"filesize";i:13035;}s:14:"post-thumbnail";a:5:{s:4:"file";s:29:"home6_eshaver_bg1-960x565.jpg";s:5:"width";i:960;s:6:"height";i:565;s:9:"mime-type";s:10:"image/jpeg";s:8:"filesize";i:16144;}s:17:"smartic-post-grid";a:5:{s:4:"file";s:29:"home6_eshaver_bg1-500x330.jpg";s:5:"width";i:500;s:6:"height";i:330;s:9:"mime-type";s:10:"image/jpeg";s:8:"filesize";i:5884;}s:21:"woocommerce_thumbnail";a:6:{s:4:"file";s:29:"home6_eshaver_bg1-500x406.jpg";s:5:"width";i:500;s:6:"height";i:406;s:9:"mime-type";s:10:"image/jpeg";s:8:"filesize";i:7000;s:9:"uncropped";b:1;}s:18:"woocommerce_single";a:5:{s:4:"file";s:29:"home6_eshaver_bg1-800x650.jpg";s:5:"width";i:800;s:6:"height";i:650;s:9:"mime-type";s:10:"image/jpeg";s:8:"filesize";i:14031;}s:29:"woocommerce_gallery_thumbnail";a:5:{s:4:"file";s:29:"home6_eshaver_bg1-100x100.jpg";s:5:"width";i:100;s:6:"height";i:100;s:9:"mime-type";s:10:"image/jpeg";s:8:"filesize";i:1201;}s:29:"variation_swatches_image_size";a:5:{s:4:"file";s:27:"home6_eshaver_bg1-50x50.jpg";s:5:"width";i:50;s:6:"height";i:50;s:9:"mime-type";s:10:"image/jpeg";s:8:"filesize";i:911;}s:31:"variation_swatches_tooltip_size";a:5:{s:4:"file";s:29:"home6_eshaver_bg1-100x100.jpg";s:5:"width";i:100;s:6:"height";i:100;s:9:"mime-type";s:10:"image/jpeg";s:8:"filesize";i:1201;}}s:10:"image_meta";a:12:{s:8:"aperture";s:1:"0";s:6:"credit";s:0:"";s:6:"camera";s:0:"";s:7:"caption";s:0:"";s:17:"created_timestamp";s:1:"0";s:9:"copyright";s:0:"";s:12:"focal_length";s:1:"0";s:3:"iso";s:1:"0";s:13:"shutter_speed";s:1:"0";s:5:"title";s:0:"";s:11:"orientation";s:1:"0";s:8:"keywords";a:0:{}}}]]></wp:meta_value>
  </wp:postmeta>
  <wp:postmeta>
    <wp:meta_key>_elementor_source_image_hash</wp:meta_key>
    <wp:meta_value><![CDATA[4ab6a4d42972a8342d90ed79942e094010eff0f7]]></wp:meta_value>
  </wp:postmeta>
</item>
<item>
  <title><![CDATA[home-6_bn-1.jpg]]></title>
  <link>https://demo2wpopal.b-cdn.net/smartic/home-19/home-6_bn-1-jpg/</link>
  <pubDate>Tue, 06 Apr 2021 03:52:43 +0000</pubDate>
  <dc:creator>admin</dc:creator>
  <guid isPermaLink="false">https://demo2wpopal.b-cdn.net/smartic/wp-content/uploads/2021/04/home-6_bn-1.jpg</guid>
  <description/>
  <content:encoded><![CDATA[]]></content:encoded>
  <excerpt:encoded><![CDATA[]]></excerpt:encoded>
  <wp:post_id>9024</wp:post_id>
  <wp:post_date>2021-04-06 03:52:43</wp:post_date>
  <wp:post_date_gmt>2021-04-06 03:52:43</wp:post_date_gmt>
  <wp:post_modified>2021-04-19 09:36:07</wp:post_modified>
  <wp:post_modified_gmt>2021-04-19 09:36:07</wp:post_modified_gmt>
  <wp:comment_status>open</wp:comment_status>
  <wp:ping_status>closed</wp:ping_status>
  <wp:post_name>home-6_bn-1-jpg</wp:post_name>
  <wp:status>inherit</wp:status>
  <wp:post_parent>9018</wp:post_parent>
  <wp:menu_order>0</wp:menu_order>
  <wp:post_type>attachment</wp:post_type>
  <wp:post_password/>
  <wp:is_sticky>0</wp:is_sticky>
  <wp:attachment_url>https://demo2wpopal.b-cdn.net/smartic/wp-content/uploads/2021/04/home-6_bn-1.jpg</wp:attachment_url>
  <wp:postmeta>
    <wp:meta_key>_wp_attached_file</wp:meta_key>
    <wp:meta_value><![CDATA[2021/04/home-6_bn-1.jpg]]></wp:meta_value>
  </wp:postmeta>
  <wp:postmeta>
    <wp:meta_key>_wp_attachment_metadata</wp:meta_key>
    <wp:meta_value><![CDATA[a:6:{s:5:"width";i:960;s:6:"height";i:400;s:4:"file";s:23:"2021/04/home-6_bn-1.jpg";s:8:"filesize";i:53992;s:5:"sizes";a:9:{s:6:"medium";a:5:{s:4:"file";s:23:"home-6_bn-1-300x125.jpg";s:5:"width";i:300;s:6:"height";i:125;s:9:"mime-type";s:10:"image/jpeg";s:8:"filesize";i:7585;}s:9:"thumbnail";a:5:{s:4:"file";s:23:"home-6_bn-1-150x150.jpg";s:5:"width";i:150;s:6:"height";i:150;s:9:"mime-type";s:10:"image/jpeg";s:8:"filesize";i:6293;}s:12:"medium_large";a:5:{s:4:"file";s:23:"home-6_bn-1-768x320.jpg";s:5:"width";i:768;s:6:"height";i:320;s:9:"mime-type";s:10:"image/jpeg";s:8:"filesize";i:31881;}s:17:"smartic-post-grid";a:5:{s:4:"file";s:23:"home-6_bn-1-500x330.jpg";s:5:"width";i:500;s:6:"height";i:330;s:9:"mime-type";s:10:"image/jpeg";s:8:"filesize";i:27761;}s:21:"woocommerce_thumbnail";a:6:{s:4:"file";s:23:"home-6_bn-1-500x208.jpg";s:5:"width";i:500;s:6:"height";i:208;s:9:"mime-type";s:10:"image/jpeg";s:8:"filesize";i:16004;s:9:"uncropped";b:1;}s:18:"woocommerce_single";a:5:{s:4:"file";s:23:"home-6_bn-1-800x333.jpg";s:5:"width";i:800;s:6:"height";i:333;s:9:"mime-type";s:10:"image/jpeg";s:8:"filesize";i:34287;}s:29:"woocommerce_gallery_thumbnail";a:5:{s:4:"file";s:23:"home-6_bn-1-100x100.jpg";s:5:"width";i:100;s:6:"height";i:100;s:9:"mime-type";s:10:"image/jpeg";s:8:"filesize";i:3662;}s:29:"variation_swatches_image_size";a:5:{s:4:"file";s:21:"home-6_bn-1-50x50.jpg";s:5:"width";i:50;s:6:"height";i:50;s:9:"mime-type";s:10:"image/jpeg";s:8:"filesize";i:1711;}s:31:"variation_swatches_tooltip_size";a:5:{s:4:"file";s:23:"home-6_bn-1-100x100.jpg";s:5:"width";i:100;s:6:"height";i:100;s:9:"mime-type";s:10:"image/jpeg";s:8:"filesize";i:3662;}}s:10:"image_meta";a:12:{s:8:"aperture";s:1:"0";s:6:"credit";s:0:"";s:6:"camera";s:0:"";s:7:"caption";s:0:"";s:17:"created_timestamp";s:1:"0";s:9:"copyright";s:0:"";s:12:"focal_length";s:1:"0";s:3:"iso";s:1:"0";s:13:"shutter_speed";s:1:"0";s:5:"title";s:0:"";s:11:"orientation";s:1:"0";s:8:"keywords";a:0:{}}}]]></wp:meta_value>
  </wp:postmeta>
  <wp:postmeta>
    <wp:meta_key>_elementor_source_image_hash</wp:meta_key>
    <wp:meta_value><![CDATA[ab41eb31b9aa574aed15459f555ba51a432973c4]]></wp:meta_value>
  </wp:postmeta>
</item>
<item>
  <title><![CDATA[home-6_bn-2.jpg]]></title>
  <link>https://demo2wpopal.b-cdn.net/smartic/home-19/home-6_bn-2-jpg/</link>
  <pubDate>Tue, 06 Apr 2021 03:52:43 +0000</pubDate>
  <dc:creator>admin</dc:creator>
  <guid isPermaLink="false">https://demo2wpopal.b-cdn.net/smartic/wp-content/uploads/2021/04/home-6_bn-2.jpg</guid>
  <description/>
  <content:encoded><![CDATA[]]></content:encoded>
  <excerpt:encoded><![CDATA[]]></excerpt:encoded>
  <wp:post_id>9025</wp:post_id>
  <wp:post_date>2021-04-06 03:52:43</wp:post_date>
  <wp:post_date_gmt>2021-04-06 03:52:43</wp:post_date_gmt>
  <wp:post_modified>2021-04-19 09:36:07</wp:post_modified>
  <wp:post_modified_gmt>2021-04-19 09:36:07</wp:post_modified_gmt>
  <wp:comment_status>open</wp:comment_status>
  <wp:ping_status>closed</wp:ping_status>
  <wp:post_name>home-6_bn-2-jpg</wp:post_name>
  <wp:status>inherit</wp:status>
  <wp:post_parent>9018</wp:post_parent>
  <wp:menu_order>0</wp:menu_order>
  <wp:post_type>attachment</wp:post_type>
  <wp:post_password/>
  <wp:is_sticky>0</wp:is_sticky>
  <wp:attachment_url>https://demo2wpopal.b-cdn.net/smartic/wp-content/uploads/2021/04/home-6_bn-2.jpg</wp:attachment_url>
  <wp:postmeta>
    <wp:meta_key>_wp_attached_file</wp:meta_key>
    <wp:meta_value><![CDATA[2021/04/home-6_bn-2.jpg]]></wp:meta_value>
  </wp:postmeta>
  <wp:postmeta>
    <wp:meta_key>_wp_attachment_metadata</wp:meta_key>
    <wp:meta_value><![CDATA[a:6:{s:5:"width";i:960;s:6:"height";i:400;s:4:"file";s:23:"2021/04/home-6_bn-2.jpg";s:8:"filesize";i:61329;s:5:"sizes";a:9:{s:6:"medium";a:5:{s:4:"file";s:23:"home-6_bn-2-300x125.jpg";s:5:"width";i:300;s:6:"height";i:125;s:9:"mime-type";s:10:"image/jpeg";s:8:"filesize";i:7311;}s:9:"thumbnail";a:5:{s:4:"file";s:23:"home-6_bn-2-150x150.jpg";s:5:"width";i:150;s:6:"height";i:150;s:9:"mime-type";s:10:"image/jpeg";s:8:"filesize";i:5163;}s:12:"medium_large";a:5:{s:4:"file";s:23:"home-6_bn-2-768x320.jpg";s:5:"width";i:768;s:6:"height";i:320;s:9:"mime-type";s:10:"image/jpeg";s:8:"filesize";i:35297;}s:17:"smartic-post-grid";a:5:{s:4:"file";s:23:"home-6_bn-2-500x330.jpg";s:5:"width";i:500;s:6:"height";i:330;s:9:"mime-type";s:10:"image/jpeg";s:8:"filesize";i:26309;}s:21:"woocommerce_thumbnail";a:6:{s:4:"file";s:23:"home-6_bn-2-500x208.jpg";s:5:"width";i:500;s:6:"height";i:208;s:9:"mime-type";s:10:"image/jpeg";s:8:"filesize";i:16894;s:9:"uncropped";b:1;}s:18:"woocommerce_single";a:5:{s:4:"file";s:23:"home-6_bn-2-800x333.jpg";s:5:"width";i:800;s:6:"height";i:333;s:9:"mime-type";s:10:"image/jpeg";s:8:"filesize";i:38140;}s:29:"woocommerce_gallery_thumbnail";a:5:{s:4:"file";s:23:"home-6_bn-2-100x100.jpg";s:5:"width";i:100;s:6:"height";i:100;s:9:"mime-type";s:10:"image/jpeg";s:8:"filesize";i:3067;}s:29:"variation_swatches_image_size";a:5:{s:4:"file";s:21:"home-6_bn-2-50x50.jpg";s:5:"width";i:50;s:6:"height";i:50;s:9:"mime-type";s:10:"image/jpeg";s:8:"filesize";i:1493;}s:31:"variation_swatches_tooltip_size";a:5:{s:4:"file";s:23:"home-6_bn-2-100x100.jpg";s:5:"width";i:100;s:6:"height";i:100;s:9:"mime-type";s:10:"image/jpeg";s:8:"filesize";i:3067;}}s:10:"image_meta";a:12:{s:8:"aperture";s:1:"0";s:6:"credit";s:0:"";s:6:"camera";s:0:"";s:7:"caption";s:0:"";s:17:"created_timestamp";s:1:"0";s:9:"copyright";s:0:"";s:12:"focal_length";s:1:"0";s:3:"iso";s:1:"0";s:13:"shutter_speed";s:1:"0";s:5:"title";s:0:"";s:11:"orientation";s:1:"0";s:8:"keywords";a:0:{}}}]]></wp:meta_value>
  </wp:postmeta>
  <wp:postmeta>
    <wp:meta_key>_elementor_source_image_hash</wp:meta_key>
    <wp:meta_value><![CDATA[6204a519a899c2f8881c22962c58103f100283c9]]></wp:meta_value>
  </wp:postmeta>
</item>
<item>
  <title><![CDATA[home-6_bn-3.jpg]]></title>
  <link>https://demo2wpopal.b-cdn.net/smartic/home-19/home-6_bn-3-jpg/</link>
  <pubDate>Tue, 06 Apr 2021 03:52:43 +0000</pubDate>
  <dc:creator>admin</dc:creator>
  <guid isPermaLink="false">https://demo2wpopal.b-cdn.net/smartic/wp-content/uploads/2021/04/home-6_bn-3.jpg</guid>
  <description/>
  <content:encoded><![CDATA[]]></content:encoded>
  <excerpt:encoded><![CDATA[]]></excerpt:encoded>
  <wp:post_id>9026</wp:post_id>
  <wp:post_date>2021-04-06 03:52:43</wp:post_date>
  <wp:post_date_gmt>2021-04-06 03:52:43</wp:post_date_gmt>
  <wp:post_modified>2021-04-19 09:36:07</wp:post_modified>
  <wp:post_modified_gmt>2021-04-19 09:36:07</wp:post_modified_gmt>
  <wp:comment_status>open</wp:comment_status>
  <wp:ping_status>closed</wp:ping_status>
  <wp:post_name>home-6_bn-3-jpg</wp:post_name>
  <wp:status>inherit</wp:status>
  <wp:post_parent>9018</wp:post_parent>
  <wp:menu_order>0</wp:menu_order>
  <wp:post_type>attachment</wp:post_type>
  <wp:post_password/>
  <wp:is_sticky>0</wp:is_sticky>
  <wp:attachment_url>https://demo2wpopal.b-cdn.net/smartic/wp-content/uploads/2021/04/home-6_bn-3.jpg</wp:attachment_url>
  <wp:postmeta>
    <wp:meta_key>_wp_attached_file</wp:meta_key>
    <wp:meta_value><![CDATA[2021/04/home-6_bn-3.jpg]]></wp:meta_value>
  </wp:postmeta>
  <wp:postmeta>
    <wp:meta_key>_wp_attachment_metadata</wp:meta_key>
    <wp:meta_value><![CDATA[a:6:{s:5:"width";i:960;s:6:"height";i:400;s:4:"file";s:23:"2021/04/home-6_bn-3.jpg";s:8:"filesize";i:73827;s:5:"sizes";a:9:{s:6:"medium";a:5:{s:4:"file";s:23:"home-6_bn-3-300x125.jpg";s:5:"width";i:300;s:6:"height";i:125;s:9:"mime-type";s:10:"image/jpeg";s:8:"filesize";i:9403;}s:9:"thumbnail";a:5:{s:4:"file";s:23:"home-6_bn-3-150x150.jpg";s:5:"width";i:150;s:6:"height";i:150;s:9:"mime-type";s:10:"image/jpeg";s:8:"filesize";i:7634;}s:12:"medium_large";a:5:{s:4:"file";s:23:"home-6_bn-3-768x320.jpg";s:5:"width";i:768;s:6:"height";i:320;s:9:"mime-type";s:10:"image/jpeg";s:8:"filesize";i:44225;}s:17:"smartic-post-grid";a:5:{s:4:"file";s:23:"home-6_bn-3-500x330.jpg";s:5:"width";i:500;s:6:"height";i:330;s:9:"mime-type";s:10:"image/jpeg";s:8:"filesize";i:39532;}s:21:"woocommerce_thumbnail";a:6:{s:4:"file";s:23:"home-6_bn-3-500x208.jpg";s:5:"width";i:500;s:6:"height";i:208;s:9:"mime-type";s:10:"image/jpeg";s:8:"filesize";i:21594;s:9:"uncropped";b:1;}s:18:"woocommerce_single";a:5:{s:4:"file";s:23:"home-6_bn-3-800x333.jpg";s:5:"width";i:800;s:6:"height";i:333;s:9:"mime-type";s:10:"image/jpeg";s:8:"filesize";i:47715;}s:29:"woocommerce_gallery_thumbnail";a:5:{s:4:"file";s:23:"home-6_bn-3-100x100.jpg";s:5:"width";i:100;s:6:"height";i:100;s:9:"mime-type";s:10:"image/jpeg";s:8:"filesize";i:4175;}s:29:"variation_swatches_image_size";a:5:{s:4:"file";s:21:"home-6_bn-3-50x50.jpg";s:5:"width";i:50;s:6:"height";i:50;s:9:"mime-type";s:10:"image/jpeg";s:8:"filesize";i:1766;}s:31:"variation_swatches_tooltip_size";a:5:{s:4:"file";s:23:"home-6_bn-3-100x100.jpg";s:5:"width";i:100;s:6:"height";i:100;s:9:"mime-type";s:10:"image/jpeg";s:8:"filesize";i:4175;}}s:10:"image_meta";a:12:{s:8:"aperture";s:1:"0";s:6:"credit";s:0:"";s:6:"camera";s:0:"";s:7:"caption";s:0:"";s:17:"created_timestamp";s:1:"0";s:9:"copyright";s:0:"";s:12:"focal_length";s:1:"0";s:3:"iso";s:1:"0";s:13:"shutter_speed";s:1:"0";s:5:"title";s:0:"";s:11:"orientation";s:1:"0";s:8:"keywords";a:0:{}}}]]></wp:meta_value>
  </wp:postmeta>
  <wp:postmeta>
    <wp:meta_key>_elementor_source_image_hash</wp:meta_key>
    <wp:meta_value><![CDATA[d32182638839a5f8ecfc14e918762698340686f8]]></wp:meta_value>
  </wp:postmeta>
</item>
<item>
  <title><![CDATA[home-6_bn-4.png]]></title>
  <link>https://demo2wpopal.b-cdn.net/smartic/home-19/home-6_bn-4-png/</link>
  <pubDate>Tue, 06 Apr 2021 03:52:44 +0000</pubDate>
  <dc:creator>admin</dc:creator>
  <guid isPermaLink="false">https://demo2wpopal.b-cdn.net/smartic/wp-content/uploads/2021/04/home-6_bn-4.png</guid>
  <description/>
  <content:encoded><![CDATA[]]></content:encoded>
  <excerpt:encoded><![CDATA[]]></excerpt:encoded>
  <wp:post_id>9027</wp:post_id>
  <wp:post_date>2021-04-06 03:52:44</wp:post_date>
  <wp:post_date_gmt>2021-04-06 03:52:44</wp:post_date_gmt>
  <wp:post_modified>2021-04-19 09:36:07</wp:post_modified>
  <wp:post_modified_gmt>2021-04-19 09:36:07</wp:post_modified_gmt>
  <wp:comment_status>open</wp:comment_status>
  <wp:ping_status>closed</wp:ping_status>
  <wp:post_name>home-6_bn-4-png</wp:post_name>
  <wp:status>inherit</wp:status>
  <wp:post_parent>9018</wp:post_parent>
  <wp:menu_order>0</wp:menu_order>
  <wp:post_type>attachment</wp:post_type>
  <wp:post_password/>
  <wp:is_sticky>0</wp:is_sticky>
  <wp:attachment_url>https://demo2wpopal.b-cdn.net/smartic/wp-content/uploads/2021/04/home-6_bn-4.png</wp:attachment_url>
  <wp:postmeta>
    <wp:meta_key>_wp_attached_file</wp:meta_key>
    <wp:meta_value><![CDATA[2021/04/home-6_bn-4.png]]></wp:meta_value>
  </wp:postmeta>
  <wp:postmeta>
    <wp:meta_key>_wp_attachment_metadata</wp:meta_key>
    <wp:meta_value><![CDATA[a:6:{s:5:"width";i:170;s:6:"height";i:190;s:4:"file";s:23:"2021/04/home-6_bn-4.png";s:8:"filesize";i:11928;s:5:"sizes";a:4:{s:9:"thumbnail";a:5:{s:4:"file";s:23:"home-6_bn-4-150x150.png";s:5:"width";i:150;s:6:"height";i:150;s:9:"mime-type";s:9:"image/png";s:8:"filesize";i:24160;}s:29:"woocommerce_gallery_thumbnail";a:5:{s:4:"file";s:23:"home-6_bn-4-100x100.png";s:5:"width";i:100;s:6:"height";i:100;s:9:"mime-type";s:9:"image/png";s:8:"filesize";i:12561;}s:29:"variation_swatches_image_size";a:5:{s:4:"file";s:21:"home-6_bn-4-50x50.png";s:5:"width";i:50;s:6:"height";i:50;s:9:"mime-type";s:9:"image/png";s:8:"filesize";i:4192;}s:31:"variation_swatches_tooltip_size";a:5:{s:4:"file";s:23:"home-6_bn-4-100x100.png";s:5:"width";i:100;s:6:"height";i:100;s:9:"mime-type";s:9:"image/png";s:8:"filesize";i:12561;}}s:10:"image_meta";a:12:{s:8:"aperture";s:1:"0";s:6:"credit";s:0:"";s:6:"camera";s:0:"";s:7:"caption";s:0:"";s:17:"created_timestamp";s:1:"0";s:9:"copyright";s:0:"";s:12:"focal_length";s:1:"0";s:3:"iso";s:1:"0";s:13:"shutter_speed";s:1:"0";s:5:"title";s:0:"";s:11:"orientation";s:1:"0";s:8:"keywords";a:0:{}}}]]></wp:meta_value>
  </wp:postmeta>
  <wp:postmeta>
    <wp:meta_key>_elementor_source_image_hash</wp:meta_key>
    <wp:meta_value><![CDATA[9449b58f46a60ac0575f77c4cb26551ac5386056]]></wp:meta_value>
  </wp:postmeta>
</item>
<item>
  <title><![CDATA[home-6_bn-5.png]]></title>
  <link>https://demo2wpopal.b-cdn.net/smartic/home-19/home-6_bn-5-png/</link>
  <pubDate>Tue, 06 Apr 2021 03:52:44 +0000</pubDate>
  <dc:creator>admin</dc:creator>
  <guid isPermaLink="false">https://demo2wpopal.b-cdn.net/smartic/wp-content/uploads/2021/04/home-6_bn-5.png</guid>
  <description/>
  <content:encoded><![CDATA[]]></content:encoded>
  <excerpt:encoded><![CDATA[]]></excerpt:encoded>
  <wp:post_id>9028</wp:post_id>
  <wp:post_date>2021-04-06 03:52:44</wp:post_date>
  <wp:post_date_gmt>2021-04-06 03:52:44</wp:post_date_gmt>
  <wp:post_modified>2021-04-19 09:36:07</wp:post_modified>
  <wp:post_modified_gmt>2021-04-19 09:36:07</wp:post_modified_gmt>
  <wp:comment_status>open</wp:comment_status>
  <wp:ping_status>closed</wp:ping_status>
  <wp:post_name>home-6_bn-5-png</wp:post_name>
  <wp:status>inherit</wp:status>
  <wp:post_parent>9018</wp:post_parent>
  <wp:menu_order>0</wp:menu_order>
  <wp:post_type>attachment</wp:post_type>
  <wp:post_password/>
  <wp:is_sticky>0</wp:is_sticky>
  <wp:attachment_url>https://demo2wpopal.b-cdn.net/smartic/wp-content/uploads/2021/04/home-6_bn-5.png</wp:attachment_url>
  <wp:postmeta>
    <wp:meta_key>_wp_attached_file</wp:meta_key>
    <wp:meta_value><![CDATA[2021/04/home-6_bn-5.png]]></wp:meta_value>
  </wp:postmeta>
  <wp:postmeta>
    <wp:meta_key>_wp_attachment_metadata</wp:meta_key>
    <wp:meta_value><![CDATA[a:6:{s:5:"width";i:170;s:6:"height";i:190;s:4:"file";s:23:"2021/04/home-6_bn-5.png";s:8:"filesize";i:11928;s:5:"sizes";a:4:{s:9:"thumbnail";a:5:{s:4:"file";s:23:"home-6_bn-5-150x150.png";s:5:"width";i:150;s:6:"height";i:150;s:9:"mime-type";s:9:"image/png";s:8:"filesize";i:25067;}s:29:"woocommerce_gallery_thumbnail";a:5:{s:4:"file";s:23:"home-6_bn-5-100x100.png";s:5:"width";i:100;s:6:"height";i:100;s:9:"mime-type";s:9:"image/png";s:8:"filesize";i:12841;}s:29:"variation_swatches_image_size";a:5:{s:4:"file";s:21:"home-6_bn-5-50x50.png";s:5:"width";i:50;s:6:"height";i:50;s:9:"mime-type";s:9:"image/png";s:8:"filesize";i:4357;}s:31:"variation_swatches_tooltip_size";a:5:{s:4:"file";s:23:"home-6_bn-5-100x100.png";s:5:"width";i:100;s:6:"height";i:100;s:9:"mime-type";s:9:"image/png";s:8:"filesize";i:12841;}}s:10:"image_meta";a:12:{s:8:"aperture";s:1:"0";s:6:"credit";s:0:"";s:6:"camera";s:0:"";s:7:"caption";s:0:"";s:17:"created_timestamp";s:1:"0";s:9:"copyright";s:0:"";s:12:"focal_length";s:1:"0";s:3:"iso";s:1:"0";s:13:"shutter_speed";s:1:"0";s:5:"title";s:0:"";s:11:"orientation";s:1:"0";s:8:"keywords";a:0:{}}}]]></wp:meta_value>
  </wp:postmeta>
  <wp:postmeta>
    <wp:meta_key>_elementor_source_image_hash</wp:meta_key>
    <wp:meta_value><![CDATA[6785264bc579b4c2fcd35d0e3e27ec1f6ecb3b2d]]></wp:meta_value>
  </wp:postmeta>
</item>
<item>
  <title><![CDATA[home-6_bn-6.png]]></title>
  <link>https://demo2wpopal.b-cdn.net/smartic/home-19/home-6_bn-6-png/</link>
  <pubDate>Tue, 06 Apr 2021 03:52:44 +0000</pubDate>
  <dc:creator>admin</dc:creator>
  <guid isPermaLink="false">https://demo2wpopal.b-cdn.net/smartic/wp-content/uploads/2021/04/home-6_bn-6.png</guid>
  <description/>
  <content:encoded><![CDATA[]]></content:encoded>
  <excerpt:encoded><![CDATA[]]></excerpt:encoded>
  <wp:post_id>9029</wp:post_id>
  <wp:post_date>2021-04-06 03:52:44</wp:post_date>
  <wp:post_date_gmt>2021-04-06 03:52:44</wp:post_date_gmt>
  <wp:post_modified>2021-04-19 09:36:07</wp:post_modified>
  <wp:post_modified_gmt>2021-04-19 09:36:07</wp:post_modified_gmt>
  <wp:comment_status>open</wp:comment_status>
  <wp:ping_status>closed</wp:ping_status>
  <wp:post_name>home-6_bn-6-png</wp:post_name>
  <wp:status>inherit</wp:status>
  <wp:post_parent>9018</wp:post_parent>
  <wp:menu_order>0</wp:menu_order>
  <wp:post_type>attachment</wp:post_type>
  <wp:post_password/>
  <wp:is_sticky>0</wp:is_sticky>
  <wp:attachment_url>https://demo2wpopal.b-cdn.net/smartic/wp-content/uploads/2021/04/home-6_bn-6.png</wp:attachment_url>
  <wp:postmeta>
    <wp:meta_key>_wp_attached_file</wp:meta_key>
    <wp:meta_value><![CDATA[2021/04/home-6_bn-6.png]]></wp:meta_value>
  </wp:postmeta>
  <wp:postmeta>
    <wp:meta_key>_wp_attachment_metadata</wp:meta_key>
    <wp:meta_value><![CDATA[a:6:{s:5:"width";i:170;s:6:"height";i:190;s:4:"file";s:23:"2021/04/home-6_bn-6.png";s:8:"filesize";i:12422;s:5:"sizes";a:4:{s:9:"thumbnail";a:5:{s:4:"file";s:23:"home-6_bn-6-150x150.png";s:5:"width";i:150;s:6:"height";i:150;s:9:"mime-type";s:9:"image/png";s:8:"filesize";i:27379;}s:29:"woocommerce_gallery_thumbnail";a:5:{s:4:"file";s:23:"home-6_bn-6-100x100.png";s:5:"width";i:100;s:6:"height";i:100;s:9:"mime-type";s:9:"image/png";s:8:"filesize";i:14043;}s:29:"variation_swatches_image_size";a:5:{s:4:"file";s:21:"home-6_bn-6-50x50.png";s:5:"width";i:50;s:6:"height";i:50;s:9:"mime-type";s:9:"image/png";s:8:"filesize";i:4447;}s:31:"variation_swatches_tooltip_size";a:5:{s:4:"file";s:23:"home-6_bn-6-100x100.png";s:5:"width";i:100;s:6:"height";i:100;s:9:"mime-type";s:9:"image/png";s:8:"filesize";i:14043;}}s:10:"image_meta";a:12:{s:8:"aperture";s:1:"0";s:6:"credit";s:0:"";s:6:"camera";s:0:"";s:7:"caption";s:0:"";s:17:"created_timestamp";s:1:"0";s:9:"copyright";s:0:"";s:12:"focal_length";s:1:"0";s:3:"iso";s:1:"0";s:13:"shutter_speed";s:1:"0";s:5:"title";s:0:"";s:11:"orientation";s:1:"0";s:8:"keywords";a:0:{}}}]]></wp:meta_value>
  </wp:postmeta>
  <wp:postmeta>
    <wp:meta_key>_elementor_source_image_hash</wp:meta_key>
    <wp:meta_value><![CDATA[4c4a7f226a7fcc2883deafacef8f54abd3a7956d]]></wp:meta_value>
  </wp:postmeta>
</item>
<item>
  <title><![CDATA[niche_06_img-2.png]]></title>
  <link>https://demo2wpopal.b-cdn.net/smartic/home-19/niche-06-img-2-png/</link>
  <pubDate>Tue, 06 Apr 2021 03:59:59 +0000</pubDate>
  <dc:creator>admin</dc:creator>
  <guid isPermaLink="false">https://demo2wpopal.b-cdn.net/smartic/wp-content/uploads/revslider/niche_06_img-2.png</guid>
  <description/>
  <content:encoded><![CDATA[]]></content:encoded>
  <excerpt:encoded><![CDATA[]]></excerpt:encoded>
  <wp:post_id>9045</wp:post_id>
  <wp:post_date>2021-04-06 03:59:59</wp:post_date>
  <wp:post_date_gmt>2021-04-06 03:59:59</wp:post_date_gmt>
  <wp:post_modified>2021-04-19 09:36:07</wp:post_modified>
  <wp:post_modified_gmt>2021-04-19 09:36:07</wp:post_modified_gmt>
  <wp:comment_status>closed</wp:comment_status>
  <wp:ping_status>closed</wp:ping_status>
  <wp:post_name>niche-06-img-2-png</wp:post_name>
  <wp:status>inherit</wp:status>
  <wp:post_parent>9018</wp:post_parent>
  <wp:menu_order>0</wp:menu_order>
  <wp:post_type>attachment</wp:post_type>
  <wp:post_password/>
  <wp:is_sticky>0</wp:is_sticky>
  <wp:attachment_url>https://demo2wpopal.b-cdn.net/smartic/wp-content/uploads/revslider/niche_06_img-2.png</wp:attachment_url>
  <wp:postmeta>
    <wp:meta_key>_wp_attached_file</wp:meta_key>
    <wp:meta_value><![CDATA[revslider/niche_06_img-2.png]]></wp:meta_value>
  </wp:postmeta>
  <wp:postmeta>
    <wp:meta_key>_wp_attachment_metadata</wp:meta_key>
    <wp:meta_value><![CDATA[a:6:{s:5:"width";i:1107;s:6:"height";i:523;s:4:"file";s:28:"revslider/niche_06_img-2.png";s:8:"filesize";i:68083;s:5:"sizes";a:11:{s:6:"medium";a:5:{s:4:"file";s:26:"niche_06_img-2-300x142.png";s:5:"width";i:300;s:6:"height";i:142;s:9:"mime-type";s:9:"image/png";s:8:"filesize";i:13245;}s:5:"large";a:5:{s:4:"file";s:27:"niche_06_img-2-1024x484.png";s:5:"width";i:1024;s:6:"height";i:484;s:9:"mime-type";s:9:"image/png";s:8:"filesize";i:104746;}s:9:"thumbnail";a:5:{s:4:"file";s:26:"niche_06_img-2-150x150.png";s:5:"width";i:150;s:6:"height";i:150;s:9:"mime-type";s:9:"image/png";s:8:"filesize";i:11829;}s:12:"medium_large";a:5:{s:4:"file";s:26:"niche_06_img-2-768x363.png";s:5:"width";i:768;s:6:"height";i:363;s:9:"mime-type";s:9:"image/png";s:8:"filesize";i:65061;}s:14:"post-thumbnail";a:5:{s:4:"file";s:27:"niche_06_img-2-1000x523.png";s:5:"width";i:1000;s:6:"height";i:523;s:9:"mime-type";s:9:"image/png";s:8:"filesize";i:114750;}s:17:"smartic-post-grid";a:5:{s:4:"file";s:26:"niche_06_img-2-500x330.png";s:5:"width";i:500;s:6:"height";i:330;s:9:"mime-type";s:9:"image/png";s:8:"filesize";i:50802;}s:21:"woocommerce_thumbnail";a:6:{s:4:"file";s:26:"niche_06_img-2-500x236.png";s:5:"width";i:500;s:6:"height";i:236;s:9:"mime-type";s:9:"image/png";s:8:"filesize";i:30837;s:9:"uncropped";b:1;}s:18:"woocommerce_single";a:5:{s:4:"file";s:26:"niche_06_img-2-800x378.png";s:5:"width";i:800;s:6:"height";i:378;s:9:"mime-type";s:9:"image/png";s:8:"filesize";i:69465;}s:29:"woocommerce_gallery_thumbnail";a:5:{s:4:"file";s:26:"niche_06_img-2-100x100.png";s:5:"width";i:100;s:6:"height";i:100;s:9:"mime-type";s:9:"image/png";s:8:"filesize";i:6422;}s:29:"variation_swatches_image_size";a:5:{s:4:"file";s:24:"niche_06_img-2-50x50.png";s:5:"width";i:50;s:6:"height";i:50;s:9:"mime-type";s:9:"image/png";s:8:"filesize";i:2381;}s:31:"variation_swatches_tooltip_size";a:5:{s:4:"file";s:26:"niche_06_img-2-100x100.png";s:5:"width";i:100;s:6:"height";i:100;s:9:"mime-type";s:9:"image/png";s:8:"filesize";i:6422;}}s:10:"image_meta";a:12:{s:8:"aperture";s:1:"0";s:6:"credit";s:0:"";s:6:"camera";s:0:"";s:7:"caption";s:0:"";s:17:"created_timestamp";s:1:"0";s:9:"copyright";s:0:"";s:12:"focal_length";s:1:"0";s:3:"iso";s:1:"0";s:13:"shutter_speed";s:1:"0";s:5:"title";s:0:"";s:11:"orientation";s:1:"0";s:8:"keywords";a:0:{}}}]]></wp:meta_value>
  </wp:postmeta>
</item>
<item>
  <title><![CDATA[h19_img]]></title>
  <link>https://demo2wpopal.b-cdn.net/smartic/home-19/h19_img/</link>
  <pubDate>Tue, 06 Apr 2021 07:11:52 +0000</pubDate>
  <dc:creator>admin</dc:creator>
  <guid isPermaLink="false">https://demo2wpopal.b-cdn.net/smartic/wp-content/uploads/2021/04/h19_img.png</guid>
  <description/>
  <content:encoded><![CDATA[]]></content:encoded>
  <excerpt:encoded><![CDATA[]]></excerpt:encoded>
  <wp:post_id>9173</wp:post_id>
  <wp:post_date>2021-04-06 07:11:52</wp:post_date>
  <wp:post_date_gmt>2021-04-06 07:11:52</wp:post_date_gmt>
  <wp:post_modified>2021-04-06 07:11:52</wp:post_modified>
  <wp:post_modified_gmt>2021-04-06 07:11:52</wp:post_modified_gmt>
  <wp:comment_status>open</wp:comment_status>
  <wp:ping_status>closed</wp:ping_status>
  <wp:post_name>h19_img</wp:post_name>
  <wp:status>inherit</wp:status>
  <wp:post_parent>9018</wp:post_parent>
  <wp:menu_order>0</wp:menu_order>
  <wp:post_type>attachment</wp:post_type>
  <wp:post_password/>
  <wp:is_sticky>0</wp:is_sticky>
  <wp:attachment_url>https://demo2wpopal.b-cdn.net/smartic/wp-content/uploads/2021/04/h19_img.png</wp:attachment_url>
  <wp:postmeta>
    <wp:meta_key>_wp_attached_file</wp:meta_key>
    <wp:meta_value><![CDATA[2021/04/h19_img.png]]></wp:meta_value>
  </wp:postmeta>
  <wp:postmeta>
    <wp:meta_key>_wp_attachment_metadata</wp:meta_key>
    <wp:meta_value><![CDATA[a:6:{s:5:"width";i:234;s:6:"height";i:390;s:4:"file";s:19:"2021/04/h19_img.png";s:8:"filesize";i:92872;s:5:"sizes";a:6:{s:6:"medium";a:5:{s:4:"file";s:19:"h19_img-180x300.png";s:5:"width";i:180;s:6:"height";i:300;s:9:"mime-type";s:9:"image/png";s:8:"filesize";i:55915;}s:9:"thumbnail";a:5:{s:4:"file";s:19:"h19_img-150x150.png";s:5:"width";i:150;s:6:"height";i:150;s:9:"mime-type";s:9:"image/png";s:8:"filesize";i:23521;}s:17:"smartic-post-grid";a:5:{s:4:"file";s:19:"h19_img-234x330.png";s:5:"width";i:234;s:6:"height";i:330;s:9:"mime-type";s:9:"image/png";s:8:"filesize";i:77431;}s:29:"woocommerce_gallery_thumbnail";a:5:{s:4:"file";s:19:"h19_img-100x100.png";s:5:"width";i:100;s:6:"height";i:100;s:9:"mime-type";s:9:"image/png";s:8:"filesize";i:11910;}s:29:"variation_swatches_image_size";a:5:{s:4:"file";s:17:"h19_img-50x50.png";s:5:"width";i:50;s:6:"height";i:50;s:9:"mime-type";s:9:"image/png";s:8:"filesize";i:3954;}s:31:"variation_swatches_tooltip_size";a:5:{s:4:"file";s:19:"h19_img-100x100.png";s:5:"width";i:100;s:6:"height";i:100;s:9:"mime-type";s:9:"image/png";s:8:"filesize";i:11910;}}s:10:"image_meta";a:12:{s:8:"aperture";s:1:"0";s:6:"credit";s:0:"";s:6:"camera";s:0:"";s:7:"caption";s:0:"";s:17:"created_timestamp";s:1:"0";s:9:"copyright";s:0:"";s:12:"focal_length";s:1:"0";s:3:"iso";s:1:"0";s:13:"shutter_speed";s:1:"0";s:5:"title";s:0:"";s:11:"orientation";s:1:"0";s:8:"keywords";a:0:{}}}]]></wp:meta_value>
  </wp:postmeta>
</item>
<item>
  <title><![CDATA[home19_img1]]></title>
  <link>https://demo2wpopal.b-cdn.net/smartic/home-19/home19_img1/</link>
  <pubDate>Thu, 15 Apr 2021 02:19:56 +0000</pubDate>
  <dc:creator>admin</dc:creator>
  <guid isPermaLink="false">https://demo2wpopal.b-cdn.net/smartic/wp-content/uploads/2021/04/home19_img1.png</guid>
  <description/>
  <content:encoded><![CDATA[]]></content:encoded>
  <excerpt:encoded><![CDATA[]]></excerpt:encoded>
  <wp:post_id>14956</wp:post_id>
  <wp:post_date>2021-04-15 02:19:56</wp:post_date>
  <wp:post_date_gmt>2021-04-15 02:19:56</wp:post_date_gmt>
  <wp:post_modified>2021-04-15 02:19:56</wp:post_modified>
  <wp:post_modified_gmt>2021-04-15 02:19:56</wp:post_modified_gmt>
  <wp:comment_status>open</wp:comment_status>
  <wp:ping_status>closed</wp:ping_status>
  <wp:post_name>home19_img1</wp:post_name>
  <wp:status>inherit</wp:status>
  <wp:post_parent>9018</wp:post_parent>
  <wp:menu_order>0</wp:menu_order>
  <wp:post_type>attachment</wp:post_type>
  <wp:post_password/>
  <wp:is_sticky>0</wp:is_sticky>
  <wp:attachment_url>https://demo2wpopal.b-cdn.net/smartic/wp-content/uploads/2021/04/home19_img1.png</wp:attachment_url>
  <wp:postmeta>
    <wp:meta_key>_wp_attached_file</wp:meta_key>
    <wp:meta_value><![CDATA[2021/04/home19_img1.png]]></wp:meta_value>
  </wp:postmeta>
  <wp:postmeta>
    <wp:meta_key>_wp_attachment_metadata</wp:meta_key>
    <wp:meta_value><![CDATA[a:6:{s:5:"width";i:382;s:6:"height";i:430;s:4:"file";s:23:"2021/04/home19_img1.png";s:8:"filesize";i:156513;s:5:"sizes";a:6:{s:6:"medium";a:5:{s:4:"file";s:23:"home19_img1-267x300.png";s:5:"width";i:267;s:6:"height";i:300;s:9:"mime-type";s:9:"image/png";s:8:"filesize";i:73675;}s:9:"thumbnail";a:5:{s:4:"file";s:23:"home19_img1-150x150.png";s:5:"width";i:150;s:6:"height";i:150;s:9:"mime-type";s:9:"image/png";s:8:"filesize";i:25639;}s:17:"smartic-post-grid";a:5:{s:4:"file";s:23:"home19_img1-382x330.png";s:5:"width";i:382;s:6:"height";i:330;s:9:"mime-type";s:9:"image/png";s:8:"filesize";i:129198;}s:29:"woocommerce_gallery_thumbnail";a:5:{s:4:"file";s:23:"home19_img1-100x100.png";s:5:"width";i:100;s:6:"height";i:100;s:9:"mime-type";s:9:"image/png";s:8:"filesize";i:12964;}s:29:"variation_swatches_image_size";a:5:{s:4:"file";s:21:"home19_img1-50x50.png";s:5:"width";i:50;s:6:"height";i:50;s:9:"mime-type";s:9:"image/png";s:8:"filesize";i:4251;}s:31:"variation_swatches_tooltip_size";a:5:{s:4:"file";s:23:"home19_img1-100x100.png";s:5:"width";i:100;s:6:"height";i:100;s:9:"mime-type";s:9:"image/png";s:8:"filesize";i:12964;}}s:10:"image_meta";a:12:{s:8:"aperture";s:1:"0";s:6:"credit";s:0:"";s:6:"camera";s:0:"";s:7:"caption";s:0:"";s:17:"created_timestamp";s:1:"0";s:9:"copyright";s:0:"";s:12:"focal_length";s:1:"0";s:3:"iso";s:1:"0";s:13:"shutter_speed";s:1:"0";s:5:"title";s:0:"";s:11:"orientation";s:1:"0";s:8:"keywords";a:0:{}}}]]></wp:meta_value>
  </wp:postmeta>
</item>
  </channel>
</rss>
