<?xml version="1.0" encoding="UTF-8"?>
<!--
 This is a WordPress eXtended RSS file generated by WordPress as an export of your site.
 It contains information about your site's posts, pages, comments, categories, and other content.
 You may use this file to transfer that content from one site to another.
 This file is not intended to serve as a complete backup of your site.

 To import this information into a WordPress site follow these steps:
 1. Log in to that site as an administrator.
 2. Go to Tools: Import in the WordPress admin panel.
 3. Install the "WordPress" importer from the list.
 4. Activate & Run Importer.
 5. Upload this file using the form provided on that page.
 6. You will first be asked to map the authors in this export file to users
    on the site. For each author, you may choose to map to an
    existing user on the site or to create a new user.
 7. WordPress will then import each of the posts, pages, comments, categories, etc.
    contained in this file into your site.
-->
<!-- generator="WordPress/6.2" created="2023-04-27 03:58" -->
<rss version="2.0" xmlns:excerpt="http://wordpress.org/export/1.2/excerpt/" xmlns:content="http://purl.org/rss/1.0/modules/content/" xmlns:wfw="http://wellformedweb.org/CommentAPI/" xmlns:dc="http://purl.org/dc/elements/1.1/" xmlns:wp="http://wordpress.org/export/1.2/">
  <channel>
<title>Smartic</title>
<link>https://demo2wpopal.b-cdn.net/smartic</link>
<description>Just another WordPress site</description>
<pubDate>Thu, 27 Apr 2023 03:58:27 +0000</pubDate>
<language>en-US</language>
<wp:wxr_version>1.2</wp:wxr_version>
<wp:base_site_url>https://demo2wpopal.b-cdn.net/smartic</wp:base_site_url>
<wp:base_blog_url>https://demo2wpopal.b-cdn.net/smartic</wp:base_blog_url>
<generator>https://wordpress.org/?v=6.2</generator>
<item>
  <title><![CDATA[Home 35]]></title>
  <link>https://demo2wpopal.b-cdn.net/smartic/home-35/</link>
  <pubDate>Fri, 09 Apr 2021 01:46:38 +0000</pubDate>
  <dc:creator>admin</dc:creator>
  <guid isPermaLink="false">https://demo2wpopal.b-cdn.net/smartic/?page_id=10696</guid>
  <description/>
  <content:encoded><![CDATA[[rev_slider alias="niche_02_slide-coffeemaker" slidertitle="Home 35 Coffeemaker"][/rev_slider]		
			<h2>How it works</h2>		
				<a href="#">
								</a>
				<h3>
					<a href="#" >
						Insert					</a>
				</h3>
									<p>
						Lorem ipsum dolor sit amet, consectetur adipisicing elit, sed do eiusmod tempor incididunt ut labore et dolore 
					</p>
				<a href="#">
								</a>
				<h3>
					<a href="#" >
						Press the button					</a>
				</h3>
									<p>
						Lorem ipsum dolor sit amet, consectetur adipisicing elit, sed do eiusmod tempor incididunt ut labore et dolore 
					</p>
				<a href="#">
								</a>
				<h3>
					<a href="#" >
						Enjoy!					</a>
				</h3>
									<p>
						Lorem ipsum dolor sit amet, consectetur adipisicing elit, sed do eiusmod tempor incididunt ut labore et dolore 
					</p>
			<h2>Taste is everything</h2>		
		Relax and take in the smell of freshly ground coffee as you rise in the morning.Ut enim ad minim veniam, quis nostrud exercitation ullamco laboris nisi ut aliquip ex ea commodo consequat. Duis aute irure dolor in reprehenderit in voluptate velit esse cillum dolore		
			<h2>Your favourite Coffee
machines</h2>		
		Perfectly designed from the inside out with a state of the art burr grinder surrounded by a strong but lightweight stainless steel casing.Duis aute irure dolor in reprehenderit in voluptate velit esse cillum<br>dolore eu fugiat nulla pariatur.		
			<h2>Unique experience</h2>		
		Brew a pot of coffee just the way you like it and keep it warm all day.Ut enim ad minim veniam, quis nostrud exercitation ullamco laboris nisi ut aliquip ex ea commodo consequat. Duis aute irure dolor in reprehenderit in voluptate velit esse cillum dolore		
			<h2>Stay connected
with app</h2>		
		Remote brew fresh coffee from anywhere in the house, directly from your smartphone.		
					<ul>
							<li>
										Caccusantium doloremque laudantium.
									</li>
								<li>
										Totam rem aperiam, eaque ipsa quae ab illo inventore.
									</li>
								<li>
										  Veritatis et quasi architecto beatae vitae.
									</li>
						</ul>
			<h2>Ready when you are...</h2>		
		Brew a pot of coffee just the way you like it and keep it warm all day.Ut enim ad minim veniam, quis nostrud exercitation ullamco laboris nisi ut aliquip ex ea commodo consequat. Duis aute irure dolor in reprehenderit in voluptate velit esse cillum dolore		
												<img width="198" height="359" src="https://demo2wpopal.b-cdn.net/smartic/wp-content/uploads/2021/04/Home-35-09.png" alt="" loading="lazy" srcset="https://demo2wpopal.b-cdn.net/smartic/wp-content/uploads/2021/04/Home-35-09.png 198w, https://demo2wpopal.b-cdn.net/smartic/wp-content/uploads/2021/04/Home-35-09-165x300.png 165w" sizes="(max-width: 198px) 100vw, 198px" />														
			<h2>Specifications</h2>		
					<ul>
							<li>
										Wireless 802.11 b/g/n
									</li>
								<li>
										WPA/WPA2
									</li>
								<li>
										Requires 2.4ghz router
									</li>
								<li>
										220-240V~ 50/60Hz
									</li>
								<li>
										900-1050W
									</li>
						</ul>
			<h2>What's in the box?</h2>		
					<ul>
							<li>
										Coffee Maker machine
									</li>
								<li>
										3 sets colour panels
									</li>
								<li>
										Glass Carafe
									</li>
								<li>
										Instruction manual
									</li>
						</ul>
			<h2>Get 10% off your first order</h2>		
		10% off is a limited-time offer for<br>first-time customers purchased.		
			<a href="https://demo2wpopal.b-cdn.net/smartic/product/your-favourite-coffee-machines/" role="button">
						Order Now
					</a>]]></content:encoded>
  <excerpt:encoded><![CDATA[]]></excerpt:encoded>
  <wp:post_id>10696</wp:post_id>
  <wp:post_date>2021-04-09 01:46:38</wp:post_date>
  <wp:post_date_gmt>2021-04-09 01:46:38</wp:post_date_gmt>
  <wp:post_modified>2023-04-18 08:02:31</wp:post_modified>
  <wp:post_modified_gmt>2023-04-18 08:02:31</wp:post_modified_gmt>
  <wp:comment_status>closed</wp:comment_status>
  <wp:ping_status>closed</wp:ping_status>
  <wp:post_name>home-35</wp:post_name>
  <wp:status>publish</wp:status>
  <wp:post_parent>0</wp:post_parent>
  <wp:menu_order>0</wp:menu_order>
  <wp:post_type>page</wp:post_type>
  <wp:post_password/>
  <wp:is_sticky>0</wp:is_sticky>
  <wp:postmeta>
    <wp:meta_key>inline_featured_image</wp:meta_key>
    <wp:meta_value><![CDATA[0]]></wp:meta_value>
  </wp:postmeta>
  <wp:postmeta>
    <wp:meta_key>_wp_page_template</wp:meta_key>
    <wp:meta_value><![CDATA[template-homepage.php]]></wp:meta_value>
  </wp:postmeta>
  <wp:postmeta>
    <wp:meta_key>_edit_last</wp:meta_key>
    <wp:meta_value><![CDATA[12]]></wp:meta_value>
  </wp:postmeta>
  <wp:postmeta>
    <wp:meta_key>_elementor_edit_mode</wp:meta_key>
    <wp:meta_value><![CDATA[builder]]></wp:meta_value>
  </wp:postmeta>
  <wp:postmeta>
    <wp:meta_key>_elementor_template_type</wp:meta_key>
    <wp:meta_value><![CDATA[wp-page]]></wp:meta_value>
  </wp:postmeta>
  <wp:postmeta>
    <wp:meta_key>_elementor_version</wp:meta_key>
    <wp:meta_value><![CDATA[3.12.1]]></wp:meta_value>
  </wp:postmeta>
  <wp:postmeta>
    <wp:meta_key>_elementor_pro_version</wp:meta_key>
    <wp:meta_value><![CDATA[3.12.2]]></wp:meta_value>
  </wp:postmeta>
  <wp:postmeta>
    <wp:meta_key>_elementor_data</wp:meta_key>
    <wp:meta_value><![CDATA[[{"id":"2fb0f3f","elType":"section","settings":{"gap":"no","stretch_section":"section-stretched","margin":{"unit":"px","top":"0","right":0,"bottom":"90","left":0,"isLinked":false},"margin_mobile":{"unit":"px","top":"0","right":0,"bottom":"70","left":0,"isLinked":false},"html_tag":"div"},"elements":[{"id":"135c899","elType":"column","settings":{"_column_size":100,"_inline_size":null,"content_position":"top","align":"center"},"elements":[{"id":"ffb569a","elType":"widget","settings":{"revslidertitle":"Home 35 Coffeemaker","shortcode":"[rev_slider alias=\"niche_02_slide-coffeemaker\" slidertitle=\"Home 35 Coffeemaker\"][\/rev_slider]"},"elements":[],"widgetType":"slider_revolution"}],"isInner":false}],"isInner":false},{"id":"f8bb732","elType":"section","settings":{"gap":"no","stretch_section":"section-stretched","margin":{"unit":"px","top":"0","right":0,"bottom":"75","left":0,"isLinked":false},"margin_tablet":{"unit":"px","top":"0","right":0,"bottom":"55","left":0,"isLinked":false},"animation":"fadeInUp","margin_mobile":{"unit":"px","top":"0","right":0,"bottom":"50","left":0,"isLinked":false},"html_tag":"div"},"elements":[{"id":"25fba41","elType":"column","settings":{"_column_size":100,"_inline_size":null,"padding_mobile":{"unit":"px","top":"0","right":"015","bottom":"0","left":"015","isLinked":false}},"elements":[{"id":"dbdd9a0","elType":"widget","settings":{"title":"How it works","align":"center","title_color":"#C18561","typography_typography":"custom","typography_font_size":{"unit":"px","size":50,"sizes":[]},"_animation":"none","typography_font_family":"Red Rose","typography_font_size_mobile":{"unit":"px","size":30,"sizes":[]}},"elements":[],"widgetType":"heading"}],"isInner":false}],"isInner":false},{"id":"3cacc22","elType":"section","settings":{"content_width":{"unit":"px","size":1290,"sizes":[]},"gap":"no","stretch_section":"section-stretched","structure":"30","margin":{"unit":"px","top":"0","right":0,"bottom":"0135","left":0,"isLinked":false},"margin_tablet":{"unit":"px","top":"0","right":0,"bottom":"85","left":0,"isLinked":false},"padding_tablet":{"unit":"px","top":"0","right":"30","bottom":"0","left":"30","isLinked":false},"margin_mobile":{"unit":"px","top":"0","right":0,"bottom":"60","left":0,"isLinked":false},"padding":{"unit":"px","top":"0","right":"30","bottom":"0","left":"30","isLinked":false},"padding_mobile":{"unit":"px","top":"0","right":"15","bottom":"0","left":"15","isLinked":false},"html_tag":"div"},"elements":[{"id":"d1cbcf4","elType":"column","settings":{"_column_size":33,"_inline_size":null,"margin":{"unit":"px","top":"0","right":"0","bottom":"0","left":"0","isLinked":true},"padding":{"unit":"px","top":"0","right":"20","bottom":"0","left":"0","isLinked":false},"animation":"fadeInUp","animation_delay":100,"padding_mobile":{"unit":"px","top":"0","right":"0","bottom":"0","left":"0","isLinked":false},"space_between_widgets":0,"__globals__":{"color_link_hover":"globals\/colors?id=primary","color_text":""},"align_mobile":"center","align":"center"},"elements":[{"id":"c11ec49","elType":"widget","settings":{"title_text":"Insert","description_text":"Lorem ipsum dolor sit amet, consectetur adipisicing elit, sed do eiusmod tempor incididunt ut labore et dolore \n","selected_icon":{"value":"smartic-icon- smartic-icon-insert","library":"smartic-icon-new"},"icon_space":{"unit":"px","size":14,"sizes":[]},"icon_size":{"unit":"px","size":65,"sizes":[]},"title_color":"#000000","title_typography_typography":"custom","title_typography_font_size":{"unit":"px","size":20,"sizes":[]},"title_typography_font_weight":"600","description_typography_typography":"custom","description_typography_letter_spacing":{"unit":"px","size":0,"sizes":[]},"__globals__":{"primary_color":"globals\/colors?id=accent","hover_primary_color":"globals\/colors?id=primary"},"link":{"url":"#","is_external":"","nofollow":"","custom_attributes":""},"title_typography_line_height":{"unit":"px","size":25,"sizes":[]},"_element_width_mobile":"inherit","_element_custom_width_mobile":{"unit":"px","size":310,"sizes":[]},"_element_width":"initial","_element_custom_width":{"unit":"px","size":315,"sizes":[]}},"elements":[],"widgetType":"icon-box"}],"isInner":false},{"id":"cd058dc","elType":"column","settings":{"_column_size":33,"_inline_size":null,"padding":{"unit":"px","top":"0","right":"10","bottom":"0","left":"10","isLinked":false},"animation":"fadeInUp","animation_delay":300,"padding_mobile":{"unit":"px","top":"0","right":"0","bottom":"0","left":"0","isLinked":false},"__globals__":{"color_link_hover":"globals\/colors?id=primary"},"align_mobile":"center","align":"center","margin_mobile":{"unit":"px","top":"40","right":"0","bottom":"0","left":"0","isLinked":false}},"elements":[{"id":"b4324a6","elType":"widget","settings":{"title_text":"Press the button","description_text":"Lorem ipsum dolor sit amet, consectetur adipisicing elit, sed do eiusmod tempor incididunt ut labore et dolore \n","selected_icon":{"value":"smartic-icon- smartic-icon-press","library":"smartic-icon-new"},"icon_space":{"unit":"px","size":14,"sizes":[]},"icon_size":{"unit":"px","size":65,"sizes":[]},"title_color":"#000000","title_typography_typography":"custom","title_typography_font_size":{"unit":"px","size":20,"sizes":[]},"title_typography_font_weight":"600","description_typography_typography":"custom","description_typography_letter_spacing":{"unit":"px","size":0,"sizes":[]},"__globals__":{"primary_color":"globals\/colors?id=accent","hover_primary_color":"globals\/colors?id=primary"},"title_typography_line_height":{"unit":"px","size":25,"sizes":[]},"link":{"url":"#","is_external":"","nofollow":"","custom_attributes":""},"_element_width_mobile":"inherit","_element_custom_width_mobile":{"unit":"px","size":310,"sizes":[]},"_element_width":"initial","_element_custom_width":{"unit":"px","size":315,"sizes":[]}},"elements":[],"widgetType":"icon-box"}],"isInner":false},{"id":"de9f0f4","elType":"column","settings":{"_column_size":33,"_inline_size":null,"padding":{"unit":"px","top":"0","right":"0","bottom":"0","left":"20","isLinked":false},"animation":"fadeInUp","animation_delay":500,"padding_mobile":{"unit":"px","top":"0","right":"0","bottom":"0","left":"0","isLinked":false},"__globals__":{"color_link_hover":"globals\/colors?id=primary"},"align_mobile":"center","align":"center","margin_mobile":{"unit":"px","top":"40","right":"0","bottom":"0","left":"0","isLinked":false}},"elements":[{"id":"ebcab0b","elType":"widget","settings":{"title_text":"Enjoy!","description_text":"Lorem ipsum dolor sit amet, consectetur adipisicing elit, sed do eiusmod tempor incididunt ut labore et dolore \n","selected_icon":{"value":"smartic-icon- smartic-icon-enjoy","library":"smartic-icon-new"},"icon_space":{"unit":"px","size":14,"sizes":[]},"icon_size":{"unit":"px","size":65,"sizes":[]},"title_color":"#000000","title_typography_typography":"custom","title_typography_font_size":{"unit":"px","size":20,"sizes":[]},"title_typography_font_weight":"600","description_typography_typography":"custom","description_typography_letter_spacing":{"unit":"px","size":0,"sizes":[]},"__globals__":{"primary_color":"globals\/colors?id=accent","hover_primary_color":"globals\/colors?id=primary"},"title_typography_line_height":{"unit":"px","size":25,"sizes":[]},"link":{"url":"#","is_external":"","nofollow":"","custom_attributes":""},"_element_width_mobile":"inherit","_element_custom_width_mobile":{"unit":"px","size":310,"sizes":[]},"_element_width":"initial","_element_custom_width":{"unit":"px","size":315,"sizes":[]}},"elements":[],"widgetType":"icon-box"}],"isInner":false}],"isInner":false},{"id":"e368d18","elType":"section","settings":{"layout":"full_width","gap":"no","stretch_section":"section-stretched","html_tag":"div"},"elements":[{"id":"c8e9ead","elType":"column","settings":{"_column_size":100,"_inline_size":null,"background_background":"classic","background_image":{"url":"https:\/\/demo2wpopal.b-cdn.net\/smartic\/wp-content\/uploads\/2021\/04\/Home-35-03.png","id":10931},"background_position":"center center","background_repeat":"no-repeat","padding":{"unit":"px","top":"150","right":"0","bottom":"160","left":"0","isLinked":false},"background_position_mobile":"center right","background_motion_fx_mouseTrack_direction":"negative","padding_tablet":{"unit":"px","top":"65","right":"30","bottom":"70","left":"30","isLinked":false},"padding_mobile":{"unit":"px","top":"0","right":"0","bottom":"0","left":"0","isLinked":false},"motion_fx_motion_fx_scrolling":"yes","background_motion_fx_translateY_affectedRange":{"unit":"%","size":"","sizes":{"start":14,"end":100}},"background_motion_fx_translateX_direction":"negative","background_motion_fx_opacity_direction":"in-out","background_motion_fx_translateY_effect":"yes","background_size":"cover"},"elements":[{"id":"8e12597","elType":"section","settings":{"gap":"no","structure":"20","padding_tablet":{"unit":"px","top":"0","right":"0","bottom":"0","left":"0","isLinked":true},"margin_mobile":{"unit":"px","top":"0","right":0,"bottom":"0","left":0,"isLinked":false},"padding":{"unit":"px","top":"0","right":"30","bottom":"0","left":"30","isLinked":false},"html_tag":"div"},"elements":[{"id":"7299dc3","elType":"column","settings":{"_column_size":50,"_inline_size":60,"_inline_size_tablet":40},"elements":[],"isInner":true},{"id":"d7c2065","elType":"column","settings":{"_column_size":50,"_inline_size":39.84599999999999653255144949071109294891357421875,"padding":{"unit":"px","top":"0","right":"0","bottom":"0","left":"0","isLinked":false},"animation":"fadeInRight","_inline_size_tablet":60,"padding_tablet":{"unit":"px","top":"0","right":"0","bottom":"0","left":"0","isLinked":true},"padding_mobile":{"unit":"px","top":"60","right":"015","bottom":"45","left":"015","isLinked":false},"content_position_tablet":"bottom","align_tablet":"center"},"elements":[{"id":"846b04a","elType":"widget","settings":{"title":"Taste is everything","align":"left","title_color":"#C18561","typography_typography":"custom","typography_font_size":{"unit":"px","size":50,"sizes":[]},"_padding":{"unit":"px","top":"0","right":"0","bottom":"30","left":"0","isLinked":false},"align_tablet":"right","align_mobile":"center","typography_font_size_mobile":{"unit":"px","size":30,"sizes":[]},"typography_font_family":"Red Rose","_padding_mobile":{"unit":"px","top":"0","right":"0","bottom":"25","left":"0","isLinked":false},"text_shadow_text_shadow":{"horizontal":0,"vertical":1,"blur":4,"color":"rgba(0,0,0,0.3)"}},"elements":[],"widgetType":"heading"},{"id":"df6636b","elType":"widget","settings":{"editor":"Relax and take in the smell of freshly ground coffee as you rise in the morning.","align":"left","text_color":"#000000","typography_typography":"custom","typography_font_family":"BROmny","typography_font_size":{"unit":"px","size":18,"sizes":[]},"align_tablet":"right","align_mobile":"center","texteditor_shadow_text_shadow":{"horizontal":0,"vertical":1,"blur":3,"color":"rgba(0,0,0,0.3)"},"_margin":{"unit":"px","top":"0","right":"0","bottom":"20","left":"0","isLinked":false},"_element_custom_width_tablet":{"unit":"%","size":"","sizes":[]}},"elements":[],"widgetType":"text-editor"},{"id":"9712fa2","elType":"widget","settings":{"editor":"Ut enim ad minim veniam, quis nostrud exercitation ullamco laboris nisi ut aliquip ex ea commodo consequat. Duis aute irure dolor in reprehenderit in voluptate velit esse cillum dolore","align":"left","typography_typography":"custom","typography_font_size":{"unit":"px","size":16,"sizes":[]},"_margin":{"unit":"px","top":"-8","right":"0","bottom":"0","left":"0","isLinked":false},"align_tablet":"right","align_mobile":"center","texteditor_shadow_text_shadow":{"horizontal":0,"vertical":1,"blur":5,"color":"rgba(255, 255, 255, 0.3)"},"texteditor_shadow_text_shadow_type":"yes"},"elements":[],"widgetType":"text-editor"}],"isInner":true}],"isInner":true}],"isInner":false}],"isInner":false},{"id":"c1acee6","elType":"section","settings":{"gap":"no","stretch_section":"section-stretched","padding":{"unit":"px","top":"0","right":"30","bottom":"0","left":"30","isLinked":false},"padding_mobile":{"unit":"px","top":"0","right":"15","bottom":"0","left":"15","isLinked":false},"html_tag":"div"},"elements":[{"id":"38455cf","elType":"column","settings":{"_column_size":100,"_inline_size":null,"background_image":{"url":"https:\/\/demo2wpopal.b-cdn.net\/smartic\/wp-content\/uploads\/2021\/04\/Home-35-04.png","id":10987},"background_position":"center right","background_position_tablet":"initial","background_xpos_tablet":{"unit":"em","size":22,"sizes":[]},"background_repeat":"no-repeat","background_ypos_tablet":{"unit":"px","size":45,"sizes":[]}},"elements":[{"id":"f09a417","elType":"section","settings":{"gap":"no","structure":"20","margin_mobile":{"unit":"px","top":"0","right":0,"bottom":"0","left":0,"isLinked":false},"html_tag":"div"},"elements":[{"id":"1b6362f","elType":"column","settings":{"_column_size":50,"_inline_size":44.5,"padding":{"unit":"px","top":"150","right":"0","bottom":"190","left":"0","isLinked":false},"padding_tablet":{"unit":"px","top":"70","right":"0","bottom":"70","left":"0","isLinked":false},"padding_mobile":{"unit":"px","top":"60","right":"0","bottom":"60","left":"0","isLinked":false},"animation":"fadeInLeft","_inline_size_tablet":60},"elements":[{"id":"bd038c6","elType":"widget","settings":{"title":"Your favourite Coffee\nmachines","align":"left","title_color":"#C18561","typography_typography":"custom","typography_font_size":{"unit":"px","size":50,"sizes":[]},"_margin":{"unit":"px","top":"0","right":"0","bottom":"0","left":"0","isLinked":false},"_padding":{"unit":"px","top":"0","right":"58","bottom":"35","left":"0","isLinked":false},"align_mobile":"center","typography_font_size_mobile":{"unit":"px","size":30,"sizes":[]},"_padding_mobile":{"unit":"px","top":"0","right":"0","bottom":"25","left":"0","isLinked":false},"typography_font_family":"Red Rose"},"elements":[],"widgetType":"heading"},{"id":"fef744b","elType":"widget","settings":{"editor":"Perfectly designed from the inside out with a state of the art burr grinder surrounded by a strong but lightweight stainless steel casing.","text_color":"#000000","typography_typography":"custom","typography_font_family":"BROmny","typography_font_size":{"unit":"px","size":18,"sizes":[]},"align_mobile":"center","_margin_mobile":{"unit":"px","top":"0","right":"0","bottom":"0","left":"0","isLinked":true},"_padding_mobile":{"unit":"px","top":"0","right":"0","bottom":"10","left":"0","isLinked":false},"_margin":{"unit":"px","top":"0","right":"0","bottom":"10","left":"0","isLinked":false}},"elements":[],"widgetType":"text-editor"},{"id":"e8e5af5","elType":"widget","settings":{"editor":"Duis aute irure dolor in reprehenderit in voluptate velit esse cillum<br>dolore eu fugiat nulla pariatur.","typography_typography":"custom","typography_font_size":{"unit":"px","size":16,"sizes":[]},"align_mobile":"center"},"elements":[],"widgetType":"text-editor"}],"isInner":true},{"id":"f1df900","elType":"column","settings":{"_column_size":50,"_inline_size":55.5,"_inline_size_tablet":40,"background_background":"classic","background_image":{"url":"https:\/\/demo2wpopal.b-cdn.net\/smartic\/wp-content\/uploads\/2021\/04\/home_35_png-2.png","id":14999},"background_position":"center center","background_repeat":"no-repeat","background_size_tablet":"contain","background_position_mobile":"center right"},"elements":[],"isInner":true}],"isInner":true}],"isInner":false}],"isInner":false},{"id":"c62e403","elType":"section","settings":{"layout":"full_width","gap":"no","stretch_section":"section-stretched","html_tag":"div"},"elements":[{"id":"82112fd","elType":"column","settings":{"_column_size":100,"_inline_size":null,"background_background":"classic","background_image":{"url":"https:\/\/demo2wpopal.b-cdn.net\/smartic\/wp-content\/uploads\/2021\/04\/Home-35-05.png","id":11018},"background_position":"center center","background_repeat":"no-repeat","padding":{"unit":"px","top":"150","right":"0","bottom":"160","left":"0","isLinked":false},"background_position_mobile":"center right","padding_tablet":{"unit":"px","top":"70","right":"30","bottom":"65","left":"30","isLinked":false},"padding_mobile":{"unit":"px","top":"60","right":"015","bottom":"045","left":"015","isLinked":false},"background_motion_fx_translateY_affectedRange":{"unit":"%","size":"","sizes":{"start":15,"end":100}},"background_motion_fx_scale_direction":"out-in-out","background_motion_fx_scale_range":{"unit":"%","size":"","sizes":{"start":10,"end":91}},"background_size":"cover","background_motion_fx_translateY_effect":"yes","background_position_tablet":"center center"},"elements":[{"id":"e7f689c","elType":"section","settings":{"gap":"no","structure":"20","padding_tablet":{"unit":"px","top":"0","right":"0","bottom":"0","left":"0","isLinked":true},"padding":{"unit":"px","top":"0","right":"30","bottom":"0","left":"30","isLinked":false},"html_tag":"div"},"elements":[{"id":"79bb3a4","elType":"column","settings":{"_column_size":50,"_inline_size":60,"_inline_size_tablet":40},"elements":[],"isInner":true},{"id":"3e149b2","elType":"column","settings":{"_column_size":50,"_inline_size":39.84599999999999653255144949071109294891357421875,"animation":"fadeInRight","_inline_size_tablet":60,"padding_tablet":{"unit":"px","top":"0","right":"0","bottom":"0","left":"0","isLinked":false}},"elements":[{"id":"4ea7c4a","elType":"widget","settings":{"title":"Unique experience","align":"left","title_color":"#C18561","typography_typography":"custom","typography_font_size":{"unit":"px","size":50,"sizes":[]},"_padding":{"unit":"px","top":"0","right":"0","bottom":"30","left":"0","isLinked":false},"align_mobile":"center","typography_font_size_mobile":{"unit":"px","size":30,"sizes":[]},"typography_font_family":"Red Rose","_padding_mobile":{"unit":"px","top":"0","right":"0","bottom":"025","left":"0","isLinked":false},"text_shadow_text_shadow_type":"yes","text_shadow_text_shadow":{"horizontal":0,"vertical":1,"blur":5,"color":"rgba(0,0,0,0.3)"},"align_tablet":"right"},"elements":[],"widgetType":"heading"},{"id":"f0cd230","elType":"widget","settings":{"editor":"Brew a pot of coffee just the way you like it and keep it warm all day.","align":"left","text_color":"#FFFFFF","typography_typography":"custom","typography_font_family":"BROmny","typography_font_size":{"unit":"px","size":18,"sizes":[]},"align_mobile":"center","_margin":{"unit":"px","top":"0","right":"0","bottom":"20","left":"0","isLinked":false},"align_tablet":"right"},"elements":[],"widgetType":"text-editor"},{"id":"342aa31","elType":"widget","settings":{"editor":"Ut enim ad minim veniam, quis nostrud exercitation ullamco laboris nisi ut aliquip ex ea commodo consequat. Duis aute irure dolor in reprehenderit in voluptate velit esse cillum dolore","align":"left","typography_typography":"custom","typography_font_size":{"unit":"px","size":16,"sizes":[]},"_margin":{"unit":"px","top":"-8","right":"0","bottom":"0","left":"0","isLinked":false},"text_color":"#999999","align_mobile":"center","align_tablet":"right"},"elements":[],"widgetType":"text-editor"}],"isInner":true}],"isInner":true}],"isInner":false}],"isInner":false},{"id":"10880c8","elType":"section","settings":{"gap":"no","stretch_section":"section-stretched","margin":{"unit":"px","top":"0","right":0,"bottom":"60","left":0,"isLinked":false},"margin_tablet":{"unit":"px","top":"0","right":0,"bottom":"0","left":0,"isLinked":false},"padding":{"unit":"px","top":"0","right":"30","bottom":"0","left":"30","isLinked":false},"padding_tablet":{"unit":"px","top":"0","right":"0","bottom":"0","left":"0","isLinked":false},"html_tag":"div"},"elements":[{"id":"ad3aa5f","elType":"column","settings":{"_column_size":100,"_inline_size":null,"background_background":"classic","background_image":{"url":"https:\/\/demo2wpopal.b-cdn.net\/smartic\/wp-content\/uploads\/2021\/04\/Home-35-06.png","id":12527},"background_position":"center center","background_position_tablet":"center center","background_repeat":"no-repeat","padding_tablet":{"unit":"px","top":"65","right":"30","bottom":"65","left":"30","isLinked":false},"padding_mobile":{"unit":"px","top":"60","right":"015","bottom":"045","left":"015","isLinked":false},"background_position_mobile":"center left","background_size":"cover"},"elements":[{"id":"2897766","elType":"section","settings":{"gap":"no","structure":"20","html_tag":"div"},"elements":[{"id":"3f54fb2","elType":"column","settings":{"_column_size":50,"_inline_size":38,"background_background":"classic","padding":{"unit":"px","top":"110","right":"0","bottom":"125","left":"0","isLinked":false},"margin_mobile":{"unit":"px","top":"0","right":"0","bottom":"0","left":"0","isLinked":false},"padding_tablet":{"unit":"px","top":"0","right":"0","bottom":"0","left":"0","isLinked":false},"animation":"fadeInLeft","_inline_size_tablet":50},"elements":[{"id":"5f538c6","elType":"widget","settings":{"title":"Stay connected\nwith app","align":"left","title_color":"#C18561","typography_typography":"custom","typography_font_size":{"unit":"px","size":50,"sizes":[]},"_padding":{"unit":"px","top":"0","right":"0","bottom":"30","left":"0","isLinked":false},"align_mobile":"center","typography_font_size_mobile":{"unit":"px","size":30,"sizes":[]},"typography_font_family":"Red Rose","_padding_mobile":{"unit":"px","top":"0","right":"0","bottom":"025","left":"0","isLinked":false}},"elements":[],"widgetType":"heading"},{"id":"4b41185","elType":"widget","settings":{"editor":"Remote brew fresh coffee from anywhere in the house, directly from your smartphone.","align":"left","text_color":"#000000","typography_typography":"custom","typography_font_family":"BROmny","typography_font_size":{"unit":"px","size":18,"sizes":[]},"align_mobile":"center","_margin":{"unit":"px","top":"0","right":"0","bottom":"20","left":"0","isLinked":false}},"elements":[],"widgetType":"text-editor"},{"id":"ea3061f","elType":"widget","settings":{"icon_list":[{"text":"Caccusantium doloremque laudantium.","_id":"e2ca6b9","selected_icon":{"value":"fas fa-check-square","library":"fa-solid"}},{"text":"Totam rem aperiam, eaque ipsa quae ab illo inventore.","selected_icon":{"value":"fas fa-check-square","library":"fa-solid"},"_id":"8dc5185"},{"text":"  Veritatis et quasi architecto beatae vitae.","selected_icon":{"value":"fas fa-check-square","library":"fa-solid"},"_id":"875396d"}],"icon_color":"#C18561","icon_size":{"unit":"px","size":15,"sizes":[]},"text_color":"#666666","icon_typography_typography":"custom","icon_typography_font_size":{"unit":"px","size":16,"sizes":[]},"icon_typography_line_height":{"unit":"px","size":24,"sizes":[]},"space_between":{"unit":"px","size":10,"sizes":[]},"icon_align_mobile":"left","text_color_hover":"#289C28","__globals__":{"text_color_hover":"globals\/colors?id=primary","icon_color_hover":"globals\/colors?id=primary"},"icon_self_align_mobile":"left","_element_custom_width_mobile":{"unit":"px","size":330,"sizes":[]},"_padding_mobile":{"unit":"px","top":"0","right":"0","bottom":"0","left":"0","isLinked":true},"_element_width_mobile":"initial"},"elements":[],"widgetType":"icon-list"}],"isInner":true},{"id":"ceec477","elType":"column","settings":{"_column_size":50,"_inline_size":62,"_inline_size_tablet":50},"elements":[],"isInner":true}],"isInner":true}],"isInner":false}],"isInner":false},{"id":"b1f4c9d","elType":"section","settings":{"layout":"full_width","gap":"no","stretch_section":"section-stretched","margin":{"unit":"px","top":"0","right":0,"bottom":"055","left":0,"isLinked":false},"margin_mobile":{"unit":"px","top":"","right":0,"bottom":"","left":0,"isLinked":true},"padding_mobile":{"unit":"px","top":"0","right":"0","bottom":"0","left":"0","isLinked":false},"html_tag":"div"},"elements":[{"id":"791f909","elType":"column","settings":{"_column_size":100,"_inline_size":null,"background_background":"classic","background_image":{"url":"https:\/\/demo2wpopal.b-cdn.net\/smartic\/wp-content\/uploads\/2021\/04\/Home-35-09.jpg","id":12696},"background_position":"center center","background_repeat":"no-repeat","padding_tablet":{"unit":"px","top":"70","right":"30","bottom":"70","left":"30","isLinked":false},"padding_mobile":{"unit":"px","top":"60","right":"015","bottom":"045","left":"015","isLinked":false},"background_motion_fx_translateY_affectedRange":{"unit":"%","size":"","sizes":{"start":15,"end":100}},"background_motion_fx_scale_direction":"out-in-out","background_motion_fx_scale_range":{"unit":"%","size":"","sizes":{"start":20,"end":90}},"background_size":"cover","background_position_mobile":"center right","background_position_tablet":"center center","background_motion_fx_translateY_effect":"yes"},"elements":[{"id":"01c2b53","elType":"section","settings":{"gap":"no","structure":"20","padding":{"unit":"px","top":"0","right":"30","bottom":"0","left":"30","isLinked":false},"padding_tablet":{"unit":"px","top":"0","right":"0","bottom":"0","left":"0","isLinked":false},"html_tag":"div"},"elements":[{"id":"063f653","elType":"column","settings":{"_column_size":50,"_inline_size":59,"padding_tablet":{"unit":"px","top":"0","right":"0","bottom":"0","left":"0","isLinked":true},"_inline_size_tablet":40},"elements":[],"isInner":true},{"id":"639a6ec","elType":"column","settings":{"_column_size":50,"_inline_size":40.84599999999999653255144949071109294891357421875,"padding":{"unit":"px","top":"155","right":"0","bottom":"175","left":"0","isLinked":false},"padding_tablet":{"unit":"px","top":"0","right":"0","bottom":"0","left":"0","isLinked":false},"animation":"fadeInRight","_inline_size_tablet":60,"margin_tablet":{"unit":"px","top":"0","right":"0","bottom":"0","left":"0","isLinked":false}},"elements":[{"id":"319c10a","elType":"widget","settings":{"title":"Ready when you are...","align":"left","title_color":"#C18561","typography_typography":"custom","typography_font_size":{"unit":"px","size":50,"sizes":[]},"_padding":{"unit":"px","top":"0","right":"0","bottom":"30","left":"0","isLinked":false},"align_mobile":"center","typography_font_size_mobile":{"unit":"px","size":30,"sizes":[]},"typography_font_family":"Red Rose","_padding_mobile":{"unit":"px","top":"0","right":"0","bottom":"025","left":"0","isLinked":false},"align_tablet":"right"},"elements":[],"widgetType":"heading"},{"id":"45095a2","elType":"widget","settings":{"editor":"Brew a pot of coffee just the way you like it and keep it warm all day.","align":"left","text_color":"#FFFFFF","typography_typography":"custom","typography_font_family":"BROmny","typography_font_size":{"unit":"px","size":18,"sizes":[]},"align_mobile":"center","_margin":{"unit":"px","top":"0","right":"0","bottom":"20","left":"0","isLinked":false},"align_tablet":"right"},"elements":[],"widgetType":"text-editor"},{"id":"6047082","elType":"widget","settings":{"editor":"Ut enim ad minim veniam, quis nostrud exercitation ullamco laboris nisi ut aliquip ex ea commodo consequat. Duis aute irure dolor in reprehenderit in voluptate velit esse cillum dolore","align":"left","typography_typography":"custom","typography_font_size":{"unit":"px","size":16,"sizes":[]},"_margin":{"unit":"px","top":"-8","right":"0","bottom":"0","left":"0","isLinked":false},"text_color":"#999999","align_mobile":"center","align_tablet":"right"},"elements":[],"widgetType":"text-editor"}],"isInner":true}],"isInner":true}],"isInner":false}],"isInner":false},{"id":"680cff8","elType":"section","settings":{"gap":"no","stretch_section":"section-stretched","animation":"fadeInUp","layout":"full_width","margin":{"unit":"px","top":"","right":0,"bottom":"","left":0,"isLinked":true},"padding":{"unit":"px","top":"0","right":"30","bottom":"0","left":"30","isLinked":false},"padding_tablet":{"unit":"px","top":"0","right":"15","bottom":"0","left":"15","isLinked":false},"html_tag":"div"},"elements":[{"id":"6023f02","elType":"column","settings":{"_column_size":100,"_inline_size":null,"background_background":"classic","background_image":{"url":"https:\/\/demo2wpopal.b-cdn.net\/smartic\/wp-content\/uploads\/2021\/04\/Home-35-10.png","id":11589},"background_position":"initial","background_repeat":"no-repeat","padding":{"unit":"px","top":"0","right":"0","bottom":"75","left":"0","isLinked":false},"background_position_tablet":"initial","background_xpos_tablet":{"unit":"%","size":75,"sizes":[]},"background_xpos_mobile":{"unit":"%","size":0,"sizes":[]},"background_ypos":{"unit":"px","size":-50,"sizes":[]},"background_ypos_tablet":{"unit":"%","size":100,"sizes":[]},"background_repeat_mobile":"no-repeat","background_bg_width_mobile":{"unit":"px","size":0,"sizes":[]},"padding_tablet":{"unit":"px","top":"0","right":"0","bottom":"180","left":"0","isLinked":false}},"elements":[{"id":"87369f5","elType":"section","settings":{"structure":"40","content_width":{"unit":"px","size":1290,"sizes":[]},"animation":"none","html_tag":"div"},"elements":[{"id":"fd6220e","elType":"column","settings":{"_column_size":25,"_inline_size":24,"padding":{"unit":"px","top":"0","right":"015","bottom":"0","left":"015","isLinked":false},"_inline_size_tablet":44,"margin_mobile":{"unit":"px","top":"0","right":"0","bottom":"0","left":"0","isLinked":true},"padding_mobile":{"unit":"px","top":"0","right":"0","bottom":"50","left":"0","isLinked":false},"padding_tablet":{"unit":"px","top":"0","right":"0","bottom":"0","left":"0","isLinked":true},"animation":"fadeInUp","animation_delay":100,"content_position_tablet":"bottom"},"elements":[{"id":"1bc738c","elType":"widget","settings":{"image":{"url":"https:\/\/demo2wpopal.b-cdn.net\/smartic\/wp-content\/uploads\/2021\/04\/Home-35-09.png","id":11248},"image_size":"full","width_tablet":{"unit":"%","size":40,"sizes":[]}},"elements":[],"widgetType":"image"}],"isInner":true},{"id":"ccc75c5","elType":"column","settings":{"_column_size":25,"_inline_size":25.5,"padding":{"unit":"px","top":"0","right":"015","bottom":"0","left":"015","isLinked":false},"margin":{"unit":"px","top":"90","right":"0","bottom":"0","left":"0","isLinked":false},"_inline_size_tablet":56,"margin_mobile":{"unit":"px","top":"0","right":"0","bottom":"0","left":"0","isLinked":false},"padding_mobile":{"unit":"px","top":"0","right":"0","bottom":"40","left":"0","isLinked":false},"padding_tablet":{"unit":"px","top":"0","right":"0","bottom":"0","left":"0","isLinked":false},"animation":"fadeInUp","animation_delay":200},"elements":[{"id":"ba4960d","elType":"widget","settings":{"title":"Specifications","title_color":"#000000","typography_typography":"custom","typography_font_size":{"unit":"px","size":20,"sizes":[]},"typography_font_weight":"600","_padding":{"unit":"px","top":"0","right":"0","bottom":"15","left":"60","isLinked":false},"_border_border":"solid","_border_width":{"unit":"px","top":"0","right":"1","bottom":"0","left":"1","isLinked":false},"_border_color":"#E8EAEE","align_mobile":"center","_padding_mobile":{"unit":"px","top":"0","right":"0","bottom":"15","left":"0","isLinked":false},"_border_width_tablet":{"unit":"px","top":"0","right":"0","bottom":"0","left":"0","isLinked":false},"_border_width_mobile":{"unit":"px","top":"0","right":"0","bottom":"0","left":"0","isLinked":true}},"elements":[],"widgetType":"heading"},{"id":"1adc0ad","elType":"widget","settings":{"icon_list":[{"text":"Wireless 802.11 b\/g\/n","selected_icon":{"value":"","library":""},"_id":"5ec470b"},{"text":"WPA\/WPA2","selected_icon":{"value":"","library":""},"_id":"7e68123"},{"text":"Requires 2.4ghz router","selected_icon":{"value":"","library":""},"_id":"dfa0c93"},{"text":"220-240V~ 50\/60Hz","selected_icon":{"value":"","library":""},"_id":"27e8c70"},{"text":"900-1050W","selected_icon":{"value":"","library":""},"_id":"a49480b"}],"space_between":{"unit":"px","size":9,"sizes":[]},"text_color":"#666666","_padding":{"unit":"px","top":"0","right":"0","bottom":"0","left":"60","isLinked":false},"_border_border":"solid","_border_width":{"unit":"px","top":"0","right":"1","bottom":"0","left":"1","isLinked":false},"_border_color":"#E8EAEE","__globals__":{"text_color_hover":"globals\/colors?id=primary"},"icon_align_mobile":"center","_margin_mobile":{"unit":"px","top":"0","right":"0","bottom":"0","left":"0","isLinked":true},"_padding_mobile":{"unit":"px","top":"0","right":"0","bottom":"0","left":"0","isLinked":false},"_border_width_tablet":{"unit":"px","top":"0","right":"0","bottom":"0","left":"0","isLinked":false},"_border_width_mobile":{"unit":"px","top":"0","right":"0","bottom":"0","left":"0","isLinked":true}},"elements":[],"widgetType":"icon-list"}],"isInner":true},{"id":"891f4a5","elType":"column","settings":{"_column_size":25,"_inline_size":23.5,"padding":{"unit":"px","top":"0","right":"015","bottom":"0","left":"015","isLinked":false},"margin":{"unit":"px","top":"90","right":"0","bottom":"0","left":"0","isLinked":false},"_inline_size_tablet":50,"margin_mobile":{"unit":"px","top":"0","right":"0","bottom":"0","left":"0","isLinked":false},"padding_mobile":{"unit":"px","top":"0","right":"0","bottom":"40","left":"0","isLinked":false},"padding_tablet":{"unit":"px","top":"0","right":"0","bottom":"0","left":"0","isLinked":false},"animation":"fadeInUp","animation_delay":300,"margin_tablet":{"unit":"px","top":"50","right":"15","bottom":"0","left":"0","isLinked":false}},"elements":[{"id":"0d8f8f3","elType":"widget","settings":{"title":"What's in the box?","title_color":"#000000","typography_typography":"custom","typography_font_size":{"unit":"px","size":20,"sizes":[]},"typography_font_weight":"600","_padding":{"unit":"px","top":"0","right":"0","bottom":"15","left":"40","isLinked":false},"_border_width":{"unit":"px","top":"0","right":"0","bottom":"0","left":"1","isLinked":false},"_border_color":"#E8EAEE","align_mobile":"center","_padding_mobile":{"unit":"px","top":"0","right":"0","bottom":"015","left":"0","isLinked":false}},"elements":[],"widgetType":"heading"},{"id":"444d098","elType":"widget","settings":{"icon_list":[{"text":"Coffee Maker machine","selected_icon":{"value":"","library":""},"_id":"5ec470b"},{"text":"3 sets colour panels","selected_icon":{"value":"","library":""},"_id":"7e68123"},{"text":"Glass Carafe","selected_icon":{"value":"","library":""},"_id":"dfa0c93"},{"text":"Instruction manual","selected_icon":{"value":"","library":""},"_id":"27e8c70"}],"space_between":{"unit":"px","size":9,"sizes":[]},"text_color":"#666666","icon_typography_typography":"custom","_padding":{"unit":"px","top":"0","right":"0","bottom":"0","left":"40","isLinked":false},"_border_width":{"unit":"px","top":"0","right":"0","bottom":"0","left":"1","isLinked":false},"_border_color":"#E8EAEE","__globals__":{"text_color_hover":"globals\/colors?id=primary"},"icon_align_mobile":"center","_margin_mobile":{"unit":"px","top":"0","right":"0","bottom":"0","left":"0","isLinked":true},"_padding_mobile":{"unit":"px","top":"0","right":"0","bottom":"0","left":"0","isLinked":false}},"elements":[],"widgetType":"icon-list"}],"isInner":true},{"id":"339998f","elType":"column","settings":{"_column_size":25,"_inline_size":27,"padding":{"unit":"px","top":"0","right":"015","bottom":"0","left":"015","isLinked":false},"margin":{"unit":"px","top":"90","right":"0","bottom":"0","left":"0","isLinked":false},"_inline_size_tablet":50,"margin_mobile":{"unit":"px","top":"0","right":"0","bottom":"0","left":"0","isLinked":false},"padding_tablet":{"unit":"px","top":"0","right":"0","bottom":"0","left":"0","isLinked":false},"animation":"fadeInUp","animation_delay":400,"margin_tablet":{"unit":"px","top":"50","right":"0","bottom":"0","left":"15","isLinked":false}},"elements":[{"id":"c8e8497","elType":"widget","settings":{"title":"Get 10% off your first order","title_color":"#000000","typography_typography":"custom","typography_font_size":{"unit":"px","size":20,"sizes":[]},"typography_font_weight":"600","_padding":{"unit":"px","top":"0","right":"0","bottom":"15","left":"0","isLinked":false},"align_mobile":"center"},"elements":[],"widgetType":"heading"},{"id":"c2fb3c7","elType":"widget","settings":{"editor":"10% off is a limited-time offer for<br>first-time customers purchased.","typography_typography":"custom","typography_font_size":{"unit":"px","size":16,"sizes":[]},"_padding":{"unit":"px","top":"0","right":"0","bottom":"15","left":"0","isLinked":false},"align_mobile":"center","_padding_mobile":{"unit":"px","top":"0","right":"0","bottom":"20","left":"0","isLinked":false}},"elements":[],"widgetType":"text-editor"},{"id":"9529e93","elType":"widget","settings":{"text":"Order Now","background_color":"#C18561","text_padding":{"unit":"px","top":"017","right":"43","bottom":"017","left":"43","isLinked":false},"__globals__":{"button_background_hover_color":""},"align_mobile":"center","button_background_hover_color":"#289C28","text_padding_mobile":{"unit":"px","top":"015","right":"035","bottom":"015","left":"035","isLinked":false},"link":{"url":"https:\/\/demo2wpopal.b-cdn.net\/smartic\/product\/your-favourite-coffee-machines\/","is_external":"","nofollow":"","custom_attributes":""}},"elements":[],"widgetType":"button"}],"isInner":true}],"isInner":true}],"isInner":false}],"isInner":false}]]]></wp:meta_value>
  </wp:postmeta>
  <wp:postmeta>
    <wp:meta_key>_elementor_controls_usage</wp:meta_key>
    <wp:meta_value><![CDATA[a:9:{s:17:"smartic-revslider";a:3:{s:5:"count";i:1;s:15:"control_percent";i:0;s:8:"controls";a:1:{s:7:"content";a:1:{s:10:"rev_slider";a:1:{s:9:"rev_alias";i:1;}}}}s:6:"column";a:3:{s:5:"count";i:25;s:15:"control_percent";i:4;s:8:"controls";a:3:{s:6:"layout";a:1:{s:6:"layout";a:8:{s:12:"_inline_size";i:25;s:16:"content_position";i:1;s:5:"align";i:4;s:21:"space_between_widgets";i:1;s:12:"align_mobile";i:3;s:19:"_inline_size_tablet";i:14;s:23:"content_position_tablet";i:2;s:12:"align_tablet";i:1;}}s:8:"advanced";a:2:{s:16:"section_advanced";a:6:{s:14:"padding_mobile";i:13;s:6:"margin";i:4;s:7:"padding";i:14;s:13:"margin_mobile";i:7;s:14:"padding_tablet";i:15;s:13:"margin_tablet";i:3;}s:15:"section_effects";a:3:{s:9:"animation";i:12;s:15:"animation_delay";i:7;s:29:"motion_fx_motion_fx_scrolling";i:1;}}s:5:"style";a:1:{s:13:"section_style";a:21:{s:21:"background_background";i:7;s:16:"background_image";i:7;s:19:"background_position";i:7;s:17:"background_repeat";i:7;s:26:"background_position_mobile";i:5;s:41:"background_motion_fx_mouseTrack_direction";i:1;s:45:"background_motion_fx_translateY_affectedRange";i:3;s:41:"background_motion_fx_translateX_direction";i:1;s:38:"background_motion_fx_opacity_direction";i:1;s:38:"background_motion_fx_translateY_effect";i:3;s:15:"background_size";i:4;s:22:"background_size_tablet";i:1;s:26:"background_position_tablet";i:5;s:22:"background_xpos_tablet";i:2;s:22:"background_ypos_tablet";i:2;s:36:"background_motion_fx_scale_direction";i:2;s:32:"background_motion_fx_scale_range";i:2;s:22:"background_xpos_mobile";i:1;s:15:"background_ypos";i:1;s:24:"background_repeat_mobile";i:1;s:26:"background_bg_width_mobile";i:1;}}}}s:7:"section";a:3:{s:5:"count";i:15;s:15:"control_percent";i:2;s:8:"controls";a:2:{s:6:"layout";a:2:{s:14:"section_layout";a:4:{s:3:"gap";i:14;s:15:"stretch_section";i:9;s:13:"content_width";i:2;s:6:"layout";i:4;}s:17:"section_structure";a:1:{s:9:"structure";i:7;}}s:8:"advanced";a:2:{s:16:"section_advanced";a:6:{s:6:"margin";i:6;s:13:"margin_mobile";i:6;s:13:"margin_tablet";i:3;s:14:"padding_tablet";i:6;s:7:"padding";i:7;s:14:"padding_mobile";i:3;}s:15:"section_effects";a:1:{s:9:"animation";i:3;}}}}s:7:"heading";a:3:{s:5:"count";i:9;s:15:"control_percent";i:2;s:8:"controls";a:3:{s:7:"content";a:1:{s:13:"section_title";a:4:{s:5:"title";i:9;s:5:"align";i:6;s:12:"align_tablet";i:3;s:12:"align_mobile";i:8;}}s:5:"style";a:1:{s:19:"section_title_style";a:8:{s:11:"title_color";i:9;s:21:"typography_typography";i:9;s:20:"typography_font_size";i:9;s:22:"typography_font_family";i:6;s:27:"typography_font_size_mobile";i:6;s:23:"text_shadow_text_shadow";i:2;s:28:"text_shadow_text_shadow_type";i:1;s:22:"typography_font_weight";i:3;}}s:8:"advanced";a:3:{s:15:"section_effects";a:1:{s:10:"_animation";i:1;}s:14:"_section_style";a:3:{s:8:"_padding";i:8;s:15:"_padding_mobile";i:7;s:7:"_margin";i:1;}s:15:"_section_border";a:5:{s:14:"_border_border";i:1;s:13:"_border_width";i:2;s:13:"_border_color";i:2;s:20:"_border_width_tablet";i:1;s:20:"_border_width_mobile";i:1;}}}}s:8:"icon-box";a:3:{s:5:"count";i:3;s:15:"control_percent";i:5;s:8:"controls";a:3:{s:7:"content";a:1:{s:12:"section_icon";a:4:{s:10:"title_text";i:3;s:16:"description_text";i:3;s:13:"selected_icon";i:3;s:4:"link";i:3;}}s:5:"style";a:2:{s:18:"section_style_icon";a:2:{s:10:"icon_space";i:3;s:9:"icon_size";i:3;}s:21:"section_style_content";a:7:{s:11:"title_color";i:3;s:27:"title_typography_typography";i:3;s:26:"title_typography_font_size";i:3;s:28:"title_typography_font_weight";i:3;s:33:"description_typography_typography";i:3;s:37:"description_typography_letter_spacing";i:3;s:28:"title_typography_line_height";i:3;}}s:8:"advanced";a:1:{s:17:"_section_position";a:4:{s:21:"_element_width_mobile";i:3;s:28:"_element_custom_width_mobile";i:3;s:14:"_element_width";i:3;s:21:"_element_custom_width";i:3;}}}}s:11:"text-editor";a:3:{s:5:"count";i:10;s:15:"control_percent";i:2;s:8:"controls";a:3:{s:7:"content";a:1:{s:14:"section_editor";a:1:{s:6:"editor";i:10;}}s:5:"style";a:1:{s:13:"section_style";a:10:{s:5:"align";i:7;s:10:"text_color";i:7;s:21:"typography_typography";i:10;s:22:"typography_font_family";i:5;s:20:"typography_font_size";i:10;s:22:"typography_line_height";i:5;s:12:"align_tablet";i:6;s:12:"align_mobile";i:10;s:29:"texteditor_shadow_text_shadow";i:2;s:34:"texteditor_shadow_text_shadow_type";i:1;}}s:8:"advanced";a:2:{s:14:"_section_style";a:4:{s:7:"_margin";i:8;s:14:"_margin_mobile";i:1;s:15:"_padding_mobile";i:2;s:8:"_padding";i:1;}s:17:"_section_position";a:1:{s:28:"_element_custom_width_tablet";i:1;}}}}s:9:"icon-list";a:3:{s:5:"count";i:3;s:15:"control_percent";i:3;s:8:"controls";a:3:{s:7:"content";a:1:{s:12:"section_icon";a:1:{s:9:"icon_list";i:3;}}s:5:"style";a:3:{s:18:"section_icon_style";a:3:{s:10:"icon_color";i:1;s:9:"icon_size";i:1;s:22:"icon_self_align_mobile";i:1;}s:18:"section_text_style";a:5:{s:10:"text_color";i:3;s:26:"icon_typography_typography";i:2;s:25:"icon_typography_font_size";i:1;s:27:"icon_typography_line_height";i:1;s:16:"text_color_hover";i:1;}s:17:"section_icon_list";a:2:{s:13:"space_between";i:3;s:17:"icon_align_mobile";i:3;}}s:8:"advanced";a:3:{s:17:"_section_position";a:2:{s:28:"_element_custom_width_mobile";i:1;s:21:"_element_width_mobile";i:1;}s:14:"_section_style";a:3:{s:15:"_padding_mobile";i:3;s:8:"_padding";i:2;s:14:"_margin_mobile";i:2;}s:15:"_section_border";a:5:{s:14:"_border_border";i:1;s:13:"_border_width";i:2;s:13:"_border_color";i:2;s:20:"_border_width_tablet";i:1;s:20:"_border_width_mobile";i:1;}}}}s:5:"image";a:3:{s:5:"count";i:1;s:15:"control_percent";i:1;s:8:"controls";a:2:{s:7:"content";a:1:{s:13:"section_image";a:2:{s:5:"image";i:1;s:10:"image_size";i:1;}}s:5:"style";a:1:{s:19:"section_style_image";a:1:{s:12:"width_tablet";i:1;}}}}s:6:"button";a:3:{s:5:"count";i:1;s:15:"control_percent";i:2;s:8:"controls";a:2:{s:7:"content";a:1:{s:14:"section_button";a:3:{s:4:"text";i:1;s:12:"align_mobile";i:1;s:4:"link";i:1;}}s:5:"style";a:1:{s:13:"section_style";a:4:{s:16:"background_color";i:1;s:12:"text_padding";i:1;s:29:"button_background_hover_color";i:1;s:19:"text_padding_mobile";i:1;}}}}}]]></wp:meta_value>
  </wp:postmeta>
  <wp:postmeta>
    <wp:meta_key>_elementor_page_assets</wp:meta_key>
    <wp:meta_value><![CDATA[a:1:{s:6:"styles";a:14:{i:0;s:12:"e-animations";i:1;s:12:"e-animations";i:2;s:12:"e-animations";i:3;s:12:"e-animations";i:4;s:12:"e-animations";i:5;s:12:"e-animations";i:6;s:12:"e-animations";i:7;s:12:"e-animations";i:8;s:12:"e-animations";i:9;s:12:"e-animations";i:10;s:12:"e-animations";i:11;s:12:"e-animations";i:12;s:12:"e-animations";i:13;s:12:"e-animations";}}]]></wp:meta_value>
  </wp:postmeta>
</item>
<item>
  <title><![CDATA[Home-35-01]]></title>
  <link>https://demo2wpopal.b-cdn.net/smartic/home-35/home-35-01/</link>
  <pubDate>Fri, 09 Apr 2021 02:40:19 +0000</pubDate>
  <dc:creator>admin</dc:creator>
  <guid isPermaLink="false">https://demo2wpopal.b-cdn.net/smartic/wp-content/uploads/2021/04/Home-35-01.png</guid>
  <description/>
  <content:encoded><![CDATA[]]></content:encoded>
  <excerpt:encoded><![CDATA[]]></excerpt:encoded>
  <wp:post_id>10883</wp:post_id>
  <wp:post_date>2021-04-09 02:40:19</wp:post_date>
  <wp:post_date_gmt>2021-04-09 02:40:19</wp:post_date_gmt>
  <wp:post_modified>2021-04-09 02:40:19</wp:post_modified>
  <wp:post_modified_gmt>2021-04-09 02:40:19</wp:post_modified_gmt>
  <wp:comment_status>open</wp:comment_status>
  <wp:ping_status>closed</wp:ping_status>
  <wp:post_name>home-35-01</wp:post_name>
  <wp:status>inherit</wp:status>
  <wp:post_parent>10696</wp:post_parent>
  <wp:menu_order>0</wp:menu_order>
  <wp:post_type>attachment</wp:post_type>
  <wp:post_password/>
  <wp:is_sticky>0</wp:is_sticky>
  <wp:attachment_url>https://demo2wpopal.b-cdn.net/smartic/wp-content/uploads/2021/04/Home-35-01.png</wp:attachment_url>
  <wp:postmeta>
    <wp:meta_key>_wp_attached_file</wp:meta_key>
    <wp:meta_value><![CDATA[2021/04/Home-35-01.png]]></wp:meta_value>
  </wp:postmeta>
  <wp:postmeta>
    <wp:meta_key>_wp_attachment_metadata</wp:meta_key>
    <wp:meta_value><![CDATA[a:6:{s:5:"width";i:1920;s:6:"height";i:851;s:4:"file";s:22:"2021/04/Home-35-01.png";s:8:"filesize";i:241433;s:5:"sizes";a:12:{s:6:"medium";a:5:{s:4:"file";s:22:"Home-35-01-300x133.png";s:5:"width";i:300;s:6:"height";i:133;s:9:"mime-type";s:9:"image/png";s:8:"filesize";i:10431;}s:5:"large";a:5:{s:4:"file";s:23:"Home-35-01-1024x454.png";s:5:"width";i:1024;s:6:"height";i:454;s:9:"mime-type";s:9:"image/png";s:8:"filesize";i:80416;}s:9:"thumbnail";a:5:{s:4:"file";s:22:"Home-35-01-150x150.png";s:5:"width";i:150;s:6:"height";i:150;s:9:"mime-type";s:9:"image/png";s:8:"filesize";i:10152;}s:12:"medium_large";a:5:{s:4:"file";s:22:"Home-35-01-768x340.png";s:5:"width";i:768;s:6:"height";i:340;s:9:"mime-type";s:9:"image/png";s:8:"filesize";i:48750;}s:9:"1536x1536";a:5:{s:4:"file";s:23:"Home-35-01-1536x681.png";s:5:"width";i:1536;s:6:"height";i:681;s:9:"mime-type";s:9:"image/png";s:8:"filesize";i:161822;}s:14:"post-thumbnail";a:5:{s:4:"file";s:23:"Home-35-01-1000x565.png";s:5:"width";i:1000;s:6:"height";i:565;s:9:"mime-type";s:9:"image/png";s:8:"filesize";i:115138;}s:17:"smartic-post-grid";a:5:{s:4:"file";s:22:"Home-35-01-500x330.png";s:5:"width";i:500;s:6:"height";i:330;s:9:"mime-type";s:9:"image/png";s:8:"filesize";i:44701;}s:21:"woocommerce_thumbnail";a:6:{s:4:"file";s:22:"Home-35-01-500x222.png";s:5:"width";i:500;s:6:"height";i:222;s:9:"mime-type";s:9:"image/png";s:8:"filesize";i:23791;s:9:"uncropped";b:1;}s:18:"woocommerce_single";a:5:{s:4:"file";s:22:"Home-35-01-800x355.png";s:5:"width";i:800;s:6:"height";i:355;s:9:"mime-type";s:9:"image/png";s:8:"filesize";i:52161;}s:29:"woocommerce_gallery_thumbnail";a:5:{s:4:"file";s:22:"Home-35-01-100x100.png";s:5:"width";i:100;s:6:"height";i:100;s:9:"mime-type";s:9:"image/png";s:8:"filesize";i:5283;}s:29:"variation_swatches_image_size";a:5:{s:4:"file";s:20:"Home-35-01-50x50.png";s:5:"width";i:50;s:6:"height";i:50;s:9:"mime-type";s:9:"image/png";s:8:"filesize";i:1859;}s:31:"variation_swatches_tooltip_size";a:5:{s:4:"file";s:22:"Home-35-01-100x100.png";s:5:"width";i:100;s:6:"height";i:100;s:9:"mime-type";s:9:"image/png";s:8:"filesize";i:5283;}}s:10:"image_meta";a:12:{s:8:"aperture";s:1:"0";s:6:"credit";s:0:"";s:6:"camera";s:0:"";s:7:"caption";s:0:"";s:17:"created_timestamp";s:1:"0";s:9:"copyright";s:0:"";s:12:"focal_length";s:1:"0";s:3:"iso";s:1:"0";s:13:"shutter_speed";s:1:"0";s:5:"title";s:0:"";s:11:"orientation";s:1:"0";s:8:"keywords";a:0:{}}}]]></wp:meta_value>
  </wp:postmeta>
</item>
<item>
  <title><![CDATA[Home-35-03]]></title>
  <link>https://demo2wpopal.b-cdn.net/smartic/home-35/home-35-03/</link>
  <pubDate>Fri, 09 Apr 2021 03:04:10 +0000</pubDate>
  <dc:creator>admin</dc:creator>
  <guid isPermaLink="false">https://demo2wpopal.b-cdn.net/smartic/wp-content/uploads/2021/04/Home-35-03.png</guid>
  <description/>
  <content:encoded><![CDATA[]]></content:encoded>
  <excerpt:encoded><![CDATA[]]></excerpt:encoded>
  <wp:post_id>10931</wp:post_id>
  <wp:post_date>2021-04-09 03:04:10</wp:post_date>
  <wp:post_date_gmt>2021-04-09 03:04:10</wp:post_date_gmt>
  <wp:post_modified>2021-04-09 03:04:10</wp:post_modified>
  <wp:post_modified_gmt>2021-04-09 03:04:10</wp:post_modified_gmt>
  <wp:comment_status>open</wp:comment_status>
  <wp:ping_status>closed</wp:ping_status>
  <wp:post_name>home-35-03</wp:post_name>
  <wp:status>inherit</wp:status>
  <wp:post_parent>10696</wp:post_parent>
  <wp:menu_order>0</wp:menu_order>
  <wp:post_type>attachment</wp:post_type>
  <wp:post_password/>
  <wp:is_sticky>0</wp:is_sticky>
  <wp:attachment_url>https://demo2wpopal.b-cdn.net/smartic/wp-content/uploads/2021/04/Home-35-03.png</wp:attachment_url>
  <wp:postmeta>
    <wp:meta_key>_wp_attached_file</wp:meta_key>
    <wp:meta_value><![CDATA[2021/04/Home-35-03.png]]></wp:meta_value>
  </wp:postmeta>
  <wp:postmeta>
    <wp:meta_key>_wp_attachment_metadata</wp:meta_key>
    <wp:meta_value><![CDATA[a:6:{s:5:"width";i:1920;s:6:"height";i:530;s:4:"file";s:22:"2021/04/Home-35-03.png";s:8:"filesize";i:948106;s:5:"sizes";a:12:{s:6:"medium";a:5:{s:4:"file";s:21:"Home-35-03-300x83.png";s:5:"width";i:300;s:6:"height";i:83;s:9:"mime-type";s:9:"image/png";s:8:"filesize";i:29560;}s:5:"large";a:5:{s:4:"file";s:23:"Home-35-03-1024x283.png";s:5:"width";i:1024;s:6:"height";i:283;s:9:"mime-type";s:9:"image/png";s:8:"filesize";i:303443;}s:9:"thumbnail";a:5:{s:4:"file";s:22:"Home-35-03-150x150.png";s:5:"width";i:150;s:6:"height";i:150;s:9:"mime-type";s:9:"image/png";s:8:"filesize";i:31582;}s:12:"medium_large";a:5:{s:4:"file";s:22:"Home-35-03-768x212.png";s:5:"width";i:768;s:6:"height";i:212;s:9:"mime-type";s:9:"image/png";s:8:"filesize";i:175174;}s:9:"1536x1536";a:5:{s:4:"file";s:23:"Home-35-03-1536x424.png";s:5:"width";i:1536;s:6:"height";i:424;s:9:"mime-type";s:9:"image/png";s:8:"filesize";i:650250;}s:14:"post-thumbnail";a:5:{s:4:"file";s:23:"Home-35-03-1000x530.png";s:5:"width";i:1000;s:6:"height";i:530;s:9:"mime-type";s:9:"image/png";s:8:"filesize";i:606345;}s:17:"smartic-post-grid";a:5:{s:4:"file";s:22:"Home-35-03-500x330.png";s:5:"width";i:500;s:6:"height";i:330;s:9:"mime-type";s:9:"image/png";s:8:"filesize";i:187068;}s:21:"woocommerce_thumbnail";a:6:{s:4:"file";s:22:"Home-35-03-500x138.png";s:5:"width";i:500;s:6:"height";i:138;s:9:"mime-type";s:9:"image/png";s:8:"filesize";i:76361;s:9:"uncropped";b:1;}s:18:"woocommerce_single";a:5:{s:4:"file";s:22:"Home-35-03-800x221.png";s:5:"width";i:800;s:6:"height";i:221;s:9:"mime-type";s:9:"image/png";s:8:"filesize";i:188477;}s:29:"woocommerce_gallery_thumbnail";a:5:{s:4:"file";s:22:"Home-35-03-100x100.png";s:5:"width";i:100;s:6:"height";i:100;s:9:"mime-type";s:9:"image/png";s:8:"filesize";i:15089;}s:29:"variation_swatches_image_size";a:5:{s:4:"file";s:20:"Home-35-03-50x50.png";s:5:"width";i:50;s:6:"height";i:50;s:9:"mime-type";s:9:"image/png";s:8:"filesize";i:4339;}s:31:"variation_swatches_tooltip_size";a:5:{s:4:"file";s:22:"Home-35-03-100x100.png";s:5:"width";i:100;s:6:"height";i:100;s:9:"mime-type";s:9:"image/png";s:8:"filesize";i:15089;}}s:10:"image_meta";a:12:{s:8:"aperture";s:1:"0";s:6:"credit";s:0:"";s:6:"camera";s:0:"";s:7:"caption";s:0:"";s:17:"created_timestamp";s:1:"0";s:9:"copyright";s:0:"";s:12:"focal_length";s:1:"0";s:3:"iso";s:1:"0";s:13:"shutter_speed";s:1:"0";s:5:"title";s:0:"";s:11:"orientation";s:1:"0";s:8:"keywords";a:0:{}}}]]></wp:meta_value>
  </wp:postmeta>
</item>
<item>
  <title><![CDATA[Home-35-05]]></title>
  <link>https://demo2wpopal.b-cdn.net/smartic/home-35/home-35-05/</link>
  <pubDate>Fri, 09 Apr 2021 03:45:52 +0000</pubDate>
  <dc:creator>admin</dc:creator>
  <guid isPermaLink="false">https://demo2wpopal.b-cdn.net/smartic/wp-content/uploads/2021/04/Home-35-05.png</guid>
  <description/>
  <content:encoded><![CDATA[]]></content:encoded>
  <excerpt:encoded><![CDATA[]]></excerpt:encoded>
  <wp:post_id>11018</wp:post_id>
  <wp:post_date>2021-04-09 03:45:52</wp:post_date>
  <wp:post_date_gmt>2021-04-09 03:45:52</wp:post_date_gmt>
  <wp:post_modified>2021-04-09 03:45:52</wp:post_modified>
  <wp:post_modified_gmt>2021-04-09 03:45:52</wp:post_modified_gmt>
  <wp:comment_status>open</wp:comment_status>
  <wp:ping_status>closed</wp:ping_status>
  <wp:post_name>home-35-05</wp:post_name>
  <wp:status>inherit</wp:status>
  <wp:post_parent>10696</wp:post_parent>
  <wp:menu_order>0</wp:menu_order>
  <wp:post_type>attachment</wp:post_type>
  <wp:post_password/>
  <wp:is_sticky>0</wp:is_sticky>
  <wp:attachment_url>https://demo2wpopal.b-cdn.net/smartic/wp-content/uploads/2021/04/Home-35-05.png</wp:attachment_url>
  <wp:postmeta>
    <wp:meta_key>_wp_attached_file</wp:meta_key>
    <wp:meta_value><![CDATA[2021/04/Home-35-05.png]]></wp:meta_value>
  </wp:postmeta>
  <wp:postmeta>
    <wp:meta_key>_wp_attachment_metadata</wp:meta_key>
    <wp:meta_value><![CDATA[a:6:{s:5:"width";i:1920;s:6:"height";i:530;s:4:"file";s:22:"2021/04/Home-35-05.png";s:8:"filesize";i:294075;s:5:"sizes";a:12:{s:6:"medium";a:5:{s:4:"file";s:21:"Home-35-05-300x83.png";s:5:"width";i:300;s:6:"height";i:83;s:9:"mime-type";s:9:"image/png";s:8:"filesize";i:12362;}s:5:"large";a:5:{s:4:"file";s:23:"Home-35-05-1024x283.png";s:5:"width";i:1024;s:6:"height";i:283;s:9:"mime-type";s:9:"image/png";s:8:"filesize";i:107396;}s:9:"thumbnail";a:5:{s:4:"file";s:22:"Home-35-05-150x150.png";s:5:"width";i:150;s:6:"height";i:150;s:9:"mime-type";s:9:"image/png";s:8:"filesize";i:18167;}s:12:"medium_large";a:5:{s:4:"file";s:22:"Home-35-05-768x212.png";s:5:"width";i:768;s:6:"height";i:212;s:9:"mime-type";s:9:"image/png";s:8:"filesize";i:64657;}s:9:"1536x1536";a:5:{s:4:"file";s:23:"Home-35-05-1536x424.png";s:5:"width";i:1536;s:6:"height";i:424;s:9:"mime-type";s:9:"image/png";s:8:"filesize";i:215118;}s:14:"post-thumbnail";a:5:{s:4:"file";s:23:"Home-35-05-1000x530.png";s:5:"width";i:1000;s:6:"height";i:530;s:9:"mime-type";s:9:"image/png";s:8:"filesize";i:308039;}s:17:"smartic-post-grid";a:5:{s:4:"file";s:22:"Home-35-05-500x330.png";s:5:"width";i:500;s:6:"height";i:330;s:9:"mime-type";s:9:"image/png";s:8:"filesize";i:115424;}s:21:"woocommerce_thumbnail";a:6:{s:4:"file";s:22:"Home-35-05-500x138.png";s:5:"width";i:500;s:6:"height";i:138;s:9:"mime-type";s:9:"image/png";s:8:"filesize";i:29680;s:9:"uncropped";b:1;}s:18:"woocommerce_single";a:5:{s:4:"file";s:22:"Home-35-05-800x221.png";s:5:"width";i:800;s:6:"height";i:221;s:9:"mime-type";s:9:"image/png";s:8:"filesize";i:69320;}s:29:"woocommerce_gallery_thumbnail";a:5:{s:4:"file";s:22:"Home-35-05-100x100.png";s:5:"width";i:100;s:6:"height";i:100;s:9:"mime-type";s:9:"image/png";s:8:"filesize";i:8750;}s:29:"variation_swatches_image_size";a:5:{s:4:"file";s:20:"Home-35-05-50x50.png";s:5:"width";i:50;s:6:"height";i:50;s:9:"mime-type";s:9:"image/png";s:8:"filesize";i:2711;}s:31:"variation_swatches_tooltip_size";a:5:{s:4:"file";s:22:"Home-35-05-100x100.png";s:5:"width";i:100;s:6:"height";i:100;s:9:"mime-type";s:9:"image/png";s:8:"filesize";i:8750;}}s:10:"image_meta";a:12:{s:8:"aperture";s:1:"0";s:6:"credit";s:0:"";s:6:"camera";s:0:"";s:7:"caption";s:0:"";s:17:"created_timestamp";s:1:"0";s:9:"copyright";s:0:"";s:12:"focal_length";s:1:"0";s:3:"iso";s:1:"0";s:13:"shutter_speed";s:1:"0";s:5:"title";s:0:"";s:11:"orientation";s:1:"0";s:8:"keywords";a:0:{}}}]]></wp:meta_value>
  </wp:postmeta>
</item>
<item>
  <title><![CDATA[Home-35-09]]></title>
  <link>https://demo2wpopal.b-cdn.net/smartic/home-35/home-35-09/</link>
  <pubDate>Fri, 09 Apr 2021 06:59:21 +0000</pubDate>
  <dc:creator>admin</dc:creator>
  <guid isPermaLink="false">https://demo2wpopal.b-cdn.net/smartic/wp-content/uploads/2021/04/Home-35-09.png</guid>
  <description/>
  <content:encoded><![CDATA[]]></content:encoded>
  <excerpt:encoded><![CDATA[]]></excerpt:encoded>
  <wp:post_id>11248</wp:post_id>
  <wp:post_date>2021-04-09 06:59:21</wp:post_date>
  <wp:post_date_gmt>2021-04-09 06:59:21</wp:post_date_gmt>
  <wp:post_modified>2021-04-09 06:59:21</wp:post_modified>
  <wp:post_modified_gmt>2021-04-09 06:59:21</wp:post_modified_gmt>
  <wp:comment_status>open</wp:comment_status>
  <wp:ping_status>closed</wp:ping_status>
  <wp:post_name>home-35-09</wp:post_name>
  <wp:status>inherit</wp:status>
  <wp:post_parent>10696</wp:post_parent>
  <wp:menu_order>0</wp:menu_order>
  <wp:post_type>attachment</wp:post_type>
  <wp:post_password/>
  <wp:is_sticky>0</wp:is_sticky>
  <wp:attachment_url>https://demo2wpopal.b-cdn.net/smartic/wp-content/uploads/2021/04/Home-35-09.png</wp:attachment_url>
  <wp:postmeta>
    <wp:meta_key>_wp_attached_file</wp:meta_key>
    <wp:meta_value><![CDATA[2021/04/Home-35-09.png]]></wp:meta_value>
  </wp:postmeta>
  <wp:postmeta>
    <wp:meta_key>_wp_attachment_metadata</wp:meta_key>
    <wp:meta_value><![CDATA[a:6:{s:5:"width";i:198;s:6:"height";i:359;s:4:"file";s:22:"2021/04/Home-35-09.png";s:8:"filesize";i:5063;s:5:"sizes";a:6:{s:6:"medium";a:5:{s:4:"file";s:22:"Home-35-09-165x300.png";s:5:"width";i:165;s:6:"height";i:300;s:9:"mime-type";s:9:"image/png";s:8:"filesize";i:5557;}s:9:"thumbnail";a:5:{s:4:"file";s:22:"Home-35-09-150x150.png";s:5:"width";i:150;s:6:"height";i:150;s:9:"mime-type";s:9:"image/png";s:8:"filesize";i:2315;}s:17:"smartic-post-grid";a:5:{s:4:"file";s:22:"Home-35-09-198x330.png";s:5:"width";i:198;s:6:"height";i:330;s:9:"mime-type";s:9:"image/png";s:8:"filesize";i:4186;}s:29:"woocommerce_gallery_thumbnail";a:5:{s:4:"file";s:22:"Home-35-09-100x100.png";s:5:"width";i:100;s:6:"height";i:100;s:9:"mime-type";s:9:"image/png";s:8:"filesize";i:1445;}s:29:"variation_swatches_image_size";a:5:{s:4:"file";s:20:"Home-35-09-50x50.png";s:5:"width";i:50;s:6:"height";i:50;s:9:"mime-type";s:9:"image/png";s:8:"filesize";i:724;}s:31:"variation_swatches_tooltip_size";a:5:{s:4:"file";s:22:"Home-35-09-100x100.png";s:5:"width";i:100;s:6:"height";i:100;s:9:"mime-type";s:9:"image/png";s:8:"filesize";i:1445;}}s:10:"image_meta";a:12:{s:8:"aperture";s:1:"0";s:6:"credit";s:0:"";s:6:"camera";s:0:"";s:7:"caption";s:0:"";s:17:"created_timestamp";s:1:"0";s:9:"copyright";s:0:"";s:12:"focal_length";s:1:"0";s:3:"iso";s:1:"0";s:13:"shutter_speed";s:1:"0";s:5:"title";s:0:"";s:11:"orientation";s:1:"0";s:8:"keywords";a:0:{}}}]]></wp:meta_value>
  </wp:postmeta>
</item>
<item>
  <title><![CDATA[Home-35-10]]></title>
  <link>https://demo2wpopal.b-cdn.net/smartic/home-35/home-35-10/</link>
  <pubDate>Fri, 09 Apr 2021 08:41:34 +0000</pubDate>
  <dc:creator>admin</dc:creator>
  <guid isPermaLink="false">https://demo2wpopal.b-cdn.net/smartic/wp-content/uploads/2021/04/Home-35-10.png</guid>
  <description/>
  <content:encoded><![CDATA[]]></content:encoded>
  <excerpt:encoded><![CDATA[]]></excerpt:encoded>
  <wp:post_id>11589</wp:post_id>
  <wp:post_date>2021-04-09 08:41:34</wp:post_date>
  <wp:post_date_gmt>2021-04-09 08:41:34</wp:post_date_gmt>
  <wp:post_modified>2021-04-09 08:41:34</wp:post_modified>
  <wp:post_modified_gmt>2021-04-09 08:41:34</wp:post_modified_gmt>
  <wp:comment_status>open</wp:comment_status>
  <wp:ping_status>closed</wp:ping_status>
  <wp:post_name>home-35-10</wp:post_name>
  <wp:status>inherit</wp:status>
  <wp:post_parent>10696</wp:post_parent>
  <wp:menu_order>0</wp:menu_order>
  <wp:post_type>attachment</wp:post_type>
  <wp:post_password/>
  <wp:is_sticky>0</wp:is_sticky>
  <wp:attachment_url>https://demo2wpopal.b-cdn.net/smartic/wp-content/uploads/2021/04/Home-35-10.png</wp:attachment_url>
  <wp:postmeta>
    <wp:meta_key>_wp_attached_file</wp:meta_key>
    <wp:meta_value><![CDATA[2021/04/Home-35-10.png]]></wp:meta_value>
  </wp:postmeta>
  <wp:postmeta>
    <wp:meta_key>_wp_attachment_metadata</wp:meta_key>
    <wp:meta_value><![CDATA[a:6:{s:5:"width";i:1920;s:6:"height";i:484;s:4:"file";s:22:"2021/04/Home-35-10.png";s:8:"filesize";i:81095;s:5:"sizes";a:12:{s:6:"medium";a:5:{s:4:"file";s:21:"Home-35-10-300x76.png";s:5:"width";i:300;s:6:"height";i:76;s:9:"mime-type";s:9:"image/png";s:8:"filesize";i:3190;}s:5:"large";a:5:{s:4:"file";s:23:"Home-35-10-1024x258.png";s:5:"width";i:1024;s:6:"height";i:258;s:9:"mime-type";s:9:"image/png";s:8:"filesize";i:28718;}s:9:"thumbnail";a:5:{s:4:"file";s:22:"Home-35-10-150x150.png";s:5:"width";i:150;s:6:"height";i:150;s:9:"mime-type";s:9:"image/png";s:8:"filesize";i:485;}s:12:"medium_large";a:5:{s:4:"file";s:22:"Home-35-10-768x194.png";s:5:"width";i:768;s:6:"height";i:194;s:9:"mime-type";s:9:"image/png";s:8:"filesize";i:17105;}s:9:"1536x1536";a:5:{s:4:"file";s:23:"Home-35-10-1536x387.png";s:5:"width";i:1536;s:6:"height";i:387;s:9:"mime-type";s:9:"image/png";s:8:"filesize";i:59213;}s:14:"post-thumbnail";a:5:{s:4:"file";s:23:"Home-35-10-1000x484.png";s:5:"width";i:1000;s:6:"height";i:484;s:9:"mime-type";s:9:"image/png";s:8:"filesize";i:63711;}s:17:"smartic-post-grid";a:5:{s:4:"file";s:22:"Home-35-10-500x330.png";s:5:"width";i:500;s:6:"height";i:330;s:9:"mime-type";s:9:"image/png";s:8:"filesize";i:11357;}s:21:"woocommerce_thumbnail";a:6:{s:4:"file";s:22:"Home-35-10-500x126.png";s:5:"width";i:500;s:6:"height";i:126;s:9:"mime-type";s:9:"image/png";s:8:"filesize";i:7810;s:9:"uncropped";b:1;}s:18:"woocommerce_single";a:5:{s:4:"file";s:22:"Home-35-10-800x202.png";s:5:"width";i:800;s:6:"height";i:202;s:9:"mime-type";s:9:"image/png";s:8:"filesize";i:18404;}s:29:"woocommerce_gallery_thumbnail";a:5:{s:4:"file";s:22:"Home-35-10-100x100.png";s:5:"width";i:100;s:6:"height";i:100;s:9:"mime-type";s:9:"image/png";s:8:"filesize";i:334;}s:29:"variation_swatches_image_size";a:5:{s:4:"file";s:20:"Home-35-10-50x50.png";s:5:"width";i:50;s:6:"height";i:50;s:9:"mime-type";s:9:"image/png";s:8:"filesize";i:164;}s:31:"variation_swatches_tooltip_size";a:5:{s:4:"file";s:22:"Home-35-10-100x100.png";s:5:"width";i:100;s:6:"height";i:100;s:9:"mime-type";s:9:"image/png";s:8:"filesize";i:334;}}s:10:"image_meta";a:12:{s:8:"aperture";s:1:"0";s:6:"credit";s:0:"";s:6:"camera";s:0:"";s:7:"caption";s:0:"";s:17:"created_timestamp";s:1:"0";s:9:"copyright";s:0:"";s:12:"focal_length";s:1:"0";s:3:"iso";s:1:"0";s:13:"shutter_speed";s:1:"0";s:5:"title";s:0:"";s:11:"orientation";s:1:"0";s:8:"keywords";a:0:{}}}]]></wp:meta_value>
  </wp:postmeta>
</item>
<item>
  <title><![CDATA[Home-35-06]]></title>
  <link>https://demo2wpopal.b-cdn.net/smartic/home-35/home-35-06/</link>
  <pubDate>Mon, 12 Apr 2021 02:32:17 +0000</pubDate>
  <dc:creator>admin</dc:creator>
  <guid isPermaLink="false">https://demo2wpopal.b-cdn.net/smartic/wp-content/uploads/2021/04/Home-35-06.png</guid>
  <description/>
  <content:encoded><![CDATA[]]></content:encoded>
  <excerpt:encoded><![CDATA[]]></excerpt:encoded>
  <wp:post_id>12527</wp:post_id>
  <wp:post_date>2021-04-12 02:32:17</wp:post_date>
  <wp:post_date_gmt>2021-04-12 02:32:17</wp:post_date_gmt>
  <wp:post_modified>2021-04-12 02:32:17</wp:post_modified>
  <wp:post_modified_gmt>2021-04-12 02:32:17</wp:post_modified_gmt>
  <wp:comment_status>open</wp:comment_status>
  <wp:ping_status>closed</wp:ping_status>
  <wp:post_name>home-35-06</wp:post_name>
  <wp:status>inherit</wp:status>
  <wp:post_parent>10696</wp:post_parent>
  <wp:menu_order>0</wp:menu_order>
  <wp:post_type>attachment</wp:post_type>
  <wp:post_password/>
  <wp:is_sticky>0</wp:is_sticky>
  <wp:attachment_url>https://demo2wpopal.b-cdn.net/smartic/wp-content/uploads/2021/04/Home-35-06.png</wp:attachment_url>
  <wp:postmeta>
    <wp:meta_key>_wp_attached_file</wp:meta_key>
    <wp:meta_value><![CDATA[2021/04/Home-35-06.png]]></wp:meta_value>
  </wp:postmeta>
  <wp:postmeta>
    <wp:meta_key>_wp_attachment_metadata</wp:meta_key>
    <wp:meta_value><![CDATA[a:6:{s:5:"width";i:1920;s:6:"height";i:530;s:4:"file";s:22:"2021/04/Home-35-06.png";s:8:"filesize";i:207843;s:5:"sizes";a:12:{s:6:"medium";a:5:{s:4:"file";s:21:"Home-35-06-300x83.png";s:5:"width";i:300;s:6:"height";i:83;s:9:"mime-type";s:9:"image/png";s:8:"filesize";i:8247;}s:5:"large";a:5:{s:4:"file";s:23:"Home-35-06-1024x283.png";s:5:"width";i:1024;s:6:"height";i:283;s:9:"mime-type";s:9:"image/png";s:8:"filesize";i:68647;}s:9:"thumbnail";a:5:{s:4:"file";s:22:"Home-35-06-150x150.png";s:5:"width";i:150;s:6:"height";i:150;s:9:"mime-type";s:9:"image/png";s:8:"filesize";i:12841;}s:12:"medium_large";a:5:{s:4:"file";s:22:"Home-35-06-768x212.png";s:5:"width";i:768;s:6:"height";i:212;s:9:"mime-type";s:9:"image/png";s:8:"filesize";i:40659;}s:9:"1536x1536";a:5:{s:4:"file";s:23:"Home-35-06-1536x424.png";s:5:"width";i:1536;s:6:"height";i:424;s:9:"mime-type";s:9:"image/png";s:8:"filesize";i:144290;}s:14:"post-thumbnail";a:5:{s:4:"file";s:23:"Home-35-06-1000x530.png";s:5:"width";i:1000;s:6:"height";i:530;s:9:"mime-type";s:9:"image/png";s:8:"filesize";i:210996;}s:17:"smartic-post-grid";a:5:{s:4:"file";s:22:"Home-35-06-500x330.png";s:5:"width";i:500;s:6:"height";i:330;s:9:"mime-type";s:9:"image/png";s:8:"filesize";i:72291;}s:21:"woocommerce_thumbnail";a:6:{s:4:"file";s:22:"Home-35-06-500x138.png";s:5:"width";i:500;s:6:"height";i:138;s:9:"mime-type";s:9:"image/png";s:8:"filesize";i:18980;s:9:"uncropped";b:1;}s:18:"woocommerce_single";a:5:{s:4:"file";s:22:"Home-35-06-800x221.png";s:5:"width";i:800;s:6:"height";i:221;s:9:"mime-type";s:9:"image/png";s:8:"filesize";i:43714;}s:29:"woocommerce_gallery_thumbnail";a:5:{s:4:"file";s:22:"Home-35-06-100x100.png";s:5:"width";i:100;s:6:"height";i:100;s:9:"mime-type";s:9:"image/png";s:8:"filesize";i:6486;}s:29:"variation_swatches_image_size";a:5:{s:4:"file";s:20:"Home-35-06-50x50.png";s:5:"width";i:50;s:6:"height";i:50;s:9:"mime-type";s:9:"image/png";s:8:"filesize";i:2179;}s:31:"variation_swatches_tooltip_size";a:5:{s:4:"file";s:22:"Home-35-06-100x100.png";s:5:"width";i:100;s:6:"height";i:100;s:9:"mime-type";s:9:"image/png";s:8:"filesize";i:6486;}}s:10:"image_meta";a:12:{s:8:"aperture";s:1:"0";s:6:"credit";s:0:"";s:6:"camera";s:0:"";s:7:"caption";s:0:"";s:17:"created_timestamp";s:1:"0";s:9:"copyright";s:0:"";s:12:"focal_length";s:1:"0";s:3:"iso";s:1:"0";s:13:"shutter_speed";s:1:"0";s:5:"title";s:0:"";s:11:"orientation";s:1:"0";s:8:"keywords";a:0:{}}}]]></wp:meta_value>
  </wp:postmeta>
</item>
<item>
  <title><![CDATA[Home-35-09]]></title>
  <link>https://demo2wpopal.b-cdn.net/smartic/home-35/home-35-09-2/</link>
  <pubDate>Mon, 12 Apr 2021 03:41:02 +0000</pubDate>
  <dc:creator>admin</dc:creator>
  <guid isPermaLink="false">https://demo2wpopal.b-cdn.net/smartic/wp-content/uploads/2021/04/Home-35-09.jpg</guid>
  <description/>
  <content:encoded><![CDATA[]]></content:encoded>
  <excerpt:encoded><![CDATA[]]></excerpt:encoded>
  <wp:post_id>12696</wp:post_id>
  <wp:post_date>2021-04-12 03:41:02</wp:post_date>
  <wp:post_date_gmt>2021-04-12 03:41:02</wp:post_date_gmt>
  <wp:post_modified>2021-04-12 03:41:02</wp:post_modified>
  <wp:post_modified_gmt>2021-04-12 03:41:02</wp:post_modified_gmt>
  <wp:comment_status>open</wp:comment_status>
  <wp:ping_status>closed</wp:ping_status>
  <wp:post_name>home-35-09-2</wp:post_name>
  <wp:status>inherit</wp:status>
  <wp:post_parent>10696</wp:post_parent>
  <wp:menu_order>0</wp:menu_order>
  <wp:post_type>attachment</wp:post_type>
  <wp:post_password/>
  <wp:is_sticky>0</wp:is_sticky>
  <wp:attachment_url>https://demo2wpopal.b-cdn.net/smartic/wp-content/uploads/2021/04/Home-35-09.jpg</wp:attachment_url>
  <wp:postmeta>
    <wp:meta_key>_wp_attached_file</wp:meta_key>
    <wp:meta_value><![CDATA[2021/04/Home-35-09.jpg]]></wp:meta_value>
  </wp:postmeta>
  <wp:postmeta>
    <wp:meta_key>_wp_attachment_metadata</wp:meta_key>
    <wp:meta_value><![CDATA[a:6:{s:5:"width";i:1920;s:6:"height";i:550;s:4:"file";s:22:"2021/04/Home-35-09.jpg";s:8:"filesize";i:474636;s:5:"sizes";a:12:{s:6:"medium";a:5:{s:4:"file";s:21:"Home-35-09-300x86.jpg";s:5:"width";i:300;s:6:"height";i:86;s:9:"mime-type";s:10:"image/jpeg";s:8:"filesize";i:6221;}s:5:"large";a:5:{s:4:"file";s:23:"Home-35-09-1024x293.jpg";s:5:"width";i:1024;s:6:"height";i:293;s:9:"mime-type";s:10:"image/jpeg";s:8:"filesize";i:77086;}s:9:"thumbnail";a:5:{s:4:"file";s:22:"Home-35-09-150x150.jpg";s:5:"width";i:150;s:6:"height";i:150;s:9:"mime-type";s:10:"image/jpeg";s:8:"filesize";i:6237;}s:12:"medium_large";a:5:{s:4:"file";s:22:"Home-35-09-768x220.jpg";s:5:"width";i:768;s:6:"height";i:220;s:9:"mime-type";s:10:"image/jpeg";s:8:"filesize";i:42598;}s:9:"1536x1536";a:5:{s:4:"file";s:23:"Home-35-09-1536x440.jpg";s:5:"width";i:1536;s:6:"height";i:440;s:9:"mime-type";s:10:"image/jpeg";s:8:"filesize";i:171327;}s:14:"post-thumbnail";a:5:{s:4:"file";s:23:"Home-35-09-1000x550.jpg";s:5:"width";i:1000;s:6:"height";i:550;s:9:"mime-type";s:10:"image/jpeg";s:8:"filesize";i:166888;}s:17:"smartic-post-grid";a:5:{s:4:"file";s:22:"Home-35-09-500x330.jpg";s:5:"width";i:500;s:6:"height";i:330;s:9:"mime-type";s:10:"image/jpeg";s:8:"filesize";i:46227;}s:21:"woocommerce_thumbnail";a:6:{s:4:"file";s:22:"Home-35-09-500x143.jpg";s:5:"width";i:500;s:6:"height";i:143;s:9:"mime-type";s:10:"image/jpeg";s:8:"filesize";i:16627;s:9:"uncropped";b:1;}s:18:"woocommerce_single";a:5:{s:4:"file";s:22:"Home-35-09-800x229.jpg";s:5:"width";i:800;s:6:"height";i:229;s:9:"mime-type";s:10:"image/jpeg";s:8:"filesize";i:45807;}s:29:"woocommerce_gallery_thumbnail";a:5:{s:4:"file";s:22:"Home-35-09-100x100.jpg";s:5:"width";i:100;s:6:"height";i:100;s:9:"mime-type";s:10:"image/jpeg";s:8:"filesize";i:3211;}s:29:"variation_swatches_image_size";a:5:{s:4:"file";s:20:"Home-35-09-50x50.jpg";s:5:"width";i:50;s:6:"height";i:50;s:9:"mime-type";s:10:"image/jpeg";s:8:"filesize";i:1370;}s:31:"variation_swatches_tooltip_size";a:5:{s:4:"file";s:22:"Home-35-09-100x100.jpg";s:5:"width";i:100;s:6:"height";i:100;s:9:"mime-type";s:10:"image/jpeg";s:8:"filesize";i:3211;}}s:10:"image_meta";a:12:{s:8:"aperture";s:1:"0";s:6:"credit";s:0:"";s:6:"camera";s:0:"";s:7:"caption";s:0:"";s:17:"created_timestamp";s:1:"0";s:9:"copyright";s:0:"";s:12:"focal_length";s:1:"0";s:3:"iso";s:1:"0";s:13:"shutter_speed";s:1:"0";s:5:"title";s:0:"";s:11:"orientation";s:1:"0";s:8:"keywords";a:0:{}}}]]></wp:meta_value>
  </wp:postmeta>
</item>
<item>
  <title><![CDATA[home_35_png-2]]></title>
  <link>https://demo2wpopal.b-cdn.net/smartic/home-35/home_35_png-2/</link>
  <pubDate>Thu, 15 Apr 2021 02:48:05 +0000</pubDate>
  <dc:creator>admin</dc:creator>
  <guid isPermaLink="false">https://demo2wpopal.b-cdn.net/smartic/wp-content/uploads/2021/04/home_35_png-2.png</guid>
  <description/>
  <content:encoded><![CDATA[]]></content:encoded>
  <excerpt:encoded><![CDATA[]]></excerpt:encoded>
  <wp:post_id>14999</wp:post_id>
  <wp:post_date>2021-04-15 02:48:05</wp:post_date>
  <wp:post_date_gmt>2021-04-15 02:48:05</wp:post_date_gmt>
  <wp:post_modified>2021-04-15 02:48:05</wp:post_modified>
  <wp:post_modified_gmt>2021-04-15 02:48:05</wp:post_modified_gmt>
  <wp:comment_status>open</wp:comment_status>
  <wp:ping_status>closed</wp:ping_status>
  <wp:post_name>home_35_png-2</wp:post_name>
  <wp:status>inherit</wp:status>
  <wp:post_parent>10696</wp:post_parent>
  <wp:menu_order>0</wp:menu_order>
  <wp:post_type>attachment</wp:post_type>
  <wp:post_password/>
  <wp:is_sticky>0</wp:is_sticky>
  <wp:attachment_url>https://demo2wpopal.b-cdn.net/smartic/wp-content/uploads/2021/04/home_35_png-2.png</wp:attachment_url>
  <wp:postmeta>
    <wp:meta_key>_wp_attached_file</wp:meta_key>
    <wp:meta_value><![CDATA[2021/04/home_35_png-2.png]]></wp:meta_value>
  </wp:postmeta>
  <wp:postmeta>
    <wp:meta_key>_wp_attachment_metadata</wp:meta_key>
    <wp:meta_value><![CDATA[a:6:{s:5:"width";i:644;s:6:"height";i:429;s:4:"file";s:25:"2021/04/home_35_png-2.png";s:8:"filesize";i:134160;s:5:"sizes";a:7:{s:6:"medium";a:5:{s:4:"file";s:25:"home_35_png-2-300x200.png";s:5:"width";i:300;s:6:"height";i:200;s:9:"mime-type";s:9:"image/png";s:8:"filesize";i:34600;}s:9:"thumbnail";a:5:{s:4:"file";s:25:"home_35_png-2-150x150.png";s:5:"width";i:150;s:6:"height";i:150;s:9:"mime-type";s:9:"image/png";s:8:"filesize";i:20501;}s:17:"smartic-post-grid";a:5:{s:4:"file";s:25:"home_35_png-2-500x330.png";s:5:"width";i:500;s:6:"height";i:330;s:9:"mime-type";s:9:"image/png";s:8:"filesize";i:83621;}s:21:"woocommerce_thumbnail";a:6:{s:4:"file";s:25:"home_35_png-2-500x333.png";s:5:"width";i:500;s:6:"height";i:333;s:9:"mime-type";s:9:"image/png";s:8:"filesize";i:84164;s:9:"uncropped";b:1;}s:29:"woocommerce_gallery_thumbnail";a:5:{s:4:"file";s:25:"home_35_png-2-100x100.png";s:5:"width";i:100;s:6:"height";i:100;s:9:"mime-type";s:9:"image/png";s:8:"filesize";i:10860;}s:29:"variation_swatches_image_size";a:5:{s:4:"file";s:23:"home_35_png-2-50x50.png";s:5:"width";i:50;s:6:"height";i:50;s:9:"mime-type";s:9:"image/png";s:8:"filesize";i:3909;}s:31:"variation_swatches_tooltip_size";a:5:{s:4:"file";s:25:"home_35_png-2-100x100.png";s:5:"width";i:100;s:6:"height";i:100;s:9:"mime-type";s:9:"image/png";s:8:"filesize";i:10860;}}s:10:"image_meta";a:12:{s:8:"aperture";s:1:"0";s:6:"credit";s:0:"";s:6:"camera";s:0:"";s:7:"caption";s:0:"";s:17:"created_timestamp";s:1:"0";s:9:"copyright";s:0:"";s:12:"focal_length";s:1:"0";s:3:"iso";s:1:"0";s:13:"shutter_speed";s:1:"0";s:5:"title";s:0:"";s:11:"orientation";s:1:"0";s:8:"keywords";a:0:{}}}]]></wp:meta_value>
  </wp:postmeta>
</item>
  </channel>
</rss>
