<?xml version="1.0" encoding="UTF-8"?>
<!--
 This is a WordPress eXtended RSS file generated by WordPress as an export of your site.
 It contains information about your site's posts, pages, comments, categories, and other content.
 You may use this file to transfer that content from one site to another.
 This file is not intended to serve as a complete backup of your site.

 To import this information into a WordPress site follow these steps:
 1. Log in to that site as an administrator.
 2. Go to Tools: Import in the WordPress admin panel.
 3. Install the "WordPress" importer from the list.
 4. Activate & Run Importer.
 5. Upload this file using the form provided on that page.
 6. You will first be asked to map the authors in this export file to users
    on the site. For each author, you may choose to map to an
    existing user on the site or to create a new user.
 7. WordPress will then import each of the posts, pages, comments, categories, etc.
    contained in this file into your site.
-->
<!-- generator="WordPress/6.2" created="2023-04-27 03:58" -->
<rss version="2.0" xmlns:excerpt="http://wordpress.org/export/1.2/excerpt/" xmlns:content="http://purl.org/rss/1.0/modules/content/" xmlns:wfw="http://wellformedweb.org/CommentAPI/" xmlns:dc="http://purl.org/dc/elements/1.1/" xmlns:wp="http://wordpress.org/export/1.2/">
  <channel>
<title>Smartic</title>
<link>https://demo2wpopal.b-cdn.net/smartic</link>
<description>Just another WordPress site</description>
<pubDate>Thu, 27 Apr 2023 03:58:47 +0000</pubDate>
<language>en-US</language>
<wp:wxr_version>1.2</wp:wxr_version>
<wp:base_site_url>https://demo2wpopal.b-cdn.net/smartic</wp:base_site_url>
<wp:base_blog_url>https://demo2wpopal.b-cdn.net/smartic</wp:base_blog_url>
<generator>https://wordpress.org/?v=6.2</generator>
<item>
  <title><![CDATA[home-21_niche_21_img_1.jpg]]></title>
  <link>https://demo2wpopal.b-cdn.net/smartic/home-30/home-21_niche_21_img_1-jpg/</link>
  <pubDate>Mon, 05 Apr 2021 09:34:00 +0000</pubDate>
  <dc:creator>admin</dc:creator>
  <guid isPermaLink="false">https://demo2wpopal.b-cdn.net/smartic/wp-content/uploads/2021/04/home-21_niche_21_img_1.jpg</guid>
  <description/>
  <content:encoded><![CDATA[]]></content:encoded>
  <excerpt:encoded><![CDATA[]]></excerpt:encoded>
  <wp:post_id>8643</wp:post_id>
  <wp:post_date>2021-04-05 09:34:00</wp:post_date>
  <wp:post_date_gmt>2021-04-05 09:34:00</wp:post_date_gmt>
  <wp:post_modified>2021-04-19 09:36:07</wp:post_modified>
  <wp:post_modified_gmt>2021-04-19 09:36:07</wp:post_modified_gmt>
  <wp:comment_status>open</wp:comment_status>
  <wp:ping_status>closed</wp:ping_status>
  <wp:post_name>home-21_niche_21_img_1-jpg</wp:post_name>
  <wp:status>inherit</wp:status>
  <wp:post_parent>8653</wp:post_parent>
  <wp:menu_order>0</wp:menu_order>
  <wp:post_type>attachment</wp:post_type>
  <wp:post_password/>
  <wp:is_sticky>0</wp:is_sticky>
  <wp:attachment_url>https://demo2wpopal.b-cdn.net/smartic/wp-content/uploads/2021/04/home-21_niche_21_img_1.jpg</wp:attachment_url>
  <wp:postmeta>
    <wp:meta_key>_wp_attached_file</wp:meta_key>
    <wp:meta_value><![CDATA[2021/04/home-21_niche_21_img_1.jpg]]></wp:meta_value>
  </wp:postmeta>
  <wp:postmeta>
    <wp:meta_key>_wp_attachment_metadata</wp:meta_key>
    <wp:meta_value><![CDATA[a:6:{s:5:"width";i:595;s:6:"height";i:480;s:4:"file";s:34:"2021/04/home-21_niche_21_img_1.jpg";s:8:"filesize";i:53947;s:5:"sizes";a:7:{s:6:"medium";a:5:{s:4:"file";s:34:"home-21_niche_21_img_1-300x242.jpg";s:5:"width";i:300;s:6:"height";i:242;s:9:"mime-type";s:10:"image/jpeg";s:8:"filesize";i:17992;}s:9:"thumbnail";a:5:{s:4:"file";s:34:"home-21_niche_21_img_1-150x150.jpg";s:5:"width";i:150;s:6:"height";i:150;s:9:"mime-type";s:10:"image/jpeg";s:8:"filesize";i:7142;}s:17:"smartic-post-grid";a:5:{s:4:"file";s:34:"home-21_niche_21_img_1-500x330.jpg";s:5:"width";i:500;s:6:"height";i:330;s:9:"mime-type";s:10:"image/jpeg";s:8:"filesize";i:34696;}s:21:"woocommerce_thumbnail";a:6:{s:4:"file";s:34:"home-21_niche_21_img_1-500x403.jpg";s:5:"width";i:500;s:6:"height";i:403;s:9:"mime-type";s:10:"image/jpeg";s:8:"filesize";i:39133;s:9:"uncropped";b:1;}s:29:"woocommerce_gallery_thumbnail";a:5:{s:4:"file";s:34:"home-21_niche_21_img_1-100x100.jpg";s:5:"width";i:100;s:6:"height";i:100;s:9:"mime-type";s:10:"image/jpeg";s:8:"filesize";i:3746;}s:29:"variation_swatches_image_size";a:5:{s:4:"file";s:32:"home-21_niche_21_img_1-50x50.jpg";s:5:"width";i:50;s:6:"height";i:50;s:9:"mime-type";s:10:"image/jpeg";s:8:"filesize";i:1467;}s:31:"variation_swatches_tooltip_size";a:5:{s:4:"file";s:34:"home-21_niche_21_img_1-100x100.jpg";s:5:"width";i:100;s:6:"height";i:100;s:9:"mime-type";s:10:"image/jpeg";s:8:"filesize";i:3746;}}s:10:"image_meta";a:12:{s:8:"aperture";s:1:"0";s:6:"credit";s:0:"";s:6:"camera";s:0:"";s:7:"caption";s:0:"";s:17:"created_timestamp";s:1:"0";s:9:"copyright";s:0:"";s:12:"focal_length";s:1:"0";s:3:"iso";s:1:"0";s:13:"shutter_speed";s:1:"0";s:5:"title";s:0:"";s:11:"orientation";s:1:"0";s:8:"keywords";a:0:{}}}]]></wp:meta_value>
  </wp:postmeta>
  <wp:postmeta>
    <wp:meta_key>_elementor_source_image_hash</wp:meta_key>
    <wp:meta_value><![CDATA[b34c8461c1acf7d960fb5cd8f004f498a6a2f394]]></wp:meta_value>
  </wp:postmeta>
</item>
<item>
  <title><![CDATA[home-21_niche_21_bg_1.jpg]]></title>
  <link>https://demo2wpopal.b-cdn.net/smartic/home-30/home-21_niche_21_bg_1-jpg/</link>
  <pubDate>Mon, 05 Apr 2021 09:34:00 +0000</pubDate>
  <dc:creator>admin</dc:creator>
  <guid isPermaLink="false">https://demo2wpopal.b-cdn.net/smartic/wp-content/uploads/2021/04/home-21_niche_21_bg_1.jpg</guid>
  <description/>
  <content:encoded><![CDATA[]]></content:encoded>
  <excerpt:encoded><![CDATA[]]></excerpt:encoded>
  <wp:post_id>8644</wp:post_id>
  <wp:post_date>2021-04-05 09:34:00</wp:post_date>
  <wp:post_date_gmt>2021-04-05 09:34:00</wp:post_date_gmt>
  <wp:post_modified>2021-04-19 09:36:07</wp:post_modified>
  <wp:post_modified_gmt>2021-04-19 09:36:07</wp:post_modified_gmt>
  <wp:comment_status>open</wp:comment_status>
  <wp:ping_status>closed</wp:ping_status>
  <wp:post_name>home-21_niche_21_bg_1-jpg</wp:post_name>
  <wp:status>inherit</wp:status>
  <wp:post_parent>8653</wp:post_parent>
  <wp:menu_order>0</wp:menu_order>
  <wp:post_type>attachment</wp:post_type>
  <wp:post_password/>
  <wp:is_sticky>0</wp:is_sticky>
  <wp:attachment_url>https://demo2wpopal.b-cdn.net/smartic/wp-content/uploads/2021/04/home-21_niche_21_bg_1.jpg</wp:attachment_url>
  <wp:postmeta>
    <wp:meta_key>_wp_attached_file</wp:meta_key>
    <wp:meta_value><![CDATA[2021/04/home-21_niche_21_bg_1.jpg]]></wp:meta_value>
  </wp:postmeta>
  <wp:postmeta>
    <wp:meta_key>_wp_attachment_metadata</wp:meta_key>
    <wp:meta_value><![CDATA[a:6:{s:5:"width";i:1170;s:6:"height";i:640;s:4:"file";s:33:"2021/04/home-21_niche_21_bg_1.jpg";s:8:"filesize";i:48844;s:5:"sizes";a:11:{s:6:"medium";a:5:{s:4:"file";s:33:"home-21_niche_21_bg_1-300x164.jpg";s:5:"width";i:300;s:6:"height";i:164;s:9:"mime-type";s:10:"image/jpeg";s:8:"filesize";i:5285;}s:5:"large";a:5:{s:4:"file";s:34:"home-21_niche_21_bg_1-1024x560.jpg";s:5:"width";i:1024;s:6:"height";i:560;s:9:"mime-type";s:10:"image/jpeg";s:8:"filesize";i:37630;}s:9:"thumbnail";a:5:{s:4:"file";s:33:"home-21_niche_21_bg_1-150x150.jpg";s:5:"width";i:150;s:6:"height";i:150;s:9:"mime-type";s:10:"image/jpeg";s:8:"filesize";i:3066;}s:12:"medium_large";a:5:{s:4:"file";s:33:"home-21_niche_21_bg_1-768x420.jpg";s:5:"width";i:768;s:6:"height";i:420;s:9:"mime-type";s:10:"image/jpeg";s:8:"filesize";i:23101;}s:14:"post-thumbnail";a:5:{s:4:"file";s:34:"home-21_niche_21_bg_1-1000x565.jpg";s:5:"width";i:1000;s:6:"height";i:565;s:9:"mime-type";s:10:"image/jpeg";s:8:"filesize";i:38105;}s:17:"smartic-post-grid";a:5:{s:4:"file";s:33:"home-21_niche_21_bg_1-500x330.jpg";s:5:"width";i:500;s:6:"height";i:330;s:9:"mime-type";s:10:"image/jpeg";s:8:"filesize";i:14649;}s:21:"woocommerce_thumbnail";a:6:{s:4:"file";s:33:"home-21_niche_21_bg_1-500x274.jpg";s:5:"width";i:500;s:6:"height";i:274;s:9:"mime-type";s:10:"image/jpeg";s:8:"filesize";i:11419;s:9:"uncropped";b:1;}s:18:"woocommerce_single";a:5:{s:4:"file";s:33:"home-21_niche_21_bg_1-800x438.jpg";s:5:"width";i:800;s:6:"height";i:438;s:9:"mime-type";s:10:"image/jpeg";s:8:"filesize";i:24699;}s:29:"woocommerce_gallery_thumbnail";a:5:{s:4:"file";s:33:"home-21_niche_21_bg_1-100x100.jpg";s:5:"width";i:100;s:6:"height";i:100;s:9:"mime-type";s:10:"image/jpeg";s:8:"filesize";i:1895;}s:29:"variation_swatches_image_size";a:5:{s:4:"file";s:31:"home-21_niche_21_bg_1-50x50.jpg";s:5:"width";i:50;s:6:"height";i:50;s:9:"mime-type";s:10:"image/jpeg";s:8:"filesize";i:1138;}s:31:"variation_swatches_tooltip_size";a:5:{s:4:"file";s:33:"home-21_niche_21_bg_1-100x100.jpg";s:5:"width";i:100;s:6:"height";i:100;s:9:"mime-type";s:10:"image/jpeg";s:8:"filesize";i:1895;}}s:10:"image_meta";a:12:{s:8:"aperture";s:1:"0";s:6:"credit";s:0:"";s:6:"camera";s:0:"";s:7:"caption";s:0:"";s:17:"created_timestamp";s:1:"0";s:9:"copyright";s:0:"";s:12:"focal_length";s:1:"0";s:3:"iso";s:1:"0";s:13:"shutter_speed";s:1:"0";s:5:"title";s:0:"";s:11:"orientation";s:1:"0";s:8:"keywords";a:0:{}}}]]></wp:meta_value>
  </wp:postmeta>
  <wp:postmeta>
    <wp:meta_key>_elementor_source_image_hash</wp:meta_key>
    <wp:meta_value><![CDATA[77896c4e1c6e6b0418a844460d73beeb71d28a7f]]></wp:meta_value>
  </wp:postmeta>
</item>
<item>
  <title><![CDATA[home-21_niche_21_bg_6.jpg]]></title>
  <link>https://demo2wpopal.b-cdn.net/smartic/home-30/home-21_niche_21_bg_6-jpg/</link>
  <pubDate>Mon, 05 Apr 2021 09:34:01 +0000</pubDate>
  <dc:creator>admin</dc:creator>
  <guid isPermaLink="false">https://demo2wpopal.b-cdn.net/smartic/wp-content/uploads/2021/04/home-21_niche_21_bg_6.jpg</guid>
  <description/>
  <content:encoded><![CDATA[]]></content:encoded>
  <excerpt:encoded><![CDATA[]]></excerpt:encoded>
  <wp:post_id>8650</wp:post_id>
  <wp:post_date>2021-04-05 09:34:01</wp:post_date>
  <wp:post_date_gmt>2021-04-05 09:34:01</wp:post_date_gmt>
  <wp:post_modified>2021-04-19 09:36:07</wp:post_modified>
  <wp:post_modified_gmt>2021-04-19 09:36:07</wp:post_modified_gmt>
  <wp:comment_status>open</wp:comment_status>
  <wp:ping_status>closed</wp:ping_status>
  <wp:post_name>home-21_niche_21_bg_6-jpg</wp:post_name>
  <wp:status>inherit</wp:status>
  <wp:post_parent>8653</wp:post_parent>
  <wp:menu_order>0</wp:menu_order>
  <wp:post_type>attachment</wp:post_type>
  <wp:post_password/>
  <wp:is_sticky>0</wp:is_sticky>
  <wp:attachment_url>https://demo2wpopal.b-cdn.net/smartic/wp-content/uploads/2021/04/home-21_niche_21_bg_6.jpg</wp:attachment_url>
  <wp:postmeta>
    <wp:meta_key>_wp_attached_file</wp:meta_key>
    <wp:meta_value><![CDATA[2021/04/home-21_niche_21_bg_6.jpg]]></wp:meta_value>
  </wp:postmeta>
  <wp:postmeta>
    <wp:meta_key>_wp_attachment_metadata</wp:meta_key>
    <wp:meta_value><![CDATA[a:6:{s:5:"width";i:1170;s:6:"height";i:776;s:4:"file";s:33:"2021/04/home-21_niche_21_bg_6.jpg";s:8:"filesize";i:147190;s:5:"sizes";a:11:{s:6:"medium";a:5:{s:4:"file";s:33:"home-21_niche_21_bg_6-300x199.jpg";s:5:"width";i:300;s:6:"height";i:199;s:9:"mime-type";s:10:"image/jpeg";s:8:"filesize";i:12805;}s:5:"large";a:5:{s:4:"file";s:34:"home-21_niche_21_bg_6-1024x679.jpg";s:5:"width";i:1024;s:6:"height";i:679;s:9:"mime-type";s:10:"image/jpeg";s:8:"filesize";i:99527;}s:9:"thumbnail";a:5:{s:4:"file";s:33:"home-21_niche_21_bg_6-150x150.jpg";s:5:"width";i:150;s:6:"height";i:150;s:9:"mime-type";s:10:"image/jpeg";s:8:"filesize";i:6592;}s:12:"medium_large";a:5:{s:4:"file";s:33:"home-21_niche_21_bg_6-768x509.jpg";s:5:"width";i:768;s:6:"height";i:509;s:9:"mime-type";s:10:"image/jpeg";s:8:"filesize";i:61240;}s:14:"post-thumbnail";a:5:{s:4:"file";s:34:"home-21_niche_21_bg_6-1000x565.jpg";s:5:"width";i:1000;s:6:"height";i:565;s:9:"mime-type";s:10:"image/jpeg";s:8:"filesize";i:85021;}s:17:"smartic-post-grid";a:5:{s:4:"file";s:33:"home-21_niche_21_bg_6-500x330.jpg";s:5:"width";i:500;s:6:"height";i:330;s:9:"mime-type";s:10:"image/jpeg";s:8:"filesize";i:30279;}s:21:"woocommerce_thumbnail";a:6:{s:4:"file";s:33:"home-21_niche_21_bg_6-500x332.jpg";s:5:"width";i:500;s:6:"height";i:332;s:9:"mime-type";s:10:"image/jpeg";s:8:"filesize";i:30308;s:9:"uncropped";b:1;}s:18:"woocommerce_single";a:5:{s:4:"file";s:33:"home-21_niche_21_bg_6-800x531.jpg";s:5:"width";i:800;s:6:"height";i:531;s:9:"mime-type";s:10:"image/jpeg";s:8:"filesize";i:65901;}s:29:"woocommerce_gallery_thumbnail";a:5:{s:4:"file";s:33:"home-21_niche_21_bg_6-100x100.jpg";s:5:"width";i:100;s:6:"height";i:100;s:9:"mime-type";s:10:"image/jpeg";s:8:"filesize";i:3681;}s:29:"variation_swatches_image_size";a:5:{s:4:"file";s:31:"home-21_niche_21_bg_6-50x50.jpg";s:5:"width";i:50;s:6:"height";i:50;s:9:"mime-type";s:10:"image/jpeg";s:8:"filesize";i:1634;}s:31:"variation_swatches_tooltip_size";a:5:{s:4:"file";s:33:"home-21_niche_21_bg_6-100x100.jpg";s:5:"width";i:100;s:6:"height";i:100;s:9:"mime-type";s:10:"image/jpeg";s:8:"filesize";i:3681;}}s:10:"image_meta";a:12:{s:8:"aperture";s:1:"0";s:6:"credit";s:0:"";s:6:"camera";s:0:"";s:7:"caption";s:0:"";s:17:"created_timestamp";s:1:"0";s:9:"copyright";s:0:"";s:12:"focal_length";s:1:"0";s:3:"iso";s:1:"0";s:13:"shutter_speed";s:1:"0";s:5:"title";s:0:"";s:11:"orientation";s:1:"0";s:8:"keywords";a:0:{}}}]]></wp:meta_value>
  </wp:postmeta>
  <wp:postmeta>
    <wp:meta_key>_elementor_source_image_hash</wp:meta_key>
    <wp:meta_value><![CDATA[2c2fba9c1d1e2521de822eaf382b298a45ccd738]]></wp:meta_value>
  </wp:postmeta>
</item>
<item>
  <title><![CDATA[Home 30]]></title>
  <link>https://demo2wpopal.b-cdn.net/smartic/home-30/</link>
  <pubDate>Mon, 05 Apr 2021 09:35:26 +0000</pubDate>
  <dc:creator>admin</dc:creator>
  <guid isPermaLink="false">https://demo2wpopal.b-cdn.net/smartic/?page_id=8653</guid>
  <description/>
  <content:encoded><![CDATA[[rev_slider alias="niches_21_smarthelmet" slidertitle="Home 30 Smarthelmet"][/rev_slider]		
			<h2>The new flagship product</h2>		
			<h3>Designed To Protect</h3>		
		The aerodynamically perfectly shaped and ventilated uvex race 5 protrudes with both, a dynamic alignment and technical performance.		
			<a href="#" role="button">
						View Design
					</a>
												<img width="595" height="480" src="https://demo2wpopal.b-cdn.net/smartic/wp-content/uploads/2021/04/home-21_niche_21_img_1.jpg" alt="" loading="lazy" srcset="https://demo2wpopal.b-cdn.net/smartic/wp-content/uploads/2021/04/home-21_niche_21_img_1.jpg 595w, https://demo2wpopal.b-cdn.net/smartic/wp-content/uploads/2021/04/home-21_niche_21_img_1-300x242.jpg 300w, https://demo2wpopal.b-cdn.net/smartic/wp-content/uploads/2021/04/home-21_niche_21_img_1-500x403.jpg 500w" sizes="(max-width: 595px) 100vw, 595px" />														
			<h2>Smart Cycling
Helmet</h2>		
			<h3>Bluetooth and Video Integrated</h3>		
		<p>Smart Cycling Helmet Multifunction Intelligent Lights Music Take Photo SOS Alert Sharing Bluetooth Helmet Phone Answ</p>		
			<a href="#" role="button">
						all features
					</a>
			<h2>Comfortable for
high performances</h2>		
		<p>Very high quality moisture wicking material has carbon fibres to suppress bacterial growth. Extremely comfortable and soft on the skin.</p>		
			<h2>Button-press
adjustment</h2>		
		<p>Multi-stage and anatomically shaped: comfort closure opens and closes at the touch of a button, with just one hand.</p>		
			<h2>Easy and practical</h2>		
		<p>Fast Adapting System webbing can be easily and continuously tailored to your exact head shape. </p>		
			<h2>Interchangeable<br>
liner</h2>		
		Interior features significantly affect a helmet’s comfort. All our pads absorb
moisture and are anti-allergenic.		
			<h2>High quality stems</h2>		
			<h3>From Superior Materials</h3>		
		<p>Advanced fit systems provide the perfect adjustment, in every direction, to match every<br />individual head shape.</p>		
				<a href="#">
								</a>
				<h3>
					<a href="#" >
						watch video					</a>
				</h3>
			<h2>hi-tech features</h2>		
		<p>Designed To Protect</p>		
				<h3>
						SOS Alert					
				</h3>
									<p>
						Fast Adapting System webbing can be easily and continuously tailored to your exact head shape. 					</p>
				<h3>
						Phone Call					
				</h3>
									<p>
						Fast Adapting System webbing can be easily and continuously tailored to your exact head shape. 					</p>
				<h3>
						Smart Lighting					
				</h3>
									<p>
						Fast Adapting System webbing can be easily and continuously tailored to your exact head shape. 					</p>
				<h3>
						Take Photo					
				</h3>
									<p>
						Fast Adapting System webbing can be easily and continuously tailored to your exact head shape. 					</p>
				<h3>
						Data Collecting					
				</h3>
									<p>
						Fast Adapting System webbing can be easily and continuously tailored to your exact head shape. 					</p>
				<h3>
						Music					
				</h3>
									<p>
						Fast Adapting System webbing can be easily and continuously tailored to your exact head shape. 					</p>
			<h2>Why wait? Order yours now.</h2>		
			<h3>And get 10%off your first order</h3>		
			<a href="https://demo2wpopal.b-cdn.net/smartic/product/the-new-flagship-product/" role="button">
						Shop now
					</a>]]></content:encoded>
  <excerpt:encoded><![CDATA[]]></excerpt:encoded>
  <wp:post_id>8653</wp:post_id>
  <wp:post_date>2021-04-05 09:35:26</wp:post_date>
  <wp:post_date_gmt>2021-04-05 09:35:26</wp:post_date_gmt>
  <wp:post_modified>2023-04-18 07:47:06</wp:post_modified>
  <wp:post_modified_gmt>2023-04-18 07:47:06</wp:post_modified_gmt>
  <wp:comment_status>closed</wp:comment_status>
  <wp:ping_status>closed</wp:ping_status>
  <wp:post_name>home-30</wp:post_name>
  <wp:status>publish</wp:status>
  <wp:post_parent>0</wp:post_parent>
  <wp:menu_order>0</wp:menu_order>
  <wp:post_type>page</wp:post_type>
  <wp:post_password/>
  <wp:is_sticky>0</wp:is_sticky>
  <wp:postmeta>
    <wp:meta_key>inline_featured_image</wp:meta_key>
    <wp:meta_value><![CDATA[0]]></wp:meta_value>
  </wp:postmeta>
  <wp:postmeta>
    <wp:meta_key>_wp_page_template</wp:meta_key>
    <wp:meta_value><![CDATA[template-homepage.php]]></wp:meta_value>
  </wp:postmeta>
  <wp:postmeta>
    <wp:meta_key>_edit_last</wp:meta_key>
    <wp:meta_value><![CDATA[9]]></wp:meta_value>
  </wp:postmeta>
  <wp:postmeta>
    <wp:meta_key>_yoast_wpseo_estimated-reading-time-minutes</wp:meta_key>
    <wp:meta_value><![CDATA[3]]></wp:meta_value>
  </wp:postmeta>
  <wp:postmeta>
    <wp:meta_key>_elementor_edit_mode</wp:meta_key>
    <wp:meta_value><![CDATA[builder]]></wp:meta_value>
  </wp:postmeta>
  <wp:postmeta>
    <wp:meta_key>_elementor_template_type</wp:meta_key>
    <wp:meta_value><![CDATA[wp-page]]></wp:meta_value>
  </wp:postmeta>
  <wp:postmeta>
    <wp:meta_key>_elementor_version</wp:meta_key>
    <wp:meta_value><![CDATA[3.12.1]]></wp:meta_value>
  </wp:postmeta>
  <wp:postmeta>
    <wp:meta_key>_elementor_pro_version</wp:meta_key>
    <wp:meta_value><![CDATA[3.12.2]]></wp:meta_value>
  </wp:postmeta>
  <wp:postmeta>
    <wp:meta_key>_elementor_data</wp:meta_key>
    <wp:meta_value><![CDATA[[{"id":"79dfb0a4","elType":"section","settings":{"stretch_section":"section-stretched","layout":"full_width","gap":"no","content_delay_time":"0.50","schedule_end_date":"2018-11-30 00:00","html_tag":"div"},"elements":[{"id":"67f4b700","elType":"column","settings":{"_column_size":100,"space_between_widgets":0},"elements":[{"id":"156eb33","elType":"widget","settings":{"revslidertitle":"Home 30 Smarthelmet","shortcode":"[rev_slider alias=\"niches_21_smarthelmet\" slidertitle=\"Home 30 Smarthelmet\"][\/rev_slider]"},"elements":[],"widgetType":"slider_revolution"}],"isInner":false}],"isInner":false},{"id":"45fd7d9b","elType":"section","settings":{"gap":"no","structure":"20","content_delay_time":"0.50","background_background":"classic","background_color":"#ffffff","padding":{"unit":"px","top":"150","right":"100","bottom":"150","left":"100","isLinked":false},"padding_tablet":{"unit":"px","top":"60","right":"30","bottom":"60","left":"30","isLinked":false},"margin":{"unit":"px","top":"-60","right":0,"bottom":"0","left":0,"isLinked":false},"margin_mobile":{"unit":"px","top":"0","right":0,"bottom":"0","left":0,"isLinked":false},"padding_mobile":{"unit":"px","top":"40","right":"15","bottom":"40","left":"15","isLinked":false},"z_index":1,"html_tag":"div"},"elements":[{"id":"478f82a5","elType":"column","settings":{"_column_size":50,"_inline_size":null,"space_between_widgets":0,"margin_mobile":{"unit":"px","top":"0","right":"0","bottom":"60","left":"0","isLinked":false},"z_index":999,"margin":{"unit":"px","top":"0","right":"100","bottom":"0","left":"0","isLinked":false}},"elements":[{"id":"7ae6d14","elType":"widget","settings":{"width":{"unit":"px","size":75,"sizes":[]},"text":"Divider","weight":{"unit":"px","size":6,"sizes":[]},"gap":{"unit":"px","size":10,"sizes":[]},"_margin":{"unit":"px","top":"0","right":"0","bottom":"10","left":"0","isLinked":false},"__globals__":{"color":"globals\/colors?id=primary"},"align_mobile":"center"},"elements":[],"widgetType":"divider"},{"id":"159d2f2e","elType":"widget","settings":{"title":"The new flagship product","title_color":"#000000","typography_typography":"custom","typography_font_size":{"unit":"px","size":40},"typography_text_transform":"uppercase","typography_line_height":{"unit":"px","size":48},"typography_letter_spacing":{"unit":"px","size":""},"_margin":{"unit":"px","top":"0","right":"0","bottom":"20","left":"0","isLinked":false},"_animation":"opal-move-up","_animation_delay":100,"show_line_top":"yes","line_top_width":{"unit":"px","size":70,"sizes":[]},"line_top_height":{"unit":"px","size":6,"sizes":[]},"animation_duration":"fast","align_mobile":"center","typography_font_weight":"bold","typography_font_family":"Rubik","_element_width":"initial","_element_custom_width":{"unit":"px","size":400,"sizes":[]},"typography_font_style":"italic"},"elements":[],"widgetType":"heading"},{"id":"53a265eb","elType":"widget","settings":{"title":"Designed To Protect","header_size":"h3","title_color":"#000000","typography_typography":"custom","typography_font_size":{"unit":"px","size":18},"typography_font_weight":"400","typography_line_height":{"unit":"px","size":""},"typography_letter_spacing":{"unit":"px","size":""},"_margin":{"unit":"px","top":"0","right":"0","bottom":"30","left":"0","isLinked":false},"_animation":"opal-move-up","_animation_delay":200,"animation_duration":"fast","align_mobile":"center","typography_font_family":"BROmny"},"elements":[],"widgetType":"heading"},{"id":"45515423","elType":"widget","settings":{"editor":"The aerodynamically perfectly shaped and ventilated uvex race 5 protrudes with both, a dynamic alignment and technical performance.","_margin":{"unit":"px","top":"0","right":"0","bottom":"30","left":"0","isLinked":false},"_animation":"opal-move-up","_animation_delay":300,"animation_duration":"fast","align_mobile":"center"},"elements":[],"widgetType":"text-editor"},{"id":"2283f7fb","elType":"widget","settings":{"text":"View Design","width_button":{"unit":"px","size":200,"sizes":[]},"_animation":"opal-move-up","animation_duration":"fast","_animation_delay":400,"align_mobile":"center","typography_typography":"custom","typography_font_size":{"unit":"px","size":14,"sizes":[]},"typography_line_height":{"unit":"px","size":55,"sizes":[]},"text_padding":{"unit":"px","top":"0","right":"38","bottom":"0","left":"38","isLinked":false}},"elements":[],"widgetType":"button"}],"isInner":false},{"id":"57b8b0ea","elType":"column","settings":{"_column_size":50,"_inline_size":null,"content_position":"center","space_between_widgets":0},"elements":[{"id":"722ea062","elType":"widget","settings":{"image":{"id":8643,"url":"https:\/\/demo2wpopal.b-cdn.net\/smartic\/wp-content\/uploads\/2021\/04\/home-21_niche_21_img_1.jpg"},"image_size":"full","align":"center","background_hover_transition":{"unit":"px","size":0.5},"hover_animation":"grow-rotate","_animation":"fadeInUp","_animation_delay":200},"elements":[],"widgetType":"image"}],"isInner":false}],"isInner":false},{"id":"1488d396","elType":"section","settings":{"gap":"no","structure":"20","content_delay_time":"0.50","background_background":"classic","background_color":"#16151b","background_image":{"id":8644,"url":"https:\/\/demo2wpopal.b-cdn.net\/smartic\/wp-content\/uploads\/2021\/04\/home-21_niche_21_bg_1.jpg"},"background_position":"center left","background_repeat":"no-repeat","background_hover_background":"classic","background_hover_position":"center center","background_hover_repeat":"no-repeat","padding":{"unit":"px","top":"120","right":"120","bottom":"120","left":"120","isLinked":false},"padding_tablet":{"unit":"px","top":"60","right":"120","bottom":"60","left":"30","isLinked":false},"background_hover_transition":{"unit":"px","size":"","sizes":[]},"animation":"none","background_overlay_hover_color":"#FFFFFF","background_overlay_hover_transition":{"unit":"px","size":0.90000000000000002220446049250313080847263336181640625,"sizes":[]},"html_tag":"div"},"elements":[{"id":"67cef66d","elType":"column","settings":{"_column_size":50,"_inline_size":62,"_inline_size_tablet":100,"space_between_widgets":0},"elements":[],"isInner":false},{"id":"259388c","elType":"column","settings":{"_column_size":50,"_inline_size":38,"_inline_size_tablet":100,"space_between_widgets":0},"elements":[{"id":"f066fd2","elType":"widget","settings":{"width":{"unit":"px","size":75,"sizes":[]},"text":"Divider","weight":{"unit":"px","size":6,"sizes":[]},"gap":{"unit":"px","size":10,"sizes":[]},"_margin":{"unit":"px","top":"0","right":"0","bottom":"10","left":"0","isLinked":false},"__globals__":{"color":"globals\/colors?id=primary"},"align_mobile":"center"},"elements":[],"widgetType":"divider"},{"id":"63205c2d","elType":"widget","settings":{"title":"Smart Cycling\nHelmet","title_color":"#ffffff","typography_typography":"custom","typography_font_size":{"unit":"px","size":40},"typography_text_transform":"uppercase","typography_font_style":"italic","typography_line_height":{"unit":"px","size":48},"typography_letter_spacing":{"unit":"px","size":""},"_margin":{"unit":"px","top":"0","right":"0","bottom":"15","left":"0","isLinked":false},"_animation":"opal-move-up","_animation_delay":100,"show_line_top":"yes","line_top_width":{"unit":"px","size":70,"sizes":[]},"line_top_height":{"unit":"px","size":6,"sizes":[]},"animation_duration":"fast","align_mobile":"center","typography_font_size_mobile":{"unit":"px","size":36,"sizes":[]},"typography_font_weight":"bold","typography_font_family":"Rubik"},"elements":[],"widgetType":"heading"},{"id":"73e8993b","elType":"widget","settings":{"title":"Bluetooth and Video Integrated","header_size":"h3","title_color":"#ffffff","typography_typography":"custom","typography_font_size":{"unit":"px","size":18},"typography_font_weight":"400","typography_line_height":{"unit":"px","size":""},"typography_letter_spacing":{"unit":"px","size":""},"_margin":{"unit":"px","top":"0","right":"0","bottom":"30","left":"0","isLinked":false},"_animation":"opal-move-up","_animation_delay":200,"animation_duration":"fast","align_mobile":"center","typography_font_family":"BROmny"},"elements":[],"widgetType":"heading"},{"id":"70c58b1f","elType":"widget","settings":{"editor":"<p>Smart Cycling Helmet Multifunction Intelligent Lights Music Take Photo SOS Alert Sharing Bluetooth Helmet Phone Answ<\/p>","_margin":{"unit":"px","top":"0","right":"0","bottom":"30","left":"0","isLinked":false},"_animation":"opal-move-up","_animation_delay":300,"animation_duration":"fast","text_color":"#dddddd","align_mobile":"center","typography_typography":"custom","typography_font_family":"BROmny","typography_font_size":{"unit":"px","size":16,"sizes":[]},"typography_font_weight":"400"},"elements":[],"widgetType":"text-editor"},{"id":"78757cf","elType":"widget","settings":{"text":"all features","width_button":{"unit":"px","size":200,"sizes":[]},"_animation":"fadeInUp","_animation_delay":400,"_offset_orientation_v":"end","align":"left","align_mobile":"center","typography_typography":"custom","typography_text_transform":"capitalize","typography_line_height":{"unit":"px","size":55,"sizes":[]},"text_padding":{"unit":"px","top":"0","right":"38","bottom":"0","left":"38","isLinked":false}},"elements":[],"widgetType":"button"}],"isInner":false}],"isInner":false},{"id":"521d7acf","elType":"section","settings":{"gap":"no","custom_height":{"unit":"px","size":""},"structure":"20","content_delay_time":"0.50","background_background":"classic","background_position":"center left","background_repeat":"no-repeat","border_width_tablet":{"unit":"px","top":"0","right":"1","bottom":"0","left":"1","isLinked":false},"border_color":"rgba(0,0,0,0.15)","content_position":"middle","html_tag":"div"},"elements":[{"id":"46ef27dd","elType":"column","settings":{"_column_size":50,"_inline_size":59.743999999999999772626324556767940521240234375,"_inline_size_tablet":50,"space_between_widgets":0,"background_background":"classic","background_image":{"id":10066,"url":"https:\/\/demo2wpopal.b-cdn.net\/smartic\/wp-content\/uploads\/2021\/04\/h30-image-03.jpg"},"background_position":"center center","background_repeat":"no-repeat","background_hover_background":"classic","background_hover_position":"bottom right","background_hover_repeat":"no-repeat","padding":{"unit":"%","top":"18","right":"10","bottom":"17","left":"50","isLinked":false},"padding_tablet":{"unit":"px","top":"100","right":"30","bottom":"100","left":"30","isLinked":false},"background_hover_size":"cover","background_hover_transition":{"unit":"px","size":"","sizes":[]},"animation":"none","animation_delay":0,"background_size_tablet":"initial","background_overlay_hover_opacity":{"unit":"px","size":0.299999999999999988897769753748434595763683319091796875,"sizes":[]},"background_overlay_hover_transition":{"unit":"px","size":"","sizes":[]},"border_width_tablet":{"unit":"px","top":"0","right":"1","bottom":"0","left":"0","isLinked":false},"border_width_mobile":{"unit":"px","top":"0","right":"0","bottom":"1","left":"0","isLinked":false},"border_color":"rgba(0,0,0,0.15)","background_position_tablet":"center center","background_xpos_tablet":{"unit":"%","size":-77,"sizes":[]},"background_repeat_tablet":"no-repeat","background_size":"cover","__globals__":{"background_overlay_hover_color":""}},"elements":[{"id":"092e503","elType":"widget","settings":{"width":{"unit":"px","size":75,"sizes":[]},"text":"Divider","weight":{"unit":"px","size":6,"sizes":[]},"gap":{"unit":"px","size":10,"sizes":[]},"_margin":{"unit":"px","top":"0","right":"0","bottom":"10","left":"0","isLinked":false},"__globals__":{"color":"globals\/colors?id=primary"},"align_mobile":"center"},"elements":[],"widgetType":"divider"},{"id":"225a43a4","elType":"widget","settings":{"title":"Comfortable for\nhigh performances","title_color":"#000000","typography_typography":"custom","typography_font_size":{"unit":"px","size":24},"typography_text_transform":"uppercase","typography_font_style":"italic","typography_line_height":{"unit":"px","size":30},"typography_letter_spacing":{"unit":"px","size":""},"_margin":{"unit":"px","top":"0","right":"0","bottom":"20","left":"0","isLinked":false},"_animation":"opal-move-up","_animation_delay":100,"show_line_top":"yes","line_top_width":{"unit":"px","size":70,"sizes":[]},"line_top_height":{"unit":"px","size":6,"sizes":[]},"animation_duration":"fast","typography_font_weight":"bold","align_mobile":"center","typography_font_family":"Rubik","_element_width":"initial","_element_custom_width":{"unit":"px","size":270,"sizes":[]}},"elements":[],"widgetType":"heading"},{"id":"949059d","elType":"widget","settings":{"editor":"<p>Very high quality moisture wicking material has carbon fibres to suppress bacterial growth. Extremely comfortable and soft on the skin.<\/p>","_animation":"opal-move-up","_animation_delay":200,"animation_duration":"fast","_element_width":"initial","_element_custom_width":{"unit":"px","size":290,"sizes":[]},"align_mobile":"center","typography_typography":"custom","typography_font_family":"BROmny","typography_font_size":{"unit":"px","size":16,"sizes":[]}},"elements":[],"widgetType":"text-editor"}],"isInner":false},{"id":"6bed6878","elType":"column","settings":{"_column_size":50,"_inline_size":40.256000000000000227373675443232059478759765625,"_inline_size_tablet":50,"space_between_widgets":0,"background_background":"classic","background_image":{"id":10285,"url":"https:\/\/demo2wpopal.b-cdn.net\/smartic\/wp-content\/uploads\/2021\/04\/h30-image-07.jpg"},"background_position":"top left","background_repeat":"no-repeat","background_hover_background":"classic","background_hover_position":"bottom right","background_hover_repeat":"no-repeat","padding":{"unit":"%","top":"18","right":"10","bottom":"17","left":"45","isLinked":false},"padding_tablet":{"unit":"px","top":"100","right":"30","bottom":"100","left":"30","isLinked":false},"background_hover_size":"cover","background_size_tablet":"initial","background_bg_width_tablet":{"unit":"em","size":"","sizes":[]},"background_overlay_hover_background":"classic","background_overlay_hover_color":"#ffffff","background_size":"cover","background_position_tablet":"center left"},"elements":[{"id":"5bbdade","elType":"widget","settings":{"width":{"unit":"px","size":75,"sizes":[]},"text":"Divider","weight":{"unit":"px","size":6,"sizes":[]},"gap":{"unit":"px","size":10,"sizes":[]},"_margin":{"unit":"px","top":"0","right":"0","bottom":"10","left":"0","isLinked":false},"__globals__":{"color":"globals\/colors?id=primary"},"align_mobile":"center"},"elements":[],"widgetType":"divider"},{"id":"4b415b68","elType":"widget","settings":{"title":"Button-press\nadjustment","title_color":"#000000","typography_typography":"custom","typography_font_size":{"unit":"px","size":24},"typography_text_transform":"uppercase","typography_font_style":"italic","typography_line_height":{"unit":"px","size":30},"typography_letter_spacing":{"unit":"px","size":""},"_margin":{"unit":"px","top":"0","right":"0","bottom":"20","left":"0","isLinked":false},"_animation":"opal-move-up","_animation_delay":100,"show_line_top":"yes","line_top_width":{"unit":"px","size":70,"sizes":[]},"line_top_height":{"unit":"px","size":6,"sizes":[]},"animation_duration":"fast","typography_font_weight":"bold","align_mobile":"center","typography_font_family":"Rubik"},"elements":[],"widgetType":"heading"},{"id":"3e54039a","elType":"widget","settings":{"editor":"<p>Multi-stage and anatomically shaped: comfort closure opens and closes at the touch of a button, with just one hand.<\/p>","_animation":"opal-move-up","_animation_delay":200,"animation_duration":"fast","align_mobile":"center","typography_typography":"custom","typography_font_family":"BROmny","typography_font_size":{"unit":"px","size":16,"sizes":[]},"typography_font_weight":"400"},"elements":[],"widgetType":"text-editor"}],"isInner":false}],"isInner":false},{"id":"12746c4e","elType":"section","settings":{"gap":"no","custom_height":{"unit":"px","size":""},"structure":"20","content_delay_time":"0.50","background_background":"classic","background_position":"center left","background_repeat":"no-repeat","html_tag":"div"},"elements":[{"id":"595db616","elType":"column","settings":{"_column_size":50,"_inline_size":40.256000000000000227373675443232059478759765625,"_inline_size_tablet":50,"space_between_widgets":0,"background_background":"classic","background_image":{"id":10078,"url":"https:\/\/demo2wpopal.b-cdn.net\/smartic\/wp-content\/uploads\/2021\/04\/h30-image-05.jpg"},"background_position":"center center","background_repeat":"no-repeat","background_hover_background":"classic","background_hover_position":"bottom right","background_hover_repeat":"no-repeat","padding":{"unit":"px","top":"80","right":"120","bottom":"220","left":"80","isLinked":false},"padding_tablet":{"unit":"px","top":"100","right":"30","bottom":"100","left":"30","isLinked":false},"background_hover_size":"cover","background_overlay_hover_background":"classic","background_overlay_hover_color":"#ffffff","css_filters_hover_css_filter":"custom","background_size":"cover"},"elements":[{"id":"84c751c","elType":"widget","settings":{"width":{"unit":"px","size":75,"sizes":[]},"text":"Divider","weight":{"unit":"px","size":6,"sizes":[]},"gap":{"unit":"px","size":10,"sizes":[]},"_margin":{"unit":"px","top":"0","right":"0","bottom":"10","left":"0","isLinked":false},"__globals__":{"color":"globals\/colors?id=primary"},"align_mobile":"center"},"elements":[],"widgetType":"divider"},{"id":"41838355","elType":"widget","settings":{"title":"Easy and practical","title_color":"#000000","typography_typography":"custom","typography_font_size":{"unit":"px","size":24},"typography_text_transform":"uppercase","typography_font_style":"italic","typography_line_height":{"unit":"px","size":40},"typography_letter_spacing":{"unit":"px","size":""},"_margin":{"unit":"px","top":"0","right":"0","bottom":"20","left":"0","isLinked":false},"_animation":"opal-move-up","_animation_delay":200,"show_line_top":"yes","line_top_width":{"unit":"px","size":70,"sizes":[]},"line_top_height":{"unit":"px","size":6,"sizes":[]},"animation_duration":"fast","typography_font_weight":"bold","align_mobile":"center","typography_font_family":"Rubik"},"elements":[],"widgetType":"heading"},{"id":"ea7751b","elType":"widget","settings":{"editor":"<p>Fast Adapting System webbing can be easily and continuously tailored to your exact head shape.\u00a0<\/p>","_animation":"opal-move-up","_animation_delay":300,"animation_duration":"fast","_element_width":"initial","_element_custom_width":{"unit":"px","size":270,"sizes":[]},"align_mobile":"center","typography_typography":"custom","typography_font_family":"BROmny","typography_font_weight":"400"},"elements":[],"widgetType":"text-editor"}],"isInner":false},{"id":"231063ca","elType":"column","settings":{"_column_size":50,"_inline_size":59.743999999999999772626324556767940521240234375,"_inline_size_tablet":50,"content_position":"center","space_between_widgets":0,"background_background":"classic","background_image":{"id":10070,"url":"https:\/\/demo2wpopal.b-cdn.net\/smartic\/wp-content\/uploads\/2021\/04\/h30-image-04.jpg"},"background_position":"center center","background_repeat":"no-repeat","background_hover_background":"classic","background_hover_position":"bottom right","background_hover_repeat":"no-repeat","padding":{"unit":"px","top":"80","right":"60","bottom":"160","left":"80","isLinked":false},"padding_tablet":{"unit":"px","top":"100","right":"30","bottom":"100","left":"30","isLinked":false},"background_hover_size":"cover","background_overlay_hover_background":"classic","background_overlay_hover_color":"#ffffff","background_size":"cover"},"elements":[{"id":"93b58ca","elType":"widget","settings":{"width":{"unit":"px","size":75,"sizes":[]},"text":"Divider","weight":{"unit":"px","size":6,"sizes":[]},"gap":{"unit":"px","size":10,"sizes":[]},"_margin":{"unit":"px","top":"0","right":"0","bottom":"10","left":"0","isLinked":false},"__globals__":{"color":"globals\/colors?id=primary"},"align_mobile":"center"},"elements":[],"widgetType":"divider"},{"id":"6f63e605","elType":"widget","settings":{"title":"Interchangeable<br>\nliner","title_color":"#000000","typography_typography":"custom","typography_font_size":{"unit":"px","size":24},"typography_text_transform":"uppercase","typography_font_style":"italic","typography_line_height":{"unit":"px","size":30},"typography_letter_spacing":{"unit":"px","size":""},"_margin":{"unit":"px","top":"0","right":"0","bottom":"20","left":"0","isLinked":false},"_animation":"opal-move-up","_animation_delay":200,"show_line_top":"yes","line_top_width":{"unit":"px","size":70,"sizes":[]},"line_top_height":{"unit":"px","size":6,"sizes":[]},"animation_duration":"fast","typography_font_weight":"bold","align_mobile":"center","typography_font_family":"Rubik"},"elements":[],"widgetType":"heading"},{"id":"37e37460","elType":"widget","settings":{"editor":"Interior features significantly affect a helmet\u2019s comfort. All our pads absorb\nmoisture and are anti-allergenic.","_animation":"opal-move-up","_animation_delay":300,"animation_duration":"fast","_element_width":"initial","_element_custom_width":{"unit":"px","size":280,"sizes":[]},"align_mobile":"center","typography_typography":"custom","typography_font_family":"BROmny","typography_font_weight":"400"},"elements":[],"widgetType":"text-editor"}],"isInner":false}],"isInner":false},{"id":"62d68c07","elType":"section","settings":{"gap":"no","custom_height":{"unit":"px","size":""},"structure":"20","content_delay_time":"0.50","background_background":"classic","background_position":"center center","background_repeat":"no-repeat","background_image":{"id":9951,"url":"https:\/\/demo2wpopal.b-cdn.net\/smartic\/wp-content\/uploads\/2021\/04\/h30-image-01.jpg"},"section_parallax_on":"yes","parallax_speed":1.3000000000000000444089209850062616169452667236328125,"padding":{"unit":"px","top":"150","right":"190","bottom":"150","left":"190","isLinked":false},"padding_mobile":{"unit":"px","top":"40","right":"15","bottom":"40","left":"15","isLinked":false},"reverse_order_tablet":"reverse-tablet","reverse_order_mobile":"reverse-mobile","background_position_tablet":"center left","parallax_type_tablet":"scroll","background_motion_fx_translateY_effect":"yes","background_motion_fx_translateY_speed":{"unit":"px","size":2,"sizes":[]},"background_hover_image":{"url":"https:\/\/demo2wpopal.b-cdn.net\/smartic\/wp-content\/uploads\/2021\/04\/h30-image-01.jpg","id":9951},"background_hover_position":"bottom center","margin":{"unit":"px","top":"0","right":0,"bottom":"90","left":0,"isLinked":false},"background_size_tablet":"cover","margin_tablet":{"unit":"px","top":"0","right":0,"bottom":"60","left":0,"isLinked":false},"background_size":"auto","padding_tablet":{"unit":"px","top":"110","right":"110","bottom":"110","left":"110","isLinked":false},"html_tag":"div"},"elements":[{"id":"713f464b","elType":"column","settings":{"_column_size":50,"_inline_size":48.03399999999999891997504164464771747589111328125,"_inline_size_tablet":100,"space_between_widgets":0,"background_position":"top left","background_repeat":"no-repeat","background_hover_position":"bottom right","background_hover_repeat":"no-repeat","padding":{"unit":"px","top":"0","right":"15","bottom":"0","left":"0","isLinked":false},"padding_tablet":{"unit":"px","top":"0","right":"0","bottom":"50","left":"0","isLinked":false},"background_hover_size":"cover","padding_mobile":{"unit":"px","top":"0","right":"0","bottom":"0","left":"0","isLinked":true}},"elements":[{"id":"fafb7e8","elType":"widget","settings":{"width":{"unit":"px","size":75,"sizes":[]},"text":"Divider","weight":{"unit":"px","size":6,"sizes":[]},"gap":{"unit":"px","size":2,"sizes":[]},"_margin":{"unit":"px","top":"0","right":"0","bottom":"20","left":"0","isLinked":false},"__globals__":{"color":"globals\/colors?id=primary"},"align_mobile":"center"},"elements":[],"widgetType":"divider"},{"id":"648ca643","elType":"widget","settings":{"title":"High quality stems","title_color":"#ffffff","typography_typography":"custom","typography_font_size":{"unit":"px","size":40},"typography_text_transform":"uppercase","typography_font_style":"italic","typography_line_height":{"unit":"px","size":48},"typography_letter_spacing":{"unit":"px","size":""},"_margin":{"unit":"px","top":"0","right":"0","bottom":"10","left":"0","isLinked":false},"_animation":"opal-move-up","_animation_delay":100,"show_line_top":"yes","line_top_width":{"unit":"px","size":70,"sizes":[]},"line_top_height":{"unit":"px","size":6,"sizes":[]},"animation_duration":"fast","typography_font_family":"Rubik","typography_font_weight":"700","_element_width":"initial","_element_custom_width":{"unit":"px","size":300,"sizes":[]},"align_mobile":"center","typography_font_size_mobile":{"unit":"px","size":36,"sizes":[]}},"elements":[],"widgetType":"heading"},{"id":"aaf4e6e","elType":"widget","settings":{"title":"From Superior Materials","header_size":"h3","title_color":"#ffffff","typography_typography":"custom","typography_font_size":{"unit":"px","size":18},"typography_font_weight":"400","typography_line_height":{"unit":"px","size":24},"typography_letter_spacing":{"unit":"px","size":""},"_margin":{"unit":"px","top":"0","right":"0","bottom":"20","left":"0","isLinked":false},"_animation":"opal-move-up","_animation_delay":200,"animation_duration":"fast","align_mobile":"center","typography_font_family":"BROmny"},"elements":[],"widgetType":"heading"},{"id":"6fe4cf85","elType":"widget","settings":{"editor":"<p>Advanced fit systems provide the perfect adjustment, in every direction, to match every<br \/>individual head shape.<\/p>","_margin":{"unit":"px","top":"0","right":"0","bottom":"40","left":"0","isLinked":false},"_animation":"opal-move-up","_animation_delay":300,"animation_duration":"fast","text_color":"#999999","align_mobile":"center","_element_width":"initial","_element_custom_width":{"unit":"px","size":360,"sizes":[]},"typography_typography":"custom","typography_font_family":"BROmny","typography_font_size":{"unit":"px","size":16,"sizes":[]},"typography_font_weight":"400"},"elements":[],"widgetType":"text-editor"},{"id":"5d46ea4","elType":"widget","settings":{"selected_icon":{"value":"smartic-icon- smartic-icon-play-2","library":"smartic-icon-new"},"title_text":"watch video","description_text":"","position":"left","title_color":"#FFFFFF","title_typography_typography":"custom","title_typography_font_family":"BROmny","title_typography_font_size":{"unit":"px","size":14,"sizes":[]},"title_typography_font_weight":"600","title_typography_text_transform":"uppercase","title_typography_line_height":{"unit":"px","size":48,"sizes":[]},"link":{"url":"#","is_external":"","nofollow":"","custom_attributes":""},"icon_size":{"unit":"px","size":35,"sizes":[]},"content_vertical_alignment":"middle","title_bottom_space":{"unit":"px","size":0,"sizes":[]}},"elements":[],"widgetType":"icon-box"}],"isInner":false},{"id":"4353a227","elType":"column","settings":{"_column_size":50,"_inline_size":51.96600000000000108002495835535228252410888671875,"_inline_size_tablet":100,"content_position":"center","space_between_widgets":0,"background_image":{"id":8649,"url":"https:\/\/demo2wpopal.b-cdn.net\/smartic\/wp-content\/uploads\/2021\/04\/niche_21_bg_5.jpg"},"background_position":"top left","background_repeat":"no-repeat","background_hover_image":{"id":8649,"url":"https:\/\/demo2wpopal.b-cdn.net\/smartic\/wp-content\/uploads\/2021\/04\/niche_21_bg_5.jpg"},"background_hover_position":"bottom right","background_hover_repeat":"no-repeat","padding":{"unit":"px","top":"80","right":"60","bottom":"160","left":"70","isLinked":false},"padding_tablet":{"unit":"px","top":"100","right":"15","bottom":"100","left":"15","isLinked":false},"background_hover_size":"cover"},"elements":[],"isInner":false}],"isInner":false},{"id":"2c707a5a","elType":"section","settings":{"gap":"no","content_delay_time":"0.50","html_tag":"div"},"elements":[{"id":"612902d0","elType":"column","settings":{"_column_size":100,"space_between_widgets":0},"elements":[{"id":"7706151","elType":"widget","settings":{"width":{"unit":"px","size":75,"sizes":[]},"align":"center","text":"Divider","weight":{"unit":"px","size":6,"sizes":[]},"gap":{"unit":"px","size":10,"sizes":[]},"_margin":{"unit":"px","top":"0","right":"0","bottom":"10","left":"0","isLinked":false},"__globals__":{"color":"globals\/colors?id=primary"}},"elements":[],"widgetType":"divider"},{"id":"83ea57b","elType":"widget","settings":{"title":"hi-tech features","typography_typography":"custom","typography_font_size":{"unit":"px","size":40},"typography_text_transform":"uppercase","typography_font_style":"italic","typography_line_height":{"unit":"px","size":48},"typography_letter_spacing":{"unit":"px","size":""},"_animation":"opal-move-up","_animation_delay":100,"show_line_top":"yes","line_top_width":{"unit":"px","size":70,"sizes":[]},"line_top_height":{"unit":"px","size":6,"sizes":[]},"animation_duration":"fast","align":"center","typography_font_family":"Rubik","typography_font_weight":"700","_element_custom_width":{"unit":"px","size":300,"sizes":[]},"__globals__":{"title_color":"globals\/colors?id=accent"},"typography_font_size_mobile":{"unit":"px","size":36,"sizes":[]}},"elements":[],"widgetType":"heading"},{"id":"18db247","elType":"widget","settings":{"editor":"<p>Designed To Protect<\/p>","_margin":{"unit":"px","top":"0","right":"0","bottom":"40","left":"0","isLinked":false},"_animation":"opal-move-up","_animation_delay":300,"animation_duration":"fast","align":"center","typography_typography":"custom","typography_font_family":"BROmny","typography_font_size":{"unit":"px","size":18,"sizes":[]},"typography_font_weight":"500","typography_line_height":{"unit":"px","size":48,"sizes":[]},"__globals__":{"text_color":"globals\/colors?id=accent"}},"elements":[],"widgetType":"text-editor"}],"isInner":false}],"isInner":false},{"id":"50d312a","elType":"section","settings":{"gap":"no","stretch_section":"section-stretched","padding":{"unit":"px","top":"0","right":"30","bottom":"20","left":"30","isLinked":false},"padding_mobile":{"unit":"px","top":"0","right":"15","bottom":"0","left":"15","isLinked":false},"html_tag":"div"},"elements":[{"id":"312d114","elType":"column","settings":{"_column_size":100,"_inline_size":null},"elements":[{"id":"c5986d4","elType":"section","settings":{"gap":"no","structure":"30","layout":"full_width","html_tag":"div"},"elements":[{"id":"189fddd","elType":"column","settings":{"_column_size":33,"_inline_size":null,"margin":{"unit":"px","top":"0","right":"80","bottom":"0","left":"0","isLinked":false},"margin_mobile":{"unit":"px","top":"0","right":"0","bottom":"0","left":"0","isLinked":false},"_inline_size_tablet":50,"margin_tablet":{"unit":"px","top":"0","right":"15","bottom":"0","left":"0","isLinked":false}},"elements":[{"id":"c66d4b1","elType":"widget","settings":{"title_text":"SOS Alert","description_text":"Fast Adapting System webbing can be easily and continuously tailored to your exact head shape. ","position":"left","title_bottom_space":{"unit":"px","size":15,"sizes":[]},"title_typography_typography":"custom","title_typography_font_family":"BROmny","title_typography_font_size":{"unit":"px","size":20,"sizes":[]},"title_typography_font_weight":"600","title_typography_line_height":{"unit":"px","size":15,"sizes":[]},"description_typography_typography":"custom","description_typography_font_family":"BROmny","description_typography_font_size":{"unit":"px","size":16,"sizes":[]},"description_typography_font_weight":"400","description_typography_line_height":{"unit":"px","size":24,"sizes":[]},"_margin":{"unit":"px","top":"0","right":"0","bottom":"35","left":"0","isLinked":false},"__globals__":{"title_color":"globals\/colors?id=accent","hover_primary_color":"globals\/colors?id=secondary"},"selected_icon":{"value":"smartic-icon- smartic-icon-sos-2","library":"smartic-icon-new"},"icon_space":{"unit":"px","size":25,"sizes":[]},"icon_size":{"unit":"px","size":53,"sizes":[]},"_margin_mobile":{"unit":"px","top":"0","right":"0","bottom":"30","left":"0","isLinked":false}},"elements":[],"widgetType":"icon-box"},{"id":"b0fbb2e","elType":"widget","settings":{"title_text":"Phone Call","description_text":"Fast Adapting System webbing can be easily and continuously tailored to your exact head shape. ","position":"left","title_bottom_space":{"unit":"px","size":15,"sizes":[]},"title_typography_typography":"custom","title_typography_font_family":"BROmny","title_typography_font_size":{"unit":"px","size":20,"sizes":[]},"title_typography_font_weight":"600","title_typography_line_height":{"unit":"px","size":16,"sizes":[]},"description_typography_typography":"custom","description_typography_font_family":"BROmny","description_typography_font_size":{"unit":"px","size":16,"sizes":[]},"description_typography_font_weight":"400","description_typography_line_height":{"unit":"px","size":24,"sizes":[]},"_margin":{"unit":"px","top":"0","right":"0","bottom":"35","left":"0","isLinked":false},"__globals__":{"title_color":"globals\/colors?id=accent","hover_primary_color":"globals\/colors?id=secondary"},"selected_icon":{"value":"smartic-icon- smartic-icon-phone-5","library":"smartic-icon-new"},"icon_space":{"unit":"px","size":25,"sizes":[]},"icon_size":{"unit":"px","size":53,"sizes":[]},"_margin_mobile":{"unit":"px","top":"0","right":"0","bottom":"30","left":"0","isLinked":false}},"elements":[],"widgetType":"icon-box"}],"isInner":true},{"id":"e9160e3","elType":"column","settings":{"_column_size":33,"_inline_size":null,"margin":{"unit":"px","top":"0","right":"40","bottom":"0","left":"40","isLinked":false},"margin_mobile":{"unit":"px","top":"0","right":"0","bottom":"0","left":"0","isLinked":false},"_inline_size_tablet":50,"margin_tablet":{"unit":"px","top":"0","right":"0","bottom":"0","left":"15","isLinked":false}},"elements":[{"id":"c79ceb8","elType":"widget","settings":{"title_text":"Smart Lighting","description_text":"Fast Adapting System webbing can be easily and continuously tailored to your exact head shape. ","position":"left","title_bottom_space":{"unit":"px","size":15,"sizes":[]},"title_typography_typography":"custom","title_typography_font_family":"BROmny","title_typography_font_size":{"unit":"px","size":20,"sizes":[]},"title_typography_font_weight":"600","title_typography_line_height":{"unit":"px","size":16,"sizes":[]},"description_typography_typography":"custom","description_typography_font_family":"BROmny","description_typography_font_size":{"unit":"px","size":16,"sizes":[]},"description_typography_font_weight":"400","description_typography_line_height":{"unit":"px","size":24,"sizes":[]},"_margin":{"unit":"px","top":"0","right":"0","bottom":"35","left":"0","isLinked":false},"__globals__":{"title_color":"globals\/colors?id=accent","hover_primary_color":"globals\/colors?id=secondary"},"selected_icon":{"value":"smartic-icon- smartic-icon-lighting","library":"smartic-icon-new"},"icon_space":{"unit":"px","size":25,"sizes":[]},"icon_size":{"unit":"px","size":53,"sizes":[]},"_margin_mobile":{"unit":"px","top":"0","right":"0","bottom":"30","left":"0","isLinked":false}},"elements":[],"widgetType":"icon-box"},{"id":"553370f","elType":"widget","settings":{"title_text":"Take Photo","description_text":"Fast Adapting System webbing can be easily and continuously tailored to your exact head shape. ","position":"left","title_bottom_space":{"unit":"px","size":15,"sizes":[]},"title_typography_typography":"custom","title_typography_font_family":"BROmny","title_typography_font_size":{"unit":"px","size":20,"sizes":[]},"title_typography_font_weight":"600","title_typography_line_height":{"unit":"px","size":16,"sizes":[]},"description_typography_typography":"custom","description_typography_font_family":"BROmny","description_typography_font_size":{"unit":"px","size":16,"sizes":[]},"description_typography_font_weight":"400","description_typography_line_height":{"unit":"px","size":24,"sizes":[]},"_margin":{"unit":"px","top":"0","right":"0","bottom":"35","left":"0","isLinked":false},"__globals__":{"title_color":"globals\/colors?id=accent","hover_primary_color":"globals\/colors?id=secondary"},"selected_icon":{"value":"smartic-icon- smartic-icon-photo","library":"smartic-icon-new"},"icon_space":{"unit":"px","size":25,"sizes":[]},"icon_size":{"unit":"px","size":53,"sizes":[]},"_margin_mobile":{"unit":"px","top":"0","right":"0","bottom":"30","left":"0","isLinked":false}},"elements":[],"widgetType":"icon-box"}],"isInner":true},{"id":"1750fd1","elType":"column","settings":{"_column_size":33,"_inline_size":null,"margin":{"unit":"px","top":"0","right":"0","bottom":"0","left":"80","isLinked":false},"margin_mobile":{"unit":"px","top":"0","right":"0","bottom":"0","left":"0","isLinked":false},"_inline_size_tablet":100,"margin_tablet":{"unit":"px","top":"0","right":"0","bottom":"0","left":"0","isLinked":false}},"elements":[{"id":"39726a5","elType":"widget","settings":{"title_text":"Data Collecting","description_text":"Fast Adapting System webbing can be easily and continuously tailored to your exact head shape. ","position":"left","title_bottom_space":{"unit":"px","size":15,"sizes":[]},"title_typography_typography":"custom","title_typography_font_family":"BROmny","title_typography_font_size":{"unit":"px","size":20,"sizes":[]},"title_typography_font_weight":"600","title_typography_line_height":{"unit":"px","size":16,"sizes":[]},"description_typography_typography":"custom","description_typography_font_family":"BROmny","description_typography_font_size":{"unit":"px","size":16,"sizes":[]},"description_typography_font_weight":"400","description_typography_line_height":{"unit":"px","size":24,"sizes":[]},"_margin":{"unit":"px","top":"0","right":"0","bottom":"35","left":"0","isLinked":false},"__globals__":{"title_color":"globals\/colors?id=accent","hover_primary_color":"globals\/colors?id=secondary"},"selected_icon":{"value":"smartic-icon- smartic-icon-data","library":"smartic-icon-new"},"icon_space":{"unit":"px","size":25,"sizes":[]},"icon_size":{"unit":"px","size":53,"sizes":[]},"_margin_tablet":{"unit":"px","top":"0","right":"15","bottom":"0","left":"0","isLinked":false},"_margin_mobile":{"unit":"px","top":"0","right":"0","bottom":"30","left":"0","isLinked":false},"_element_width_tablet":"initial","_element_width_mobile":"inherit","_element_custom_width_tablet":{"unit":"%","size":50,"sizes":[]}},"elements":[],"widgetType":"icon-box"},{"id":"e20c299","elType":"widget","settings":{"title_text":"Music","description_text":"Fast Adapting System webbing can be easily and continuously tailored to your exact head shape. ","position":"left","title_bottom_space":{"unit":"px","size":15,"sizes":[]},"title_typography_typography":"custom","title_typography_font_family":"BROmny","title_typography_font_size":{"unit":"px","size":20,"sizes":[]},"title_typography_font_weight":"600","title_typography_line_height":{"unit":"px","size":16,"sizes":[]},"description_typography_typography":"custom","description_typography_font_family":"BROmny","description_typography_font_size":{"unit":"px","size":16,"sizes":[]},"description_typography_font_weight":"400","description_typography_line_height":{"unit":"px","size":24,"sizes":[]},"_margin":{"unit":"px","top":"0","right":"0","bottom":"35","left":"0","isLinked":false},"__globals__":{"title_color":"globals\/colors?id=accent","hover_primary_color":"globals\/colors?id=secondary"},"selected_icon":{"value":"smartic-icon- smartic-icon-music","library":"smartic-icon-new"},"icon_space":{"unit":"px","size":25,"sizes":[]},"icon_size":{"unit":"px","size":53,"sizes":[]},"_margin_tablet":{"unit":"px","top":"0","right":"0","bottom":"0","left":"15","isLinked":false},"_margin_mobile":{"unit":"px","top":"0","right":"0","bottom":"30","left":"0","isLinked":false},"_element_width_tablet":"initial","_element_width_mobile":"inherit","_element_custom_width_tablet":{"unit":"%","size":50,"sizes":[]}},"elements":[],"widgetType":"icon-box"}],"isInner":true}],"isInner":true}],"isInner":false}],"isInner":false},{"id":"b77e3f3","elType":"section","settings":{"gap":"no","custom_height":{"unit":"px","size":490,"sizes":[]},"stretch_section":"section-stretched","margin":{"unit":"px","top":"0","right":0,"bottom":"0","left":0,"isLinked":false},"padding":{"unit":"px","top":"0","right":"30","bottom":"0","left":"30","isLinked":false},"padding_mobile":{"unit":"px","top":"0","right":"15","bottom":"0","left":"15","isLinked":false},"html_tag":"div"},"elements":[{"id":"6ea072f","elType":"column","settings":{"_column_size":100,"_inline_size":null,"background_image":{"url":"https:\/\/demo2wpopal.b-cdn.net\/smartic\/wp-content\/uploads\/2021\/04\/h30-image-02.png","id":9983},"background_position":"center center","background_repeat":"no-repeat","background_size":"auto"},"elements":[{"id":"49e82a7","elType":"section","settings":{"gap":"no","height_inner":"min-height","custom_height_inner":{"unit":"px","size":470,"sizes":[]},"background_background":"classic","background_image":{"url":"https:\/\/demo2wpopal.b-cdn.net\/smartic\/wp-content\/uploads\/2021\/04\/h30-image-06.jpg","id":10270},"background_position":"top center","background_repeat":"no-repeat","background_size":"auto","background_hover_image":{"url":"https:\/\/demo2wpopal.b-cdn.net\/smartic\/wp-content\/uploads\/2021\/04\/h30-image-02.png","id":9983},"background_hover_position":"top left","background_hover_repeat":"no-repeat","background_hover_size":"auto","background_hover_transition":{"unit":"px","size":0.5,"sizes":[]},"margin":{"unit":"px","top":"0","right":0,"bottom":"0","left":0,"isLinked":false},"custom_height_inner_mobile":{"unit":"px","size":400,"sizes":[]},"background_position_mobile":"initial","background_xpos_mobile":{"unit":"%","size":40,"sizes":[]},"html_tag":"div"},"elements":[{"id":"a70220e","elType":"column","settings":{"_column_size":100,"_inline_size":null,"space_between_widgets":0},"elements":[],"isInner":true}],"isInner":true}],"isInner":false}],"isInner":false},{"id":"c193481","elType":"section","settings":{"gap":"no","stretch_section":"section-stretched","padding":{"unit":"px","top":"0","right":"30","bottom":"0","left":"30","isLinked":false},"padding_mobile":{"unit":"px","top":"0","right":"15","bottom":"0","left":"15","isLinked":false},"margin":{"unit":"px","top":"0","right":0,"bottom":"0","left":0,"isLinked":false},"html_tag":"div"},"elements":[{"id":"277c945","elType":"column","settings":{"_column_size":100,"_inline_size":null,"background_background":"classic","background_color":"#E52929","padding":{"unit":"px","top":"40","right":"150","bottom":"40","left":"150","isLinked":false},"padding_tablet":{"unit":"px","top":"40","right":"15","bottom":"40","left":"15","isLinked":false},"padding_mobile":{"unit":"px","top":"40","right":"15","bottom":"40","left":"15","isLinked":false}},"elements":[{"id":"acfeb49","elType":"section","settings":{"gap":"no","structure":"20","margin":{"unit":"px","top":"0","right":0,"bottom":"0","left":0,"isLinked":false},"margin_mobile":{"unit":"px","top":"0","right":0,"bottom":"30","left":0,"isLinked":false},"html_tag":"div"},"elements":[{"id":"a65aac2","elType":"column","settings":{"_column_size":50,"_inline_size":70.9069999999999964757080306299030780792236328125,"space_between_widgets":0,"_inline_size_tablet":70},"elements":[{"id":"61261c2","elType":"widget","settings":{"title":"Why wait? Order yours now.","title_color":"#ffffff","typography_typography":"custom","typography_font_size":{"unit":"px","size":40},"typography_font_style":"italic","typography_line_height":{"unit":"px","size":48},"typography_letter_spacing":{"unit":"px","size":""},"_margin":{"unit":"px","top":"0","right":"0","bottom":"15","left":"0","isLinked":false},"_animation":"opal-move-up","_animation_delay":100,"animation_duration":"fast","align_mobile":"center","typography_font_size_mobile":{"unit":"px","size":36,"sizes":[]},"typography_font_family":"Rubik","typography_font_weight":"bold"},"elements":[],"widgetType":"heading"},{"id":"390d73f","elType":"widget","settings":{"title":"And get 10%off your first order","header_size":"h3","title_color":"#ffffff","typography_typography":"custom","typography_font_size":{"unit":"px","size":18},"typography_font_weight":"400","typography_line_height":{"unit":"px","size":""},"typography_letter_spacing":{"unit":"px","size":""},"_margin":{"unit":"px","top":"0","right":"0","bottom":"30","left":"0","isLinked":false},"_animation":"opal-move-up","_animation_delay":200,"animation_duration":"fast","align_mobile":"center","typography_font_family":"BROmny"},"elements":[],"widgetType":"heading"}],"isInner":true},{"id":"1cb4694","elType":"column","settings":{"_column_size":50,"_inline_size":29.044000000000000483169060316868126392364501953125,"content_position":"center","space_between_widgets":0,"background_background":"classic","background_color":"#e52929","_inline_size_tablet":30,"align_tablet":"center"},"elements":[{"id":"a200987","elType":"widget","settings":{"button_type":"light","text":"Shop now","align":"right","align_mobile":"center","typography_typography":"custom","hover_color":"#ffffff","button_background_hover_color":"#000000","background_color":"#FFFFFF","__globals__":{"button_text_color":"globals\/colors?id=accent"},"align_tablet":"center","link":{"url":"https:\/\/demo2wpopal.b-cdn.net\/smartic\/product\/the-new-flagship-product\/","is_external":"","nofollow":"","custom_attributes":""}},"elements":[],"widgetType":"button"}],"isInner":true}],"isInner":true}],"isInner":false}],"isInner":false}]]]></wp:meta_value>
  </wp:postmeta>
  <wp:postmeta>
    <wp:meta_key>_yoast_wpseo_content_score</wp:meta_key>
    <wp:meta_value><![CDATA[60]]></wp:meta_value>
  </wp:postmeta>
  <wp:postmeta>
    <wp:meta_key>_elementor_page_settings</wp:meta_key>
    <wp:meta_value><![CDATA[a:2:{s:21:"background_background";s:7:"classic";s:16:"background_color";s:7:"#F4F4F4";}]]></wp:meta_value>
  </wp:postmeta>
  <wp:postmeta>
    <wp:meta_key>_elementor_controls_usage</wp:meta_key>
    <wp:meta_value><![CDATA[a:9:{s:17:"smartic-revslider";a:3:{s:5:"count";i:1;s:15:"control_percent";i:0;s:8:"controls";a:1:{s:7:"content";a:1:{s:10:"rev_slider";a:1:{s:9:"rev_alias";i:1;}}}}s:6:"column";a:3:{s:5:"count";i:21;s:15:"control_percent";i:2;s:8:"controls";a:3:{s:6:"layout";a:1:{s:6:"layout";a:5:{s:21:"space_between_widgets";i:15;s:12:"_inline_size";i:19;s:16:"content_position";i:4;s:19:"_inline_size_tablet";i:13;s:12:"align_tablet";i:1;}}s:8:"advanced";a:2:{s:16:"section_advanced";a:7:{s:13:"margin_mobile";i:4;s:7:"z_index";i:1;s:6:"margin";i:4;s:7:"padding";i:7;s:14:"padding_tablet";i:7;s:14:"padding_mobile";i:2;s:13:"margin_tablet";i:3;}s:15:"section_effects";a:2:{s:9:"animation";i:1;s:15:"animation_delay";i:1;}}s:5:"style";a:3:{s:13:"section_style";a:17:{s:21:"background_background";i:6;s:16:"background_image";i:6;s:19:"background_position";i:7;s:17:"background_repeat";i:7;s:27:"background_hover_background";i:4;s:25:"background_hover_position";i:6;s:23:"background_hover_repeat";i:6;s:21:"background_hover_size";i:6;s:27:"background_hover_transition";i:1;s:22:"background_size_tablet";i:2;s:26:"background_position_tablet";i:2;s:22:"background_xpos_tablet";i:1;s:24:"background_repeat_tablet";i:1;s:15:"background_size";i:5;s:26:"background_bg_width_tablet";i:1;s:22:"background_hover_image";i:1;s:16:"background_color";i:2;}s:26:"section_background_overlay";a:5:{s:32:"background_overlay_hover_opacity";i:1;s:35:"background_overlay_hover_transition";i:1;s:35:"background_overlay_hover_background";i:3;s:30:"background_overlay_hover_color";i:3;s:28:"css_filters_hover_css_filter";i:1;}s:14:"section_border";a:3:{s:19:"border_width_tablet";i:1;s:19:"border_width_mobile";i:1;s:12:"border_color";i:1;}}}}s:7:"section";a:3:{s:5:"count";i:13;s:15:"control_percent";i:1;s:8:"controls";a:3:{s:6:"layout";a:2:{s:14:"section_layout";a:8:{s:15:"stretch_section";i:4;s:6:"layout";i:2;s:3:"gap";i:13;s:13:"custom_height";i:4;s:16:"content_position";i:1;s:12:"height_inner";i:1;s:19:"custom_height_inner";i:1;s:26:"custom_height_inner_mobile";i:1;}s:17:"section_structure";a:1:{s:9:"structure";i:7;}}s:5:"style";a:3:{s:18:"section_background";a:18:{s:21:"background_background";i:6;s:16:"background_color";i:2;s:16:"background_image";i:3;s:19:"background_position";i:5;s:17:"background_repeat";i:5;s:27:"background_hover_background";i:1;s:25:"background_hover_position";i:3;s:23:"background_hover_repeat";i:2;s:27:"background_hover_transition";i:2;s:26:"background_position_tablet";i:1;s:38:"background_motion_fx_translateY_effect";i:1;s:37:"background_motion_fx_translateY_speed";i:1;s:22:"background_hover_image";i:2;s:22:"background_size_tablet";i:1;s:15:"background_size";i:2;s:21:"background_hover_size";i:1;s:26:"background_position_mobile";i:1;s:22:"background_xpos_mobile";i:1;}s:26:"section_background_overlay";a:2:{s:30:"background_overlay_hover_color";i:1;s:35:"background_overlay_hover_transition";i:1;}s:14:"section_border";a:2:{s:19:"border_width_tablet";i:1;s:12:"border_color";i:1;}}s:8:"advanced";a:3:{s:16:"section_advanced";a:7:{s:7:"padding";i:6;s:14:"padding_tablet";i:3;s:6:"margin";i:6;s:13:"margin_mobile";i:2;s:14:"padding_mobile";i:5;s:7:"z_index";i:1;s:13:"margin_tablet";i:1;}s:15:"section_effects";a:1:{s:9:"animation";i:1;}s:19:"_section_responsive";a:2:{s:20:"reverse_order_tablet";i:1;s:20:"reverse_order_mobile";i:1;}}}}s:7:"divider";a:3:{s:5:"count";i:8;s:15:"control_percent";i:2;s:8:"controls";a:3:{s:7:"content";a:1:{s:15:"section_divider";a:3:{s:5:"width";i:8;s:12:"align_mobile";i:7;s:5:"align";i:1;}}s:5:"style";a:1:{s:21:"section_divider_style";a:2:{s:6:"weight";i:8;s:3:"gap";i:8;}}s:8:"advanced";a:1:{s:14:"_section_style";a:1:{s:7:"_margin";i:8;}}}}s:7:"heading";a:3:{s:5:"count";i:13;s:15:"control_percent";i:5;s:8:"controls";a:3:{s:7:"content";a:1:{s:13:"section_title";a:4:{s:5:"title";i:13;s:12:"align_mobile";i:12;s:11:"header_size";i:4;s:5:"align";i:1;}}s:5:"style";a:1:{s:19:"section_title_style";a:10:{s:11:"title_color";i:12;s:21:"typography_typography";i:13;s:20:"typography_font_size";i:13;s:25:"typography_text_transform";i:8;s:22:"typography_line_height";i:13;s:25:"typography_letter_spacing";i:13;s:22:"typography_font_weight";i:13;s:22:"typography_font_family";i:13;s:21:"typography_font_style";i:9;s:27:"typography_font_size_mobile";i:4;}}s:8:"advanced";a:3:{s:14:"_section_style";a:1:{s:7:"_margin";i:12;}s:15:"section_effects";a:3:{s:10:"_animation";i:13;s:16:"_animation_delay";i:13;s:18:"animation_duration";i:13;}s:17:"_section_position";a:2:{s:14:"_element_width";i:3;s:21:"_element_custom_width";i:4;}}}}s:11:"text-editor";a:3:{s:5:"count";i:8;s:15:"control_percent";i:3;s:8:"controls";a:3:{s:7:"content";a:1:{s:14:"section_editor";a:1:{s:6:"editor";i:8;}}s:8:"advanced";a:3:{s:14:"_section_style";a:1:{s:7:"_margin";i:4;}s:15:"section_effects";a:3:{s:10:"_animation";i:8;s:16:"_animation_delay";i:8;s:18:"animation_duration";i:8;}s:17:"_section_position";a:2:{s:14:"_element_width";i:4;s:21:"_element_custom_width";i:4;}}s:5:"style";a:1:{s:13:"section_style";a:8:{s:12:"align_mobile";i:7;s:10:"text_color";i:2;s:21:"typography_typography";i:7;s:22:"typography_font_family";i:7;s:20:"typography_font_size";i:5;s:22:"typography_font_weight";i:6;s:5:"align";i:1;s:22:"typography_line_height";i:1;}}}}s:6:"button";a:3:{s:5:"count";i:3;s:15:"control_percent";i:2;s:8:"controls";a:3:{s:7:"content";a:1:{s:14:"section_button";a:6:{s:4:"text";i:3;s:12:"align_mobile";i:3;s:5:"align";i:2;s:11:"button_type";i:1;s:12:"align_tablet";i:1;s:4:"link";i:1;}}s:8:"advanced";a:2:{s:15:"section_effects";a:3:{s:10:"_animation";i:2;s:18:"animation_duration";i:1;s:16:"_animation_delay";i:2;}s:17:"_section_position";a:1:{s:21:"_offset_orientation_v";i:1;}}s:5:"style";a:1:{s:13:"section_style";a:8:{s:21:"typography_typography";i:3;s:20:"typography_font_size";i:1;s:22:"typography_line_height";i:2;s:12:"text_padding";i:2;s:25:"typography_text_transform";i:1;s:11:"hover_color";i:1;s:29:"button_background_hover_color";i:1;s:16:"background_color";i:1;}}}}s:5:"image";a:3:{s:5:"count";i:1;s:15:"control_percent";i:2;s:8:"controls";a:3:{s:7:"content";a:1:{s:13:"section_image";a:3:{s:5:"image";i:1;s:10:"image_size";i:1;s:5:"align";i:1;}}s:5:"style";a:1:{s:19:"section_style_image";a:2:{s:27:"background_hover_transition";i:1;s:15:"hover_animation";i:1;}}s:8:"advanced";a:1:{s:15:"section_effects";a:2:{s:10:"_animation";i:1;s:16:"_animation_delay";i:1;}}}}s:8:"icon-box";a:3:{s:5:"count";i:7;s:15:"control_percent";i:7;s:8:"controls";a:3:{s:7:"content";a:1:{s:12:"section_icon";a:5:{s:13:"selected_icon";i:7;s:10:"title_text";i:7;s:16:"description_text";i:7;s:8:"position";i:7;s:4:"link";i:1;}}s:5:"style";a:2:{s:21:"section_style_content";a:14:{s:11:"title_color";i:1;s:27:"title_typography_typography";i:7;s:28:"title_typography_font_family";i:7;s:26:"title_typography_font_size";i:7;s:28:"title_typography_font_weight";i:7;s:31:"title_typography_text_transform";i:1;s:28:"title_typography_line_height";i:7;s:26:"content_vertical_alignment";i:1;s:18:"title_bottom_space";i:7;s:33:"description_typography_typography";i:6;s:34:"description_typography_font_family";i:6;s:32:"description_typography_font_size";i:6;s:34:"description_typography_font_weight";i:6;s:34:"description_typography_line_height";i:6;}s:18:"section_style_icon";a:2:{s:9:"icon_size";i:7;s:10:"icon_space";i:6;}}s:8:"advanced";a:2:{s:14:"_section_style";a:3:{s:7:"_margin";i:6;s:14:"_margin_mobile";i:6;s:14:"_margin_tablet";i:2;}s:17:"_section_position";a:3:{s:21:"_element_width_tablet";i:2;s:21:"_element_width_mobile";i:2;s:28:"_element_custom_width_tablet";i:2;}}}}}]]></wp:meta_value>
  </wp:postmeta>
  <wp:postmeta>
    <wp:meta_key>_elementor_page_assets</wp:meta_key>
    <wp:meta_value><![CDATA[a:1:{s:6:"styles";a:25:{i:0;s:12:"e-animations";i:1;s:12:"e-animations";i:2;s:12:"e-animations";i:3;s:12:"e-animations";i:4;s:12:"e-animations";i:5;s:12:"e-animations";i:6;s:12:"e-animations";i:7;s:12:"e-animations";i:8;s:12:"e-animations";i:9;s:12:"e-animations";i:10;s:12:"e-animations";i:11;s:12:"e-animations";i:12;s:12:"e-animations";i:13;s:12:"e-animations";i:14;s:12:"e-animations";i:15;s:12:"e-animations";i:16;s:12:"e-animations";i:17;s:12:"e-animations";i:18;s:12:"e-animations";i:19;s:12:"e-animations";i:20;s:12:"e-animations";i:21;s:12:"e-animations";i:22;s:12:"e-animations";i:23;s:12:"e-animations";i:24;s:12:"e-animations";}}]]></wp:meta_value>
  </wp:postmeta>
</item>
<item>
  <title><![CDATA[01_home_smarthelmet_slider1.jpg]]></title>
  <link>https://demo2wpopal.b-cdn.net/smartic/home-30/01-home-smarthelmet-slider1-jpg/</link>
  <pubDate>Mon, 05 Apr 2021 10:02:43 +0000</pubDate>
  <dc:creator>admin</dc:creator>
  <guid isPermaLink="false">https://demo2wpopal.b-cdn.net/smartic/wp-content/uploads/revslider/01_home_smarthelmet_slider1.jpg</guid>
  <description/>
  <content:encoded><![CDATA[]]></content:encoded>
  <excerpt:encoded><![CDATA[]]></excerpt:encoded>
  <wp:post_id>8674</wp:post_id>
  <wp:post_date>2021-04-05 10:02:43</wp:post_date>
  <wp:post_date_gmt>2021-04-05 10:02:43</wp:post_date_gmt>
  <wp:post_modified>2023-04-27 03:21:12</wp:post_modified>
  <wp:post_modified_gmt>2023-04-27 03:21:12</wp:post_modified_gmt>
  <wp:comment_status>closed</wp:comment_status>
  <wp:ping_status>closed</wp:ping_status>
  <wp:post_name>01-home-smarthelmet-slider1-jpg</wp:post_name>
  <wp:status>inherit</wp:status>
  <wp:post_parent>8653</wp:post_parent>
  <wp:menu_order>0</wp:menu_order>
  <wp:post_type>attachment</wp:post_type>
  <wp:post_password/>
  <wp:is_sticky>0</wp:is_sticky>
  <wp:attachment_url>https://demo2wpopal.b-cdn.net/smartic/wp-content/uploads/revslider/01_home_smarthelmet_slider1.jpg</wp:attachment_url>
  <wp:postmeta>
    <wp:meta_key>_wp_attached_file</wp:meta_key>
    <wp:meta_value><![CDATA[revslider/01_home_smarthelmet_slider1.jpg]]></wp:meta_value>
  </wp:postmeta>
  <wp:postmeta>
    <wp:meta_key>_wp_attachment_metadata</wp:meta_key>
    <wp:meta_value><![CDATA[a:6:{s:5:"width";i:1920;s:6:"height";i:840;s:4:"file";s:41:"revslider/01_home_smarthelmet_slider1.jpg";s:8:"filesize";i:118215;s:5:"sizes";a:12:{s:6:"medium";a:5:{s:4:"file";s:39:"01_home_smarthelmet_slider1-300x131.jpg";s:5:"width";i:300;s:6:"height";i:131;s:9:"mime-type";s:10:"image/jpeg";s:8:"filesize";i:5266;}s:5:"large";a:5:{s:4:"file";s:40:"01_home_smarthelmet_slider1-1024x448.jpg";s:5:"width";i:1024;s:6:"height";i:448;s:9:"mime-type";s:10:"image/jpeg";s:8:"filesize";i:37040;}s:9:"thumbnail";a:5:{s:4:"file";s:39:"01_home_smarthelmet_slider1-150x150.jpg";s:5:"width";i:150;s:6:"height";i:150;s:9:"mime-type";s:10:"image/jpeg";s:8:"filesize";i:3719;}s:12:"medium_large";a:5:{s:4:"file";s:39:"01_home_smarthelmet_slider1-768x336.jpg";s:5:"width";i:768;s:6:"height";i:336;s:9:"mime-type";s:10:"image/jpeg";s:8:"filesize";i:22240;}s:9:"1536x1536";a:5:{s:4:"file";s:40:"01_home_smarthelmet_slider1-1536x672.jpg";s:5:"width";i:1536;s:6:"height";i:672;s:9:"mime-type";s:10:"image/jpeg";s:8:"filesize";i:75269;}s:14:"post-thumbnail";a:5:{s:4:"file";s:40:"01_home_smarthelmet_slider1-1000x565.jpg";s:5:"width";i:1000;s:6:"height";i:565;s:9:"mime-type";s:10:"image/jpeg";s:8:"filesize";i:46885;}s:17:"smartic-post-grid";a:5:{s:4:"file";s:39:"01_home_smarthelmet_slider1-500x330.jpg";s:5:"width";i:500;s:6:"height";i:330;s:9:"mime-type";s:10:"image/jpeg";s:8:"filesize";i:16727;}s:21:"woocommerce_thumbnail";a:6:{s:4:"file";s:39:"01_home_smarthelmet_slider1-500x219.jpg";s:5:"width";i:500;s:6:"height";i:219;s:9:"mime-type";s:10:"image/jpeg";s:8:"filesize";i:11051;s:9:"uncropped";b:1;}s:18:"woocommerce_single";a:5:{s:4:"file";s:39:"01_home_smarthelmet_slider1-800x350.jpg";s:5:"width";i:800;s:6:"height";i:350;s:9:"mime-type";s:10:"image/jpeg";s:8:"filesize";i:23950;}s:29:"woocommerce_gallery_thumbnail";a:5:{s:4:"file";s:39:"01_home_smarthelmet_slider1-100x100.jpg";s:5:"width";i:100;s:6:"height";i:100;s:9:"mime-type";s:10:"image/jpeg";s:8:"filesize";i:2315;}s:29:"variation_swatches_image_size";a:5:{s:4:"file";s:37:"01_home_smarthelmet_slider1-50x50.jpg";s:5:"width";i:50;s:6:"height";i:50;s:9:"mime-type";s:10:"image/jpeg";s:8:"filesize";i:1273;}s:31:"variation_swatches_tooltip_size";a:5:{s:4:"file";s:39:"01_home_smarthelmet_slider1-100x100.jpg";s:5:"width";i:100;s:6:"height";i:100;s:9:"mime-type";s:10:"image/jpeg";s:8:"filesize";i:2315;}}s:10:"image_meta";a:12:{s:8:"aperture";s:1:"0";s:6:"credit";s:0:"";s:6:"camera";s:0:"";s:7:"caption";s:0:"";s:17:"created_timestamp";s:1:"0";s:9:"copyright";s:0:"";s:12:"focal_length";s:1:"0";s:3:"iso";s:1:"0";s:13:"shutter_speed";s:1:"0";s:5:"title";s:0:"";s:11:"orientation";s:1:"0";s:8:"keywords";a:0:{}}}]]></wp:meta_value>
  </wp:postmeta>
</item>
<item>
  <title><![CDATA[h30-image-01]]></title>
  <link>https://demo2wpopal.b-cdn.net/smartic/home-30/h30-image-01/</link>
  <pubDate>Thu, 08 Apr 2021 02:36:09 +0000</pubDate>
  <dc:creator>admin</dc:creator>
  <guid isPermaLink="false">https://demo2wpopal.b-cdn.net/smartic/wp-content/uploads/2021/04/h30-image-01.jpg</guid>
  <description/>
  <content:encoded><![CDATA[]]></content:encoded>
  <excerpt:encoded><![CDATA[]]></excerpt:encoded>
  <wp:post_id>9951</wp:post_id>
  <wp:post_date>2021-04-08 02:36:09</wp:post_date>
  <wp:post_date_gmt>2021-04-08 02:36:09</wp:post_date_gmt>
  <wp:post_modified>2021-04-08 02:36:09</wp:post_modified>
  <wp:post_modified_gmt>2021-04-08 02:36:09</wp:post_modified_gmt>
  <wp:comment_status>open</wp:comment_status>
  <wp:ping_status>closed</wp:ping_status>
  <wp:post_name>h30-image-01</wp:post_name>
  <wp:status>inherit</wp:status>
  <wp:post_parent>8653</wp:post_parent>
  <wp:menu_order>0</wp:menu_order>
  <wp:post_type>attachment</wp:post_type>
  <wp:post_password/>
  <wp:is_sticky>0</wp:is_sticky>
  <wp:attachment_url>https://demo2wpopal.b-cdn.net/smartic/wp-content/uploads/2021/04/h30-image-01.jpg</wp:attachment_url>
  <wp:postmeta>
    <wp:meta_key>_wp_attached_file</wp:meta_key>
    <wp:meta_value><![CDATA[2021/04/h30-image-01.jpg]]></wp:meta_value>
  </wp:postmeta>
  <wp:postmeta>
    <wp:meta_key>_wp_attachment_metadata</wp:meta_key>
    <wp:meta_value><![CDATA[a:6:{s:5:"width";i:1290;s:6:"height";i:640;s:4:"file";s:24:"2021/04/h30-image-01.jpg";s:8:"filesize";i:68465;s:5:"sizes";a:11:{s:6:"medium";a:5:{s:4:"file";s:24:"h30-image-01-300x149.jpg";s:5:"width";i:300;s:6:"height";i:149;s:9:"mime-type";s:10:"image/jpeg";s:8:"filesize";i:6020;}s:5:"large";a:5:{s:4:"file";s:25:"h30-image-01-1024x508.jpg";s:5:"width";i:1024;s:6:"height";i:508;s:9:"mime-type";s:10:"image/jpeg";s:8:"filesize";i:38231;}s:9:"thumbnail";a:5:{s:4:"file";s:24:"h30-image-01-150x150.jpg";s:5:"width";i:150;s:6:"height";i:150;s:9:"mime-type";s:10:"image/jpeg";s:8:"filesize";i:4581;}s:12:"medium_large";a:5:{s:4:"file";s:24:"h30-image-01-768x381.jpg";s:5:"width";i:768;s:6:"height";i:381;s:9:"mime-type";s:10:"image/jpeg";s:8:"filesize";i:24444;}s:14:"post-thumbnail";a:5:{s:4:"file";s:25:"h30-image-01-1000x565.jpg";s:5:"width";i:1000;s:6:"height";i:565;s:9:"mime-type";s:10:"image/jpeg";s:8:"filesize";i:44186;}s:17:"smartic-post-grid";a:5:{s:4:"file";s:24:"h30-image-01-500x330.jpg";s:5:"width";i:500;s:6:"height";i:330;s:9:"mime-type";s:10:"image/jpeg";s:8:"filesize";i:18770;}s:21:"woocommerce_thumbnail";a:6:{s:4:"file";s:24:"h30-image-01-500x248.jpg";s:5:"width";i:500;s:6:"height";i:248;s:9:"mime-type";s:10:"image/jpeg";s:8:"filesize";i:12662;s:9:"uncropped";b:1;}s:18:"woocommerce_single";a:5:{s:4:"file";s:24:"h30-image-01-800x397.jpg";s:5:"width";i:800;s:6:"height";i:397;s:9:"mime-type";s:10:"image/jpeg";s:8:"filesize";i:25959;}s:29:"woocommerce_gallery_thumbnail";a:5:{s:4:"file";s:24:"h30-image-01-100x100.jpg";s:5:"width";i:100;s:6:"height";i:100;s:9:"mime-type";s:10:"image/jpeg";s:8:"filesize";i:2797;}s:29:"variation_swatches_image_size";a:5:{s:4:"file";s:22:"h30-image-01-50x50.jpg";s:5:"width";i:50;s:6:"height";i:50;s:9:"mime-type";s:10:"image/jpeg";s:8:"filesize";i:1432;}s:31:"variation_swatches_tooltip_size";a:5:{s:4:"file";s:24:"h30-image-01-100x100.jpg";s:5:"width";i:100;s:6:"height";i:100;s:9:"mime-type";s:10:"image/jpeg";s:8:"filesize";i:2797;}}s:10:"image_meta";a:12:{s:8:"aperture";s:1:"0";s:6:"credit";s:0:"";s:6:"camera";s:0:"";s:7:"caption";s:0:"";s:17:"created_timestamp";s:1:"0";s:9:"copyright";s:0:"";s:12:"focal_length";s:1:"0";s:3:"iso";s:1:"0";s:13:"shutter_speed";s:1:"0";s:5:"title";s:0:"";s:11:"orientation";s:1:"0";s:8:"keywords";a:0:{}}}]]></wp:meta_value>
  </wp:postmeta>
</item>
<item>
  <title><![CDATA[h30-image-03]]></title>
  <link>https://demo2wpopal.b-cdn.net/smartic/home-30/h30-image-03/</link>
  <pubDate>Thu, 08 Apr 2021 03:14:26 +0000</pubDate>
  <dc:creator>admin</dc:creator>
  <guid isPermaLink="false">https://demo2wpopal.b-cdn.net/smartic/wp-content/uploads/2021/04/h30-image-03.jpg</guid>
  <description/>
  <content:encoded><![CDATA[]]></content:encoded>
  <excerpt:encoded><![CDATA[]]></excerpt:encoded>
  <wp:post_id>10066</wp:post_id>
  <wp:post_date>2021-04-08 03:14:26</wp:post_date>
  <wp:post_date_gmt>2021-04-08 03:14:26</wp:post_date_gmt>
  <wp:post_modified>2021-04-08 03:14:26</wp:post_modified>
  <wp:post_modified_gmt>2021-04-08 03:14:26</wp:post_modified_gmt>
  <wp:comment_status>open</wp:comment_status>
  <wp:ping_status>closed</wp:ping_status>
  <wp:post_name>h30-image-03</wp:post_name>
  <wp:status>inherit</wp:status>
  <wp:post_parent>8653</wp:post_parent>
  <wp:menu_order>0</wp:menu_order>
  <wp:post_type>attachment</wp:post_type>
  <wp:post_password/>
  <wp:is_sticky>0</wp:is_sticky>
  <wp:attachment_url>https://demo2wpopal.b-cdn.net/smartic/wp-content/uploads/2021/04/h30-image-03.jpg</wp:attachment_url>
  <wp:postmeta>
    <wp:meta_key>_wp_attached_file</wp:meta_key>
    <wp:meta_value><![CDATA[2021/04/h30-image-03.jpg]]></wp:meta_value>
  </wp:postmeta>
  <wp:postmeta>
    <wp:meta_key>_wp_attachment_metadata</wp:meta_key>
    <wp:meta_value><![CDATA[a:6:{s:5:"width";i:770;s:6:"height";i:480;s:4:"file";s:24:"2021/04/h30-image-03.jpg";s:8:"filesize";i:32241;s:5:"sizes";a:8:{s:6:"medium";a:5:{s:4:"file";s:24:"h30-image-03-300x187.jpg";s:5:"width";i:300;s:6:"height";i:187;s:9:"mime-type";s:10:"image/jpeg";s:8:"filesize";i:6687;}s:9:"thumbnail";a:5:{s:4:"file";s:24:"h30-image-03-150x150.jpg";s:5:"width";i:150;s:6:"height";i:150;s:9:"mime-type";s:10:"image/jpeg";s:8:"filesize";i:2687;}s:12:"medium_large";a:5:{s:4:"file";s:24:"h30-image-03-768x479.jpg";s:5:"width";i:768;s:6:"height";i:479;s:9:"mime-type";s:10:"image/jpeg";s:8:"filesize";i:26678;}s:17:"smartic-post-grid";a:5:{s:4:"file";s:24:"h30-image-03-500x330.jpg";s:5:"width";i:500;s:6:"height";i:330;s:9:"mime-type";s:10:"image/jpeg";s:8:"filesize";i:14271;}s:21:"woocommerce_thumbnail";a:6:{s:4:"file";s:24:"h30-image-03-500x312.jpg";s:5:"width";i:500;s:6:"height";i:312;s:9:"mime-type";s:10:"image/jpeg";s:8:"filesize";i:14431;s:9:"uncropped";b:1;}s:29:"woocommerce_gallery_thumbnail";a:5:{s:4:"file";s:24:"h30-image-03-100x100.jpg";s:5:"width";i:100;s:6:"height";i:100;s:9:"mime-type";s:10:"image/jpeg";s:8:"filesize";i:1800;}s:29:"variation_swatches_image_size";a:5:{s:4:"file";s:22:"h30-image-03-50x50.jpg";s:5:"width";i:50;s:6:"height";i:50;s:9:"mime-type";s:10:"image/jpeg";s:8:"filesize";i:1114;}s:31:"variation_swatches_tooltip_size";a:5:{s:4:"file";s:24:"h30-image-03-100x100.jpg";s:5:"width";i:100;s:6:"height";i:100;s:9:"mime-type";s:10:"image/jpeg";s:8:"filesize";i:1800;}}s:10:"image_meta";a:12:{s:8:"aperture";s:1:"0";s:6:"credit";s:0:"";s:6:"camera";s:0:"";s:7:"caption";s:0:"";s:17:"created_timestamp";s:1:"0";s:9:"copyright";s:0:"";s:12:"focal_length";s:1:"0";s:3:"iso";s:1:"0";s:13:"shutter_speed";s:1:"0";s:5:"title";s:0:"";s:11:"orientation";s:1:"0";s:8:"keywords";a:0:{}}}]]></wp:meta_value>
  </wp:postmeta>
</item>
<item>
  <title><![CDATA[h30-image-04]]></title>
  <link>https://demo2wpopal.b-cdn.net/smartic/home-30/h30-image-04/</link>
  <pubDate>Thu, 08 Apr 2021 03:14:50 +0000</pubDate>
  <dc:creator>admin</dc:creator>
  <guid isPermaLink="false">https://demo2wpopal.b-cdn.net/smartic/wp-content/uploads/2021/04/h30-image-04.jpg</guid>
  <description/>
  <content:encoded><![CDATA[]]></content:encoded>
  <excerpt:encoded><![CDATA[]]></excerpt:encoded>
  <wp:post_id>10070</wp:post_id>
  <wp:post_date>2021-04-08 03:14:50</wp:post_date>
  <wp:post_date_gmt>2021-04-08 03:14:50</wp:post_date_gmt>
  <wp:post_modified>2021-04-08 03:14:50</wp:post_modified>
  <wp:post_modified_gmt>2021-04-08 03:14:50</wp:post_modified_gmt>
  <wp:comment_status>open</wp:comment_status>
  <wp:ping_status>closed</wp:ping_status>
  <wp:post_name>h30-image-04</wp:post_name>
  <wp:status>inherit</wp:status>
  <wp:post_parent>8653</wp:post_parent>
  <wp:menu_order>0</wp:menu_order>
  <wp:post_type>attachment</wp:post_type>
  <wp:post_password/>
  <wp:is_sticky>0</wp:is_sticky>
  <wp:attachment_url>https://demo2wpopal.b-cdn.net/smartic/wp-content/uploads/2021/04/h30-image-04.jpg</wp:attachment_url>
  <wp:postmeta>
    <wp:meta_key>_wp_attached_file</wp:meta_key>
    <wp:meta_value><![CDATA[2021/04/h30-image-04.jpg]]></wp:meta_value>
  </wp:postmeta>
  <wp:postmeta>
    <wp:meta_key>_wp_attachment_metadata</wp:meta_key>
    <wp:meta_value><![CDATA[a:6:{s:5:"width";i:770;s:6:"height";i:480;s:4:"file";s:24:"2021/04/h30-image-04.jpg";s:8:"filesize";i:45542;s:5:"sizes";a:8:{s:6:"medium";a:5:{s:4:"file";s:24:"h30-image-04-300x187.jpg";s:5:"width";i:300;s:6:"height";i:187;s:9:"mime-type";s:10:"image/jpeg";s:8:"filesize";i:7888;}s:9:"thumbnail";a:5:{s:4:"file";s:24:"h30-image-04-150x150.jpg";s:5:"width";i:150;s:6:"height";i:150;s:9:"mime-type";s:10:"image/jpeg";s:8:"filesize";i:4235;}s:12:"medium_large";a:5:{s:4:"file";s:24:"h30-image-04-768x479.jpg";s:5:"width";i:768;s:6:"height";i:479;s:9:"mime-type";s:10:"image/jpeg";s:8:"filesize";i:33249;}s:17:"smartic-post-grid";a:5:{s:4:"file";s:24:"h30-image-04-500x330.jpg";s:5:"width";i:500;s:6:"height";i:330;s:9:"mime-type";s:10:"image/jpeg";s:8:"filesize";i:18001;}s:21:"woocommerce_thumbnail";a:6:{s:4:"file";s:24:"h30-image-04-500x312.jpg";s:5:"width";i:500;s:6:"height";i:312;s:9:"mime-type";s:10:"image/jpeg";s:8:"filesize";i:17101;s:9:"uncropped";b:1;}s:29:"woocommerce_gallery_thumbnail";a:5:{s:4:"file";s:24:"h30-image-04-100x100.jpg";s:5:"width";i:100;s:6:"height";i:100;s:9:"mime-type";s:10:"image/jpeg";s:8:"filesize";i:2662;}s:29:"variation_swatches_image_size";a:5:{s:4:"file";s:22:"h30-image-04-50x50.jpg";s:5:"width";i:50;s:6:"height";i:50;s:9:"mime-type";s:10:"image/jpeg";s:8:"filesize";i:1411;}s:31:"variation_swatches_tooltip_size";a:5:{s:4:"file";s:24:"h30-image-04-100x100.jpg";s:5:"width";i:100;s:6:"height";i:100;s:9:"mime-type";s:10:"image/jpeg";s:8:"filesize";i:2662;}}s:10:"image_meta";a:12:{s:8:"aperture";s:1:"0";s:6:"credit";s:0:"";s:6:"camera";s:0:"";s:7:"caption";s:0:"";s:17:"created_timestamp";s:1:"0";s:9:"copyright";s:0:"";s:12:"focal_length";s:1:"0";s:3:"iso";s:1:"0";s:13:"shutter_speed";s:1:"0";s:5:"title";s:0:"";s:11:"orientation";s:1:"0";s:8:"keywords";a:0:{}}}]]></wp:meta_value>
  </wp:postmeta>
</item>
<item>
  <title><![CDATA[h30-image-05]]></title>
  <link>https://demo2wpopal.b-cdn.net/smartic/home-30/h30-image-05/</link>
  <pubDate>Thu, 08 Apr 2021 03:17:21 +0000</pubDate>
  <dc:creator>admin</dc:creator>
  <guid isPermaLink="false">https://demo2wpopal.b-cdn.net/smartic/wp-content/uploads/2021/04/h30-image-05.jpg</guid>
  <description/>
  <content:encoded><![CDATA[]]></content:encoded>
  <excerpt:encoded><![CDATA[]]></excerpt:encoded>
  <wp:post_id>10078</wp:post_id>
  <wp:post_date>2021-04-08 03:17:21</wp:post_date>
  <wp:post_date_gmt>2021-04-08 03:17:21</wp:post_date_gmt>
  <wp:post_modified>2021-04-08 03:17:21</wp:post_modified>
  <wp:post_modified_gmt>2021-04-08 03:17:21</wp:post_modified_gmt>
  <wp:comment_status>open</wp:comment_status>
  <wp:ping_status>closed</wp:ping_status>
  <wp:post_name>h30-image-05</wp:post_name>
  <wp:status>inherit</wp:status>
  <wp:post_parent>8653</wp:post_parent>
  <wp:menu_order>0</wp:menu_order>
  <wp:post_type>attachment</wp:post_type>
  <wp:post_password/>
  <wp:is_sticky>0</wp:is_sticky>
  <wp:attachment_url>https://demo2wpopal.b-cdn.net/smartic/wp-content/uploads/2021/04/h30-image-05.jpg</wp:attachment_url>
  <wp:postmeta>
    <wp:meta_key>_wp_attached_file</wp:meta_key>
    <wp:meta_value><![CDATA[2021/04/h30-image-05.jpg]]></wp:meta_value>
  </wp:postmeta>
  <wp:postmeta>
    <wp:meta_key>_wp_attachment_metadata</wp:meta_key>
    <wp:meta_value><![CDATA[a:6:{s:5:"width";i:520;s:6:"height";i:480;s:4:"file";s:24:"2021/04/h30-image-05.jpg";s:8:"filesize";i:24422;s:5:"sizes";a:7:{s:6:"medium";a:5:{s:4:"file";s:24:"h30-image-05-300x277.jpg";s:5:"width";i:300;s:6:"height";i:277;s:9:"mime-type";s:10:"image/jpeg";s:8:"filesize";i:8198;}s:9:"thumbnail";a:5:{s:4:"file";s:24:"h30-image-05-150x150.jpg";s:5:"width";i:150;s:6:"height";i:150;s:9:"mime-type";s:10:"image/jpeg";s:8:"filesize";i:3240;}s:17:"smartic-post-grid";a:5:{s:4:"file";s:24:"h30-image-05-500x330.jpg";s:5:"width";i:500;s:6:"height";i:330;s:9:"mime-type";s:10:"image/jpeg";s:8:"filesize";i:14171;}s:21:"woocommerce_thumbnail";a:6:{s:4:"file";s:24:"h30-image-05-500x462.jpg";s:5:"width";i:500;s:6:"height";i:462;s:9:"mime-type";s:10:"image/jpeg";s:8:"filesize";i:18012;s:9:"uncropped";b:1;}s:29:"woocommerce_gallery_thumbnail";a:5:{s:4:"file";s:24:"h30-image-05-100x100.jpg";s:5:"width";i:100;s:6:"height";i:100;s:9:"mime-type";s:10:"image/jpeg";s:8:"filesize";i:2082;}s:29:"variation_swatches_image_size";a:5:{s:4:"file";s:22:"h30-image-05-50x50.jpg";s:5:"width";i:50;s:6:"height";i:50;s:9:"mime-type";s:10:"image/jpeg";s:8:"filesize";i:1217;}s:31:"variation_swatches_tooltip_size";a:5:{s:4:"file";s:24:"h30-image-05-100x100.jpg";s:5:"width";i:100;s:6:"height";i:100;s:9:"mime-type";s:10:"image/jpeg";s:8:"filesize";i:2082;}}s:10:"image_meta";a:12:{s:8:"aperture";s:1:"0";s:6:"credit";s:0:"";s:6:"camera";s:0:"";s:7:"caption";s:0:"";s:17:"created_timestamp";s:1:"0";s:9:"copyright";s:0:"";s:12:"focal_length";s:1:"0";s:3:"iso";s:1:"0";s:13:"shutter_speed";s:1:"0";s:5:"title";s:0:"";s:11:"orientation";s:1:"0";s:8:"keywords";a:0:{}}}]]></wp:meta_value>
  </wp:postmeta>
</item>
<item>
  <title><![CDATA[h30-image-06]]></title>
  <link>https://demo2wpopal.b-cdn.net/smartic/home-30/h30-image-06/</link>
  <pubDate>Thu, 08 Apr 2021 07:10:32 +0000</pubDate>
  <dc:creator>admin</dc:creator>
  <guid isPermaLink="false">https://demo2wpopal.b-cdn.net/smartic/wp-content/uploads/2021/04/h30-image-06.jpg</guid>
  <description/>
  <content:encoded><![CDATA[]]></content:encoded>
  <excerpt:encoded><![CDATA[]]></excerpt:encoded>
  <wp:post_id>10270</wp:post_id>
  <wp:post_date>2021-04-08 07:10:32</wp:post_date>
  <wp:post_date_gmt>2021-04-08 07:10:32</wp:post_date_gmt>
  <wp:post_modified>2021-04-08 07:10:32</wp:post_modified>
  <wp:post_modified_gmt>2021-04-08 07:10:32</wp:post_modified_gmt>
  <wp:comment_status>open</wp:comment_status>
  <wp:ping_status>closed</wp:ping_status>
  <wp:post_name>h30-image-06</wp:post_name>
  <wp:status>inherit</wp:status>
  <wp:post_parent>8653</wp:post_parent>
  <wp:menu_order>0</wp:menu_order>
  <wp:post_type>attachment</wp:post_type>
  <wp:post_password/>
  <wp:is_sticky>0</wp:is_sticky>
  <wp:attachment_url>https://demo2wpopal.b-cdn.net/smartic/wp-content/uploads/2021/04/h30-image-06.jpg</wp:attachment_url>
  <wp:postmeta>
    <wp:meta_key>_wp_attached_file</wp:meta_key>
    <wp:meta_value><![CDATA[2021/04/h30-image-06.jpg]]></wp:meta_value>
  </wp:postmeta>
  <wp:postmeta>
    <wp:meta_key>_wp_attachment_metadata</wp:meta_key>
    <wp:meta_value><![CDATA[a:6:{s:5:"width";i:1289;s:6:"height";i:470;s:4:"file";s:24:"2021/04/h30-image-06.jpg";s:8:"filesize";i:64376;s:5:"sizes";a:11:{s:6:"medium";a:5:{s:4:"file";s:24:"h30-image-06-300x109.jpg";s:5:"width";i:300;s:6:"height";i:109;s:9:"mime-type";s:10:"image/jpeg";s:8:"filesize";i:5231;}s:5:"large";a:5:{s:4:"file";s:25:"h30-image-06-1024x373.jpg";s:5:"width";i:1024;s:6:"height";i:373;s:9:"mime-type";s:10:"image/jpeg";s:8:"filesize";i:30742;}s:9:"thumbnail";a:5:{s:4:"file";s:24:"h30-image-06-150x150.jpg";s:5:"width";i:150;s:6:"height";i:150;s:9:"mime-type";s:10:"image/jpeg";s:8:"filesize";i:7102;}s:12:"medium_large";a:5:{s:4:"file";s:24:"h30-image-06-768x280.jpg";s:5:"width";i:768;s:6:"height";i:280;s:9:"mime-type";s:10:"image/jpeg";s:8:"filesize";i:20197;}s:14:"post-thumbnail";a:5:{s:4:"file";s:25:"h30-image-06-1000x470.jpg";s:5:"width";i:1000;s:6:"height";i:470;s:9:"mime-type";s:10:"image/jpeg";s:8:"filesize";i:43598;}s:17:"smartic-post-grid";a:5:{s:4:"file";s:24:"h30-image-06-500x330.jpg";s:5:"width";i:500;s:6:"height";i:330;s:9:"mime-type";s:10:"image/jpeg";s:8:"filesize";i:23709;}s:21:"woocommerce_thumbnail";a:6:{s:4:"file";s:24:"h30-image-06-500x182.jpg";s:5:"width";i:500;s:6:"height";i:182;s:9:"mime-type";s:10:"image/jpeg";s:8:"filesize";i:10935;s:9:"uncropped";b:1;}s:18:"woocommerce_single";a:5:{s:4:"file";s:24:"h30-image-06-800x292.jpg";s:5:"width";i:800;s:6:"height";i:292;s:9:"mime-type";s:10:"image/jpeg";s:8:"filesize";i:21801;}s:29:"woocommerce_gallery_thumbnail";a:5:{s:4:"file";s:24:"h30-image-06-100x100.jpg";s:5:"width";i:100;s:6:"height";i:100;s:9:"mime-type";s:10:"image/jpeg";s:8:"filesize";i:4212;}s:29:"variation_swatches_image_size";a:5:{s:4:"file";s:22:"h30-image-06-50x50.jpg";s:5:"width";i:50;s:6:"height";i:50;s:9:"mime-type";s:10:"image/jpeg";s:8:"filesize";i:1921;}s:31:"variation_swatches_tooltip_size";a:5:{s:4:"file";s:24:"h30-image-06-100x100.jpg";s:5:"width";i:100;s:6:"height";i:100;s:9:"mime-type";s:10:"image/jpeg";s:8:"filesize";i:4212;}}s:10:"image_meta";a:12:{s:8:"aperture";s:1:"0";s:6:"credit";s:0:"";s:6:"camera";s:0:"";s:7:"caption";s:0:"";s:17:"created_timestamp";s:1:"0";s:9:"copyright";s:0:"";s:12:"focal_length";s:1:"0";s:3:"iso";s:1:"0";s:13:"shutter_speed";s:1:"0";s:5:"title";s:0:"";s:11:"orientation";s:1:"0";s:8:"keywords";a:0:{}}}]]></wp:meta_value>
  </wp:postmeta>
</item>
<item>
  <title><![CDATA[h30-image-07]]></title>
  <link>https://demo2wpopal.b-cdn.net/smartic/home-30/h30-image-07/</link>
  <pubDate>Thu, 08 Apr 2021 07:48:38 +0000</pubDate>
  <dc:creator>admin</dc:creator>
  <guid isPermaLink="false">https://demo2wpopal.b-cdn.net/smartic/wp-content/uploads/2021/04/h30-image-07.jpg</guid>
  <description/>
  <content:encoded><![CDATA[]]></content:encoded>
  <excerpt:encoded><![CDATA[]]></excerpt:encoded>
  <wp:post_id>10285</wp:post_id>
  <wp:post_date>2021-04-08 07:48:38</wp:post_date>
  <wp:post_date_gmt>2021-04-08 07:48:38</wp:post_date_gmt>
  <wp:post_modified>2021-04-08 07:48:38</wp:post_modified>
  <wp:post_modified_gmt>2021-04-08 07:48:38</wp:post_modified_gmt>
  <wp:comment_status>open</wp:comment_status>
  <wp:ping_status>closed</wp:ping_status>
  <wp:post_name>h30-image-07</wp:post_name>
  <wp:status>inherit</wp:status>
  <wp:post_parent>8653</wp:post_parent>
  <wp:menu_order>0</wp:menu_order>
  <wp:post_type>attachment</wp:post_type>
  <wp:post_password/>
  <wp:is_sticky>0</wp:is_sticky>
  <wp:attachment_url>https://demo2wpopal.b-cdn.net/smartic/wp-content/uploads/2021/04/h30-image-07.jpg</wp:attachment_url>
  <wp:postmeta>
    <wp:meta_key>_wp_attached_file</wp:meta_key>
    <wp:meta_value><![CDATA[2021/04/h30-image-07.jpg]]></wp:meta_value>
  </wp:postmeta>
  <wp:postmeta>
    <wp:meta_key>_wp_attachment_metadata</wp:meta_key>
    <wp:meta_value><![CDATA[a:6:{s:5:"width";i:520;s:6:"height";i:480;s:4:"file";s:24:"2021/04/h30-image-07.jpg";s:8:"filesize";i:20080;s:5:"sizes";a:7:{s:6:"medium";a:5:{s:4:"file";s:24:"h30-image-07-300x277.jpg";s:5:"width";i:300;s:6:"height";i:277;s:9:"mime-type";s:10:"image/jpeg";s:8:"filesize";i:5802;}s:9:"thumbnail";a:5:{s:4:"file";s:24:"h30-image-07-150x150.jpg";s:5:"width";i:150;s:6:"height";i:150;s:9:"mime-type";s:10:"image/jpeg";s:8:"filesize";i:2493;}s:17:"smartic-post-grid";a:5:{s:4:"file";s:24:"h30-image-07-500x330.jpg";s:5:"width";i:500;s:6:"height";i:330;s:9:"mime-type";s:10:"image/jpeg";s:8:"filesize";i:8909;}s:21:"woocommerce_thumbnail";a:6:{s:4:"file";s:24:"h30-image-07-500x462.jpg";s:5:"width";i:500;s:6:"height";i:462;s:9:"mime-type";s:10:"image/jpeg";s:8:"filesize";i:12106;s:9:"uncropped";b:1;}s:29:"woocommerce_gallery_thumbnail";a:5:{s:4:"file";s:24:"h30-image-07-100x100.jpg";s:5:"width";i:100;s:6:"height";i:100;s:9:"mime-type";s:10:"image/jpeg";s:8:"filesize";i:1653;}s:29:"variation_swatches_image_size";a:5:{s:4:"file";s:22:"h30-image-07-50x50.jpg";s:5:"width";i:50;s:6:"height";i:50;s:9:"mime-type";s:10:"image/jpeg";s:8:"filesize";i:1014;}s:31:"variation_swatches_tooltip_size";a:5:{s:4:"file";s:24:"h30-image-07-100x100.jpg";s:5:"width";i:100;s:6:"height";i:100;s:9:"mime-type";s:10:"image/jpeg";s:8:"filesize";i:1653;}}s:10:"image_meta";a:12:{s:8:"aperture";s:1:"0";s:6:"credit";s:0:"";s:6:"camera";s:0:"";s:7:"caption";s:0:"";s:17:"created_timestamp";s:1:"0";s:9:"copyright";s:0:"";s:12:"focal_length";s:1:"0";s:3:"iso";s:1:"0";s:13:"shutter_speed";s:1:"0";s:5:"title";s:0:"";s:11:"orientation";s:1:"0";s:8:"keywords";a:0:{}}}]]></wp:meta_value>
  </wp:postmeta>
</item>
  </channel>
</rss>
