<?xml version="1.0" encoding="UTF-8"?>
<!--
 This is a WordPress eXtended RSS file generated by WordPress as an export of your site.
 It contains information about your site's posts, pages, comments, categories, and other content.
 You may use this file to transfer that content from one site to another.
 This file is not intended to serve as a complete backup of your site.

 To import this information into a WordPress site follow these steps:
 1. Log in to that site as an administrator.
 2. Go to Tools: Import in the WordPress admin panel.
 3. Install the "WordPress" importer from the list.
 4. Activate & Run Importer.
 5. Upload this file using the form provided on that page.
 6. You will first be asked to map the authors in this export file to users
    on the site. For each author, you may choose to map to an
    existing user on the site or to create a new user.
 7. WordPress will then import each of the posts, pages, comments, categories, etc.
    contained in this file into your site.
-->
<!-- generator="WordPress/6.2" created="2023-04-27 03:58" -->
<rss version="2.0" xmlns:excerpt="http://wordpress.org/export/1.2/excerpt/" xmlns:content="http://purl.org/rss/1.0/modules/content/" xmlns:wfw="http://wellformedweb.org/CommentAPI/" xmlns:dc="http://purl.org/dc/elements/1.1/" xmlns:wp="http://wordpress.org/export/1.2/">
  <channel>
<title>Smartic</title>
<link>https://demo2wpopal.b-cdn.net/smartic</link>
<description>Just another WordPress site</description>
<pubDate>Thu, 27 Apr 2023 03:58:23 +0000</pubDate>
<language>en-US</language>
<wp:wxr_version>1.2</wp:wxr_version>
<wp:base_site_url>https://demo2wpopal.b-cdn.net/smartic</wp:base_site_url>
<wp:base_blog_url>https://demo2wpopal.b-cdn.net/smartic</wp:base_blog_url>
<generator>https://wordpress.org/?v=6.2</generator>
<item>
  <title><![CDATA[Home 31]]></title>
  <link>https://demo2wpopal.b-cdn.net/smartic/home-31/</link>
  <pubDate>Fri, 09 Apr 2021 07:42:49 +0000</pubDate>
  <dc:creator>admin</dc:creator>
  <guid isPermaLink="false">https://demo2wpopal.b-cdn.net/smartic/?page_id=11399</guid>
  <description/>
  <content:encoded><![CDATA[[rev_slider alias="niches_19_headfone" slidertitle="Niches 19 Headfone"][/rev_slider]		
												<img width="520" height="630" src="https://demo2wpopal.b-cdn.net/smartic/wp-content/uploads/2021/04/home-19_niches_19_banner1.jpg" alt="" loading="lazy" srcset="https://demo2wpopal.b-cdn.net/smartic/wp-content/uploads/2021/04/home-19_niches_19_banner1.jpg 520w, https://demo2wpopal.b-cdn.net/smartic/wp-content/uploads/2021/04/home-19_niches_19_banner1-248x300.jpg 248w, https://demo2wpopal.b-cdn.net/smartic/wp-content/uploads/2021/04/home-19_niches_19_banner1-500x606.jpg 500w" sizes="(max-width: 520px) 100vw, 520px" />														
												<img width="630" height="370" src="https://demo2wpopal.b-cdn.net/smartic/wp-content/uploads/2021/04/home31_img1.jpg" alt="" loading="lazy" srcset="https://demo2wpopal.b-cdn.net/smartic/wp-content/uploads/2021/04/home31_img1.jpg 630w, https://demo2wpopal.b-cdn.net/smartic/wp-content/uploads/2021/04/home31_img1-300x176.jpg 300w, https://demo2wpopal.b-cdn.net/smartic/wp-content/uploads/2021/04/home31_img1-500x294.jpg 500w" sizes="(max-width: 630px) 100vw, 630px" />														
		WORLD-CLASS PERFORMANCE		
			<h2>Wireless headphone</h2>		
		<p>With up to 40 hours of battery life, Beats Solo3 Wireless is your perfect everyday headphone. Get the most out of your music with an award-winning, emotionally charged listening experience.</p>		
			<a href="#" role="button">
						See All Features
					</a>
		Life like audio		
			<h2>TAKE YOUR MUSIC WITH YOU,<br>
TO THE BEACH, THE PARK,<br>
WHEREVER.</h2>		
		listen better		
			<h2>Award-Winning Sound</h2>		
		<p>This headphone delivers premium playback with fine-tuned<br /> acoustics that maximize clarity, breadth, and balance. The<br /> comfort-cushion ear cups buffer outside noise for immersive<br /> sound so you can experience music the way it was meant to be<br /> heard.</p>		
            <a role="button" href="https://www.youtube.com/watch?v=w0iurvhyHoo" data-effect="mfp-zoom-in">
                            </a>
		why choose us		
			<h2>Experience headfone Features</h2>		
		[rev_slider alias="niches_19_headfone2" slidertitle="Home 31 Headfone"][/rev_slider]reviews		
			<h2>CUSTOMER SAY</h2>		
                                                        Awesome                                                    
                                                        Best Headphones EVER!!!!!!!!!!!!!!!! I've NEVER experienced such quality and crystal clear sound as clear as this and now saving up for the $400 Beats Pro                                                    
                <img width="80" height="80" src="https://demo2wpopal.b-cdn.net/smartic/wp-content/uploads/2021/04/avatar2.jpg" alt="" decoding="async" loading="lazy" srcset="https://demo2wpopal.b-cdn.net/smartic/wp-content/uploads/2021/04/avatar2.jpg 80w, https://demo2wpopal.b-cdn.net/smartic/wp-content/uploads/2021/04/avatar2-50x50.jpg 50w" sizes="(max-width: 80px) 100vw, 80px" />            
                                                                                                                                                            <a href="#">Chrissy</a>        From Fresno, Ca
                                                        Great value for the money !                                                    
                                                        Classic Beat's sound, well built, rugged, comfortable, and no battery to change. Streamlined design. Great value for the money !                                                    
                <img width="80" height="80" src="https://demo2wpopal.b-cdn.net/smartic/wp-content/uploads/2021/04/avatar3.jpg" alt="" decoding="async" loading="lazy" srcset="https://demo2wpopal.b-cdn.net/smartic/wp-content/uploads/2021/04/avatar3.jpg 80w, https://demo2wpopal.b-cdn.net/smartic/wp-content/uploads/2021/04/avatar3-50x50.jpg 50w" sizes="(max-width: 80px) 100vw, 80px" />            
                                                                                                                                                            <a href="#">Chrissy</a>        From Fresno, Ca
                                                        Better than Expected                                                    
                                                        My son loves it. It seems like it’s more fun for him. Maybe because of the smoother ride. It’s also way more comfortable for my husband and I.                                                    
                <img width="256" height="186" src="https://demo2wpopal.b-cdn.net/smartic/wp-content/uploads/2021/04/h20_img-2.jpg" alt="" decoding="async" loading="lazy" />            
                                                                                                                                                            <a href="#">John Doe</a>        Design
			<h2>Specs</h2>		
		<p>Dimensions/weight</p><p>Headphones:7.1" H x 5.5" W x 2.4" D (5.7 oz)<br />Audio cable only:47.2"<br />USB cable:12"<br />Carrying case:5" H x 5" W x 2.3" D</p><p>Additional details</p><p>Wireless range: 30 ft (9 m)<br /> Battery life: Up to 15 hours<br />Charging time: 1.5 hours for full charge<br />Quick charge: 15 minutes for 2 hours play time</p>		
			<h2>What's in the box</h2>		
		<ol><li>Beats Pro headphones</li><li>4.2mm coiled cable with 3.5mm twist lock plug</li><li>¼" audio adapter</li><li>RemoteTalk cable to control your music and take calls</li><li>In-line remote &amp; mic cable (features may vary)</li><li>Carrying pouch</li></ol>shop now		
			<h2>CHOOSE PRODUCTS​</h2>		
<ul>
<li>
	        <img width="500" height="500" src="https://demo2wpopal.b-cdn.net/smartic/wp-content/uploads/2021/04/31_product_2-500x500.jpg" alt="" decoding="async" loading="lazy" srcset="https://demo2wpopal.b-cdn.net/smartic/wp-content/uploads/2021/04/31_product_2-500x500.jpg 500w, https://demo2wpopal.b-cdn.net/smartic/wp-content/uploads/2021/04/31_product_2-300x300.jpg 300w, https://demo2wpopal.b-cdn.net/smartic/wp-content/uploads/2021/04/31_product_2-150x150.jpg 150w, https://demo2wpopal.b-cdn.net/smartic/wp-content/uploads/2021/04/31_product_2-768x768.jpg 768w, https://demo2wpopal.b-cdn.net/smartic/wp-content/uploads/2021/04/31_product_2-100x100.jpg 100w, https://demo2wpopal.b-cdn.net/smartic/wp-content/uploads/2021/04/31_product_2-50x50.jpg 50w, https://demo2wpopal.b-cdn.net/smartic/wp-content/uploads/2021/04/31_product_2.jpg 800w" sizes="(max-width: 500px) 100vw, 500px" />        
        <a href="https://demo2wpopal.b-cdn.net/smartic/product/headfone-red/"></a>
        <h3><a href="https://demo2wpopal.b-cdn.net/smartic/product/headfone-red/">Headfone Red</a></h3>
	<bdi>&#36;878,17</bdi>
<a href="?add-to-cart=16202" data-quantity="1" data-product_id="16202" data-product_sku="S10696651" aria-label="Add &ldquo;Headfone Red&rdquo; to your cart" rel="nofollow">Add to cart</a></li>
<li>
	        <img width="500" height="500" src="https://demo2wpopal.b-cdn.net/smartic/wp-content/uploads/2021/04/31_product_1-500x500.jpg" alt="" decoding="async" loading="lazy" srcset="https://demo2wpopal.b-cdn.net/smartic/wp-content/uploads/2021/04/31_product_1-500x500.jpg 500w, https://demo2wpopal.b-cdn.net/smartic/wp-content/uploads/2021/04/31_product_1-300x300.jpg 300w, https://demo2wpopal.b-cdn.net/smartic/wp-content/uploads/2021/04/31_product_1-150x150.jpg 150w, https://demo2wpopal.b-cdn.net/smartic/wp-content/uploads/2021/04/31_product_1-768x768.jpg 768w, https://demo2wpopal.b-cdn.net/smartic/wp-content/uploads/2021/04/31_product_1-100x100.jpg 100w, https://demo2wpopal.b-cdn.net/smartic/wp-content/uploads/2021/04/31_product_1-50x50.jpg 50w, https://demo2wpopal.b-cdn.net/smartic/wp-content/uploads/2021/04/31_product_1.jpg 800w" sizes="(max-width: 500px) 100vw, 500px" />        
        <a href="https://demo2wpopal.b-cdn.net/smartic/product/headfone-black/"></a>
        <h3><a href="https://demo2wpopal.b-cdn.net/smartic/product/headfone-black/">Headfone Black</a></h3>
	<bdi>&#36;744,11</bdi>
<a href="?add-to-cart=16201" data-quantity="1" data-product_id="16201" data-product_sku="E95455228" aria-label="Add &ldquo;Headfone Black&rdquo; to your cart" rel="nofollow">Add to cart</a></li>
<li>
	        <img width="500" height="500" src="https://demo2wpopal.b-cdn.net/smartic/wp-content/uploads/2021/04/31_product_3-500x500.jpg" alt="" decoding="async" loading="lazy" srcset="https://demo2wpopal.b-cdn.net/smartic/wp-content/uploads/2021/04/31_product_3-500x500.jpg 500w, https://demo2wpopal.b-cdn.net/smartic/wp-content/uploads/2021/04/31_product_3-300x300.jpg 300w, https://demo2wpopal.b-cdn.net/smartic/wp-content/uploads/2021/04/31_product_3-150x150.jpg 150w, https://demo2wpopal.b-cdn.net/smartic/wp-content/uploads/2021/04/31_product_3-768x768.jpg 768w, https://demo2wpopal.b-cdn.net/smartic/wp-content/uploads/2021/04/31_product_3-100x100.jpg 100w, https://demo2wpopal.b-cdn.net/smartic/wp-content/uploads/2021/04/31_product_3-50x50.jpg 50w, https://demo2wpopal.b-cdn.net/smartic/wp-content/uploads/2021/04/31_product_3.jpg 800w" sizes="(max-width: 500px) 100vw, 500px" />        
        <a href="https://demo2wpopal.b-cdn.net/smartic/product/headfone-blue/"></a>
        <h3><a href="https://demo2wpopal.b-cdn.net/smartic/product/headfone-blue/">Headfone Blue</a></h3>
	<bdi>&#36;139,27</bdi>
<a href="?add-to-cart=16197" data-quantity="1" data-product_id="16197" data-product_sku="h5643441" aria-label="Add &ldquo;Headfone Blue&rdquo; to your cart" rel="nofollow">Add to cart</a></li>
</ul>]]></content:encoded>
  <excerpt:encoded><![CDATA[]]></excerpt:encoded>
  <wp:post_id>11399</wp:post_id>
  <wp:post_date>2021-04-09 07:42:49</wp:post_date>
  <wp:post_date_gmt>2021-04-09 07:42:49</wp:post_date_gmt>
  <wp:post_modified>2023-04-18 07:45:49</wp:post_modified>
  <wp:post_modified_gmt>2023-04-18 07:45:49</wp:post_modified_gmt>
  <wp:comment_status>closed</wp:comment_status>
  <wp:ping_status>closed</wp:ping_status>
  <wp:post_name>home-31</wp:post_name>
  <wp:status>publish</wp:status>
  <wp:post_parent>0</wp:post_parent>
  <wp:menu_order>0</wp:menu_order>
  <wp:post_type>page</wp:post_type>
  <wp:post_password/>
  <wp:is_sticky>0</wp:is_sticky>
  <wp:postmeta>
    <wp:meta_key>inline_featured_image</wp:meta_key>
    <wp:meta_value><![CDATA[0]]></wp:meta_value>
  </wp:postmeta>
  <wp:postmeta>
    <wp:meta_key>_edit_last</wp:meta_key>
    <wp:meta_value><![CDATA[8]]></wp:meta_value>
  </wp:postmeta>
  <wp:postmeta>
    <wp:meta_key>_wp_page_template</wp:meta_key>
    <wp:meta_value><![CDATA[default]]></wp:meta_value>
  </wp:postmeta>
  <wp:postmeta>
    <wp:meta_key>_elementor_edit_mode</wp:meta_key>
    <wp:meta_value><![CDATA[builder]]></wp:meta_value>
  </wp:postmeta>
  <wp:postmeta>
    <wp:meta_key>_elementor_template_type</wp:meta_key>
    <wp:meta_value><![CDATA[wp-page]]></wp:meta_value>
  </wp:postmeta>
  <wp:postmeta>
    <wp:meta_key>_elementor_version</wp:meta_key>
    <wp:meta_value><![CDATA[3.12.1]]></wp:meta_value>
  </wp:postmeta>
  <wp:postmeta>
    <wp:meta_key>_elementor_pro_version</wp:meta_key>
    <wp:meta_value><![CDATA[3.12.2]]></wp:meta_value>
  </wp:postmeta>
  <wp:postmeta>
    <wp:meta_key>_elementor_data</wp:meta_key>
    <wp:meta_value><![CDATA[[{"id":"3c26bf33","elType":"section","settings":{"stretch_section":"section-stretched","layout":"full_width","gap":"no","content_delay_time":"0.50","margin":{"unit":"px","top":"","right":0,"bottom":"","left":0,"isLinked":true},"html_tag":"div"},"elements":[{"id":"6e5b4e13","elType":"column","settings":{"_column_size":100,"space_between_widgets":0},"elements":[{"id":"b0816e3","elType":"widget","settings":{"revslidertitle":"Niches 19 Headfone","shortcode":"[rev_slider alias=\"niches_19_headfone\" slidertitle=\"Niches 19 Headfone\"][\/rev_slider]"},"elements":[],"widgetType":"slider_revolution"}],"isInner":false}],"isInner":false},{"id":"4641f5b0","elType":"section","settings":{"gap":"no","structure":"20","content_delay_time":"0.50","margin":{"unit":"px","top":"80","right":0,"bottom":"100","left":0,"isLinked":false},"z_index":99,"margin_tablet":{"unit":"px","top":"80","right":0,"bottom":"60","left":0,"isLinked":false},"margin_mobile":{"unit":"px","top":"60","right":0,"bottom":"60","left":0,"isLinked":false},"html_tag":"div"},"elements":[{"id":"2b21a2a0","elType":"column","settings":{"_column_size":50,"_inline_size":51.316000000000002501110429875552654266357421875,"space_between_widgets":0,"margin_tablet":{"unit":"px","top":"0","right":"15","bottom":"0","left":"0","isLinked":false},"margin_mobile":{"unit":"px","top":"0","right":"0","bottom":"0","left":"0","isLinked":false}},"elements":[{"id":"14a27219","elType":"widget","settings":{"image":{"id":13062,"url":"https:\/\/demo2wpopal.b-cdn.net\/smartic\/wp-content\/uploads\/2021\/04\/home-19_niches_19_banner1.jpg"},"image_size":"full","align":"left","css_filters_hover_contrast":{"unit":"px","size":70},"_animation":"opal-move-up","animation_duration":"fast"},"elements":[],"widgetType":"image"}],"isInner":false},{"id":"7292d8e","elType":"column","settings":{"_column_size":50,"_inline_size":48.683999999999997498889570124447345733642578125,"space_between_widgets":0,"padding_tablet":{"unit":"px","top":"20","right":"0","bottom":"20","left":"0","isLinked":false},"margin_tablet":{"unit":"px","top":"0","right":"0","bottom":"0","left":"15","isLinked":false},"margin_mobile":{"unit":"px","top":"0","right":"0","bottom":"0","left":"0","isLinked":false},"padding_mobile":{"unit":"px","top":"0","right":"0","bottom":"0","left":"0","isLinked":false}},"elements":[{"id":"4f47e50","elType":"widget","settings":{"image":{"id":15374,"url":"https:\/\/demo2wpopal.b-cdn.net\/smartic\/wp-content\/uploads\/2021\/04\/home31_img1.jpg"},"image_size":"full","align":"left","css_filters_hover_contrast":{"unit":"px","size":70},"_margin":{"unit":"px","top":"-160","right":"0","bottom":"0","left":"0","isLinked":false},"_margin_tablet":{"unit":"px","top":"-180","right":"0","bottom":"0","left":"0","isLinked":false},"_margin_mobile":{"unit":"px","top":"0","right":"0","bottom":"0","left":"0","isLinked":false},"_animation":"opal-move-up","animation_duration":"fast","hide_mobile":"hidden-phone"},"elements":[],"widgetType":"image"},{"id":"9798ded","elType":"widget","settings":{"editor":"WORLD-CLASS PERFORMANCE","align":"left","text_color":"#999999","typography_typography":"custom","typography_font_family":"BROmny","typography_font_size":{"unit":"px","size":14,"sizes":[]},"typography_font_weight":"600","typography_text_transform":"uppercase","typography_line_height":{"unit":"px","size":30,"sizes":[]},"typography_letter_spacing":{"unit":"px","size":2,"sizes":[]},"_margin":{"unit":"px","top":"65","right":"0","bottom":"20","left":"0","isLinked":false},"_margin_tablet":{"unit":"px","top":"30","right":"0","bottom":"10","left":"0","isLinked":false},"align_mobile":"center"},"elements":[],"widgetType":"text-editor"},{"id":"5ee307c9","elType":"widget","settings":{"title":"Wireless headphone","title_color":"#000000","typography_typography":"custom","typography_font_family":"Anton","typography_font_size":{"unit":"px","size":36},"typography_font_weight":"400","typography_text_transform":"uppercase","typography_font_size_mobile":{"unit":"px","size":30},"sub_title":"WORLD-CLASS PERFORMANCE","sub_title_color":"#999999","subtitle_typography_typography":"custom","subtitle_typography_font_family":"Poppins","subtitle_typography_font_size":{"unit":"px","size":12,"sizes":[]},"subtitle_typography_font_weight":"600","subtitle_typography_line_height":{"unit":"px","size":32,"sizes":[]},"subtitle_typography_letter_spacing":{"unit":"px","size":0,"sizes":[]},"_margin":{"unit":"px","top":"0","right":"0","bottom":"0","left":"0","isLinked":false},"_animation":"opal-move-up","animation_duration":"fast","typography_font_size_tablet":{"unit":"px","size":30,"sizes":[]},"align_mobile":"center"},"elements":[],"widgetType":"heading"},{"id":"1a075145","elType":"widget","settings":{"editor":"<p>With up to 40 hours of battery life, Beats Solo3 Wireless is your perfect everyday headphone. Get the most out of your music with an award-winning, emotionally charged listening experience.<\/p>","text_color":"#666666","typography_typography":"custom","_padding":{"unit":"px","top":"35","right":"0","bottom":"10","left":"0","isLinked":false},"_animation":"opal-move-up","animation_duration":"fast","align_mobile":"center"},"elements":[],"widgetType":"text-editor"},{"id":"34eed411","elType":"widget","settings":{"text":"See All Features","typography_typography":"custom","typography_font_size":{"unit":"px","size":14},"typography_font_weight":"700","typography_text_transform":"capitalize","typography_line_height":{"unit":"px","size":18},"button_text_color":"#000000","background_color":"rgba(0,0,0,0)","hover_color":"#df3b43","button_hover_border_color":"#000000","border_border":"solid","border_width":{"unit":"px","top":"1","right":"1","bottom":"1","left":"1","isLinked":true},"border_color":"#df3b43","border_radius":{"unit":"px","top":"3","right":"3","bottom":"3","left":"3","isLinked":true},"text_padding":{"unit":"px","top":"17","right":"23","bottom":"17","left":"23","isLinked":false},"_animation":"opal-move-up","animation_duration":"fast","typography_letter_spacing":{"unit":"px","size":0,"sizes":[]},"typography_font_family":"BROmny","align_mobile":"center"},"elements":[],"widgetType":"button"}],"isInner":false}],"isInner":false},{"id":"6e95ee25","elType":"section","settings":{"stretch_section":"section-stretched","gap":"no","content_delay_time":"0.50","background_background":"classic","background_image":{"id":13064,"url":"https:\/\/demo2wpopal.b-cdn.net\/smartic\/wp-content\/uploads\/2021\/04\/home-19_niches_19_bg1.jpg"},"padding":{"unit":"px","top":"175","right":"30","bottom":"195","left":"30","isLinked":false},"padding_tablet":{"unit":"px","top":"60","right":"30","bottom":"60","left":"30","isLinked":false},"padding_mobile":{"unit":"px","top":"50","right":"15","bottom":"50","left":"15","isLinked":false},"background_position":"center center","background_repeat":"no-repeat","background_size":"cover","margin_tablet":{"unit":"px","top":"","right":0,"bottom":"","left":0,"isLinked":true},"background_overlay_background":"classic","background_overlay_color":"#000000","background_overlay_opacity":{"unit":"px","size":0.299999999999999988897769753748434595763683319091796875,"sizes":[]},"html_tag":"div"},"elements":[{"id":"71116eae","elType":"column","settings":{"_column_size":100,"space_between_widgets":0},"elements":[{"id":"656ef70","elType":"widget","settings":{"editor":"Life like audio","align":"left","text_color":"#999999","typography_typography":"custom","typography_font_family":"BROmny","typography_font_size":{"unit":"px","size":14,"sizes":[]},"typography_font_weight":"600","typography_text_transform":"uppercase","typography_line_height":{"unit":"px","size":30,"sizes":[]},"typography_letter_spacing":{"unit":"px","size":2,"sizes":[]},"_margin":{"unit":"px","top":"0","right":"0","bottom":"20","left":"0","isLinked":false},"texteditor_shadow_text_shadow_type":"yes","texteditor_shadow_text_shadow":{"horizontal":0,"vertical":0,"blur":5,"color":"rgba(0, 0, 0, 0.9)"},"_margin_mobile":{"unit":"px","top":"0","right":"0","bottom":"10","left":"0","isLinked":false}},"elements":[],"widgetType":"text-editor"},{"id":"1563a586","elType":"widget","settings":{"title":"TAKE YOUR MUSIC WITH YOU,<br>\nTO THE BEACH, THE PARK,<br>\nWHEREVER.","sub_title":"Life like audio","title_color":"#ffffff","typography_typography":"custom","typography_font_family":"Anton","typography_font_size":{"unit":"px","size":48,"sizes":[]},"typography_font_weight":"400","typography_line_height":{"unit":"px","size":60,"sizes":[]},"sub_title_color":"#999999","subtitle_typography_typography":"custom","subtitle_typography_font_family":"Poppins","subtitle_typography_font_size":{"unit":"px","size":12,"sizes":[]},"subtitle_typography_font_weight":"600","subtitle_typography_line_height":{"unit":"px","size":32,"sizes":[]},"subtitle_typography_letter_spacing":{"unit":"px","size":0,"sizes":[]},"typography_font_size_tablet":{"unit":"px","size":30,"sizes":[]},"typography_font_size_mobile":{"unit":"px","size":22,"sizes":[]},"typography_line_height_mobile":{"unit":"px","size":33,"sizes":[]},"_animation":"opal-move-up","animation_duration":"fast","typography_line_height_tablet":{"unit":"px","size":40,"sizes":[]}},"elements":[],"widgetType":"heading"}],"isInner":false}],"isInner":false},{"id":"145e6d65","elType":"section","settings":{"stretch_section":"section-stretched","gap":"no","structure":"20","content_delay_time":"0.50","content_position":"middle","background_background":"classic","background_position":"center right","background_repeat":"no-repeat","layout":"full_width","margin":{"unit":"px","top":"0","right":0,"bottom":"80","left":0,"isLinked":false},"html_tag":"div"},"elements":[{"id":"351b8eb4","elType":"column","settings":{"_column_size":50,"_inline_size":null,"space_between_widgets":0,"padding":{"unit":"px","top":"135","right":"0","bottom":"145","left":"0","isLinked":false},"_inline_size_tablet":50,"background_background":"classic","background_color":"#ffffff","padding_tablet":{"unit":"px","top":"60","right":"30","bottom":"60","left":"30","isLinked":false},"padding_mobile":{"unit":"px","top":"50","right":"15","bottom":"50","left":"15","isLinked":false}},"elements":[{"id":"2919d430","elType":"section","settings":{"gap":"no","structure":"20","content_delay_time":"0.50","html_tag":"div"},"elements":[{"id":"1f6c46fe","elType":"column","settings":{"_column_size":50,"_inline_size":31.937999999999998834709913353435695171356201171875,"_inline_size_tablet":100,"space_between_widgets":0},"elements":[],"isInner":true},{"id":"28817daa","elType":"column","settings":{"_column_size":50,"_inline_size":68,"_inline_size_tablet":100,"space_between_widgets":0},"elements":[{"id":"6161a22","elType":"widget","settings":{"editor":"listen better","align":"left","text_color":"#999999","typography_typography":"custom","typography_font_family":"BROmny","typography_font_size":{"unit":"px","size":14,"sizes":[]},"typography_font_weight":"600","typography_text_transform":"uppercase","typography_line_height":{"unit":"px","size":30,"sizes":[]},"typography_letter_spacing":{"unit":"px","size":2,"sizes":[]},"_margin":{"unit":"px","top":"0","right":"0","bottom":"15","left":"0","isLinked":false},"_margin_tablet":{"unit":"px","top":"0","right":"0","bottom":"10","left":"0","isLinked":false},"align_mobile":"center"},"elements":[],"widgetType":"text-editor"},{"id":"16f9949b","elType":"widget","settings":{"title":"Award-Winning Sound","title_color":"#000000","typography_typography":"custom","typography_font_family":"Anton","typography_font_size":{"unit":"px","size":36},"typography_font_weight":"400","typography_text_transform":"uppercase","typography_font_size_mobile":{"unit":"px","size":30},"sub_title":"LISTEN BETTER","sub_title_color":"#999999","subtitle_typography_typography":"custom","subtitle_typography_font_family":"Poppins","subtitle_typography_font_size":{"unit":"px","size":12,"sizes":[]},"subtitle_typography_font_weight":"600","subtitle_typography_line_height":{"unit":"px","size":32,"sizes":[]},"subtitle_typography_letter_spacing":{"unit":"px","size":0,"sizes":[]},"_margin":{"unit":"px","top":"0","right":"0","bottom":"0","left":"0","isLinked":false},"_animation":"opal-move-up","animation_duration":"fast","typography_font_size_tablet":{"unit":"px","size":30,"sizes":[]},"align_mobile":"center"},"elements":[],"widgetType":"heading"},{"id":"15409fb6","elType":"widget","settings":{"editor":"<p>This headphone delivers premium playback with fine-tuned<br \/>\u00a0acoustics that maximize clarity, breadth, and balance. The<br \/>\u00a0comfort-cushion ear cups buffer outside noise for immersive<br \/>\u00a0sound so you can experience music the way it was meant to be<br \/>\u00a0heard.<\/p>","align":"left","text_color":"#666666","typography_typography":"custom","_padding":{"unit":"px","top":"45","right":"0","bottom":"30","left":"0","isLinked":false},"_animation":"opal-move-up","animation_duration":"fast","_padding_tablet":{"unit":"px","top":"20","right":"0","bottom":"0","left":"0","isLinked":false},"align_mobile":"center"},"elements":[],"widgetType":"text-editor"}],"isInner":true}],"isInner":true}],"isInner":false},{"id":"7d8b9906","elType":"column","settings":{"_column_size":50,"_inline_size":null,"space_between_widgets":0,"background_background":"classic","background_position":"center center","_inline_size_tablet":50,"background_repeat":"no-repeat","content_position":"center","background_image":{"id":13065,"url":"https:\/\/demo2wpopal.b-cdn.net\/smartic\/wp-content\/uploads\/2021\/04\/home-19_niches_19_bg_video.jpg"},"padding_tablet":{"unit":"px","top":"100","right":"0","bottom":"100","left":"0","isLinked":false}},"elements":[{"id":"a177552","elType":"widget","settings":{"video_link":"https:\/\/www.youtube.com\/watch?v=w0iurvhyHoo","icon_font":"fa fa-play","video_size":{"unit":"px","size":18,"sizes":[]},"video_color":"#FFFFFF","__globals__":{"background_wrapper":"","video_color":""},"video_width":{"unit":"px","size":60,"sizes":[]},"video_height":{"unit":"px","size":41,"sizes":[]},"video_background_color":"#ED1C2F","video_hover_background_color":"#ED1C2FDB","video_hover_border_color":"#ED1C2FDB","border_video_border":"solid","border_video_width":{"unit":"px","top":"1","right":"1","bottom":"1","left":"1","isLinked":true},"border_video_color":"#ED1C2F","video_border_radius":{"unit":"px","top":"5","right":"5","bottom":"5","left":"5","isLinked":true},"title_color":"#FFFFFF"},"elements":[],"widgetType":"smartic-video-popup"}],"isInner":false}],"isInner":false},{"id":"25c14587","elType":"section","settings":{"stretch_section":"section-stretched","gap":"no","content_delay_time":"0.50","content_position":"middle","background_position":"center right","background_repeat":"no-repeat","layout":"full_width","background_color":"#FFFFFF","background_color_b":"#EDE7D8","background_overlay_position":"initial","background_overlay_repeat":"no-repeat","background_overlay_opacity":{"unit":"px","size":1,"sizes":[]},"background_overlay_xpos":{"unit":"px","size":775,"sizes":[]},"background_overlay_ypos":{"unit":"px","size":130,"sizes":[]},"html_tag":"div"},"elements":[{"id":"f6ffd19","elType":"column","settings":{"_column_size":100,"space_between_widgets":0},"elements":[{"id":"dde1021","elType":"widget","settings":{"editor":"why choose us","align":"center","text_color":"#999999","typography_typography":"custom","typography_font_family":"BROmny","typography_font_size":{"unit":"px","size":14,"sizes":[]},"typography_font_weight":"600","typography_text_transform":"uppercase","typography_line_height":{"unit":"px","size":30,"sizes":[]},"typography_letter_spacing":{"unit":"px","size":2,"sizes":[]},"_margin":{"unit":"px","top":"0","right":"0","bottom":"15","left":"0","isLinked":false},"_margin_tablet":{"unit":"px","top":"0","right":"0","bottom":"10","left":"0","isLinked":false},"_z_index":2,"_padding":{"unit":"px","top":"0","right":"30","bottom":"0","left":"30","isLinked":false},"_padding_mobile":{"unit":"px","top":"0","right":"15","bottom":"0","left":"15","isLinked":false}},"elements":[],"widgetType":"text-editor"},{"id":"1d2c71d7","elType":"widget","settings":{"title":"Experience headfone Features","title_color":"#000000","typography_typography":"custom","typography_font_family":"Anton","typography_font_size":{"unit":"px","size":36},"typography_font_weight":"400","typography_text_transform":"uppercase","typography_font_size_mobile":{"unit":"px","size":30},"sub_title":"WHY CHOOSE US","align":"center","sub_title_color":"#999999","subtitle_typography_typography":"custom","subtitle_typography_font_family":"Poppins","subtitle_typography_font_size":{"unit":"px","size":12,"sizes":[]},"subtitle_typography_font_weight":"600","subtitle_typography_line_height":{"unit":"px","size":32,"sizes":[]},"subtitle_typography_letter_spacing":{"unit":"px","size":0,"sizes":[]},"_animation":"opal-move-up","animation_duration":"fast","typography_font_size_tablet":{"unit":"px","size":30,"sizes":[]},"typography_line_height_mobile":{"unit":"px","size":40,"sizes":[]},"_margin_tablet":{"unit":"px","top":"0","right":"0","bottom":"40","left":"0","isLinked":false},"_margin_mobile":{"unit":"px","top":"0","right":"0","bottom":"40","left":"0","isLinked":false},"_z_index":2,"_padding":{"unit":"px","top":"0","right":"30","bottom":"0","left":"30","isLinked":false},"_padding_mobile":{"unit":"px","top":"0","right":"15","bottom":"0","left":"15","isLinked":false}},"elements":[],"widgetType":"heading"},{"id":"49fa3f2","elType":"widget","settings":{"revslidertitle":"Home 31 Headfone","shortcode":"[rev_slider alias=\"niches_19_headfone2\" slidertitle=\"Home 31 Headfone\"][\/rev_slider]"},"elements":[],"widgetType":"slider_revolution"}],"isInner":false}],"isInner":false},{"id":"6a45295d","elType":"section","settings":{"gap":"no","content_position":"middle","content_delay_time":"0.50","padding":{"unit":"px","top":"65","right":"0","bottom":"90","left":"0","isLinked":false},"padding_tablet":{"unit":"px","top":"75","right":"0","bottom":"80","left":"0","isLinked":false},"padding_mobile":{"unit":"px","top":"50","right":"0","bottom":"55","left":"0","isLinked":false},"html_tag":"div"},"elements":[{"id":"6d6d6770","elType":"column","settings":{"_column_size":100,"space_between_widgets":0,"_inline_size":null,"align":"center"},"elements":[{"id":"ffd5e93","elType":"widget","settings":{"editor":"reviews","align":"center","text_color":"#999999","typography_typography":"custom","typography_font_family":"BROmny","typography_font_size":{"unit":"px","size":14,"sizes":[]},"typography_font_weight":"600","typography_text_transform":"uppercase","typography_line_height":{"unit":"px","size":30,"sizes":[]},"typography_letter_spacing":{"unit":"px","size":2,"sizes":[]},"_margin":{"unit":"px","top":"0","right":"0","bottom":"15","left":"0","isLinked":false},"_margin_tablet":{"unit":"px","top":"0","right":"0","bottom":"10","left":"0","isLinked":false},"_padding_mobile":{"unit":"px","top":"0","right":"0","bottom":"0","left":"0","isLinked":false}},"elements":[],"widgetType":"text-editor"},{"id":"742d8901","elType":"widget","settings":{"title":"CUSTOMER SAY","title_color":"#000000","typography_typography":"custom","typography_font_family":"Anton","typography_font_size":{"unit":"px","size":36},"typography_font_weight":"400","typography_text_transform":"uppercase","typography_font_size_mobile":{"unit":"px","size":30},"sub_title":"REVIEWS","align":"center","sub_title_color":"#999999","subtitle_typography_typography":"custom","subtitle_typography_font_family":"Poppins","subtitle_typography_font_size":{"unit":"px","size":12,"sizes":[]},"subtitle_typography_font_weight":"600","subtitle_typography_line_height":{"unit":"px","size":32,"sizes":[]},"subtitle_typography_letter_spacing":{"unit":"px","size":0,"sizes":[]},"_margin":{"unit":"px","top":"0","right":"0","bottom":"80","left":"0","isLinked":false},"_margin_mobile":{"unit":"px","top":"0","right":"0","bottom":"40","left":"0","isLinked":false},"_animation":"opal-move-up","animation_duration":"fast","typography_font_size_tablet":{"unit":"px","size":30,"sizes":[]}},"elements":[],"widgetType":"heading"},{"id":"5223698","elType":"widget","settings":{"testimonial_style":"style5","testimonials":[{"_id":"60b4221","testimonial_title":"Awesome","testimonial_content":"Best Headphones EVER!!!!!!!!!!!!!!!! I've NEVER experienced such quality and crystal clear sound as clear as this and now saving up for the $400 Beats Pro","testimonial_image":{"url":"https:\/\/demo2wpopal.b-cdn.net\/smartic\/wp-content\/uploads\/2021\/04\/avatar2.jpg","id":11381},"testimonial_name":"Chrissy","testimonial_job":"From Fresno, Ca","testimonial_link":{"url":"#","is_external":"","nofollow":"","custom_attributes":""}},{"testimonial_title":"Great value for the money !","testimonial_content":"Classic Beat's sound, well built, rugged, comfortable, and no battery to change. Streamlined design. Great value for the money !","testimonial_image":{"url":"https:\/\/demo2wpopal.b-cdn.net\/smartic\/wp-content\/uploads\/2021\/04\/avatar3.jpg","id":11382},"testimonial_name":"Chrissy","testimonial_job":"From Fresno, Ca","testimonial_link":{"url":"#","is_external":"","nofollow":"","custom_attributes":""},"_id":"a8793b3"},{"testimonial_title":"Better than Expected","testimonial_content":"My son loves it. It seems like it\u2019s more fun for him. Maybe because of the smoother ride. It\u2019s also way more comfortable for my husband and I.","testimonial_image":{"url":"https:\/\/demo2wpopal.b-cdn.net\/smartic\/wp-content\/uploads\/2021\/04\/h20_img-2.jpg","id":14137},"testimonial_name":"John Doe","testimonial_job":"Design","testimonial_link":{"url":"#","is_external":"","nofollow":"","custom_attributes":""},"_id":"9d50a2a"}],"column":"2","enable_carousel":"yes","navigation":"arrows","next_horizontal":"right","next_horizontal_value":{"unit":"px","size":30,"sizes":[]},"prev_horizontal":"left","prev_horizontal_value":{"unit":"px","size":30,"sizes":[]},"testimonial_wrapper_with":{"unit":"px","size":310,"sizes":[]},"testimonial_rating_spacing":{"unit":"px","size":30,"sizes":[]},"_element_width":"initial","_element_custom_width":{"unit":"px","size":1070,"sizes":[]},"_element_width_tablet":"inherit","next_vertical":"top","next_vertical_value_tablet":{"unit":"%","size":60,"sizes":[]},"prev_vertical":"top","prev_vertical_value_tablet":{"unit":"%","size":60,"sizes":[]},"icon_size":{"unit":"px","size":30,"sizes":[]},"carousel_arrow_color_icon":"#999999","carousel_arrow_color_background":"#02010100","next_vertical_value":{"unit":"%","size":"","sizes":[]},"next_horizontal_value_tablet":{"unit":"px","size":0,"sizes":[]},"prev_vertical_value":{"unit":"%","size":"","sizes":[]},"prev_horizontal_value_tablet":{"unit":"px","size":0,"sizes":[]}},"elements":[],"widgetType":"smartic-testimonials"}],"isInner":false}],"isInner":false},{"id":"784c6778","elType":"section","settings":{"stretch_section":"section-stretched","gap":"no","structure":"20","content_delay_time":"0.50","background_background":"classic","background_position":"center center","background_repeat":"no-repeat","background_size":"cover","layout":"full_width","margin":{"unit":"px","top":"0","right":0,"bottom":"0","left":0,"isLinked":true},"html_tag":"div"},"elements":[{"id":"59afe649","elType":"column","settings":{"_column_size":50,"_inline_size":null,"space_between_widgets":0,"background_background":"classic","background_image":{"id":13066,"url":"https:\/\/demo2wpopal.b-cdn.net\/smartic\/wp-content\/uploads\/2021\/04\/home-19_niches_19_bg3.jpg"},"background_position":"center right","background_repeat":"no-repeat","_inline_size_tablet":100,"background_size":"cover"},"elements":[{"id":"649a1943","elType":"section","settings":{"gap":"no","content_position":"middle","structure":"20","content_delay_time":"0.50","margin":{"unit":"px","top":"","right":0,"bottom":"","left":0,"isLinked":true},"html_tag":"div"},"elements":[{"id":"7cff3869","elType":"column","settings":{"_column_size":50,"_inline_size":32.5,"space_between_widgets":0,"_inline_size_tablet":100,"background_background":"classic"},"elements":[],"isInner":true},{"id":"7ed4a46","elType":"column","settings":{"_column_size":50,"_inline_size":67.4380000000000023874235921539366245269775390625,"_inline_size_tablet":100,"space_between_widgets":0,"padding":{"unit":"px","top":"75","right":"0","bottom":"55","left":"0","isLinked":false},"padding_tablet":{"unit":"px","top":"50","right":"60","bottom":"50","left":"60","isLinked":false},"padding_mobile":{"unit":"px","top":"40","right":"30","bottom":"40","left":"30","isLinked":false}},"elements":[{"id":"3d872043","elType":"widget","settings":{"title":"Specs","title_color":"#ffffff","typography_typography":"custom","typography_font_size":{"unit":"px","size":36},"typography_text_transform":"uppercase","typography_line_height":{"unit":"px","size":85},"_border_border":"solid","_border_width":{"unit":"px","top":"0","right":"0","bottom":"1","left":"0","isLinked":false},"_border_color":"#3d3d3d","typography_font_size_mobile":{"unit":"px","size":30},"_margin":{"unit":"px","top":"0","right":"85","bottom":"0","left":"0","isLinked":false},"_margin_tablet":{"unit":"px","top":"0","right":"0","bottom":"0","left":"0","isLinked":true},"typography_font_family":"Anton","typography_font_weight":"400","_animation":"opal-move-up","animation_duration":"fast"},"elements":[],"widgetType":"heading"},{"id":"568040c3","elType":"widget","settings":{"editor":"<p>Dimensions\/weight<\/p>","text_color":"#ffffff","typography_typography":"custom","typography_font_size":{"unit":"px","size":18},"typography_font_weight":"600","_padding":{"unit":"px","top":"20","right":"0","bottom":"0","left":"0","isLinked":false},"_animation":"opal-move-up","animation_duration":"fast","typography_font_family":"BROmny","typography_line_height":{"unit":"px","size":18,"sizes":[]}},"elements":[],"widgetType":"text-editor"},{"id":"1e845cd3","elType":"widget","settings":{"editor":"<p>Headphones:7.1\" H x 5.5\" W x 2.4\" D (5.7 oz)<br \/>Audio cable only:47.2\"<br \/>USB cable:12\"<br \/>Carrying case:5\" H x 5\" W x 2.3\" D<\/p>","text_color":"#999999","typography_typography":"custom","typography_font_size":{"unit":"px","size":14},"typography_line_height":{"unit":"px","size":30},"_animation":"opal-move-up","animation_duration":"fast","typography_font_family":"BROmny"},"elements":[],"widgetType":"text-editor"},{"id":"b52cd0a","elType":"widget","settings":{"editor":"<p>Additional details<\/p>","text_color":"#ffffff","typography_typography":"custom","typography_font_size":{"unit":"px","size":18},"typography_font_weight":"600","_padding":{"unit":"px","top":"15","right":"0","bottom":"0","left":"0","isLinked":false},"_animation":"opal-move-up","animation_duration":"fast","typography_font_family":"BROmny","typography_line_height":{"unit":"px","size":18,"sizes":[]}},"elements":[],"widgetType":"text-editor"},{"id":"3a02148e","elType":"widget","settings":{"editor":"<p>Wireless range: 30 ft (9 m)<br \/>\u00a0Battery life: Up to 15 hours<br \/>Charging time: 1.5 hours for full charge<br \/>Quick charge: 15 minutes for 2 hours play time<\/p>","text_color":"#999999","typography_typography":"custom","typography_font_size":{"unit":"px","size":14},"typography_line_height":{"unit":"px","size":30},"_animation":"opal-move-up","animation_duration":"fast"},"elements":[],"widgetType":"text-editor"}],"isInner":true}],"isInner":true}],"isInner":false},{"id":"5659d582","elType":"column","settings":{"_column_size":50,"_inline_size":null,"space_between_widgets":0,"background_background":"classic","background_image":{"id":13067,"url":"https:\/\/demo2wpopal.b-cdn.net\/smartic\/wp-content\/uploads\/2021\/04\/home-19_niches_19_bg4.jpg"},"background_position":"center left","background_repeat":"no-repeat","_inline_size_tablet":100,"background_size":"cover"},"elements":[{"id":"76c25d76","elType":"section","settings":{"gap":"no","content_position":"middle","structure":"20","content_delay_time":"0.50","margin_mobile":{"unit":"px","top":"","right":0,"bottom":"","left":0,"isLinked":true},"margin":{"unit":"px","top":"","right":0,"bottom":"","left":0,"isLinked":true},"html_tag":"div"},"elements":[{"id":"7e39d413","elType":"column","settings":{"_column_size":50,"_inline_size":60.77199999999999846522769075818359851837158203125,"_inline_size_tablet":100,"space_between_widgets":0,"padding":{"unit":"px","top":"75","right":"0","bottom":"95","left":"60","isLinked":false},"padding_tablet":{"unit":"px","top":"50","right":"60","bottom":"50","left":"60","isLinked":false},"padding_mobile":{"unit":"px","top":"40","right":"30","bottom":"40","left":"30","isLinked":false},"margin_mobile":{"unit":"px","top":"0","right":"0","bottom":"0","left":"0","isLinked":true}},"elements":[{"id":"206be2e0","elType":"widget","settings":{"title":"What's in the box","title_color":"#000000","title_color_gradian":"#000000","typography_typography":"custom","typography_font_size":{"unit":"px","size":36},"typography_text_transform":"uppercase","typography_line_height":{"unit":"px","size":85},"_padding":{"unit":"px","top":"0","right":"0","bottom":"0","left":"0","isLinked":true},"_border_border":"solid","_border_width":{"unit":"px","top":"0","right":"0","bottom":"1","left":"0","isLinked":false},"_border_color":"#c8c9ce","typography_font_size_mobile":{"unit":"px","size":30},"typography_font_family":"Anton","typography_font_weight":"400","_animation":"opal-move-up","animation_duration":"fast"},"elements":[],"widgetType":"heading"},{"id":"268145df","elType":"widget","settings":{"editor":"<ol><li>Beats Pro headphones<\/li><li>4.2mm coiled cable with 3.5mm twist lock plug<\/li><li>\u00bc\" audio adapter<\/li><li>RemoteTalk cable to control your music and take calls<\/li><li>In-line remote &amp; mic cable (features may vary)<\/li><li>Carrying pouch<\/li><\/ol>","typography_typography":"custom","typography_font_size":{"unit":"px","size":14},"typography_line_height":{"unit":"px","size":50},"_padding":{"unit":"px","top":"10","right":"0","bottom":"0","left":"0","isLinked":false},"_animation":"opal-move-up","animation_duration":"fast","text_color":"#666666","typography_font_family":"BROmny","typography_line_height_mobile":{"unit":"px","size":"","sizes":[]},"_margin":{"unit":"px","top":"0","right":"0","bottom":"0","left":"-25","isLinked":false}},"elements":[],"widgetType":"text-editor"}],"isInner":true},{"id":"1ee2d8a8","elType":"column","settings":{"_column_size":50,"_inline_size":39.16599999999999681676854379475116729736328125,"space_between_widgets":0,"_inline_size_tablet":100},"elements":[],"isInner":true}],"isInner":true}],"isInner":false}],"isInner":false},{"id":"70cf3902","elType":"section","settings":{"gap":"no","content_delay_time":"0.50","content_position":"middle","padding":{"unit":"px","top":"70","right":"0","bottom":"25","left":"0","isLinked":false},"padding_tablet":{"unit":"px","top":"40","right":"0","bottom":"40","left":"0","isLinked":false},"padding_mobile":{"unit":"px","top":"50","right":"0","bottom":"0","left":"0","isLinked":false},"html_tag":"div"},"elements":[{"id":"393981bb","elType":"column","settings":{"_column_size":100,"space_between_widgets":0},"elements":[{"id":"d1180ce","elType":"widget","settings":{"editor":"shop now","align":"center","text_color":"#999999","typography_typography":"custom","typography_font_family":"BROmny","typography_font_size":{"unit":"px","size":14,"sizes":[]},"typography_font_weight":"600","typography_text_transform":"uppercase","typography_line_height":{"unit":"px","size":30,"sizes":[]},"typography_letter_spacing":{"unit":"px","size":2,"sizes":[]},"_margin":{"unit":"px","top":"0","right":"0","bottom":"10","left":"0","isLinked":false},"_animation":"opal-move-up","animation_duration":"fast"},"elements":[],"widgetType":"text-editor"},{"id":"5a341cbe","elType":"widget","settings":{"title":"CHOOSE PRODUCTS\u200b","title_color":"#000000","typography_typography":"custom","typography_font_family":"Anton","typography_font_size":{"unit":"px","size":36},"typography_font_weight":"400","typography_text_transform":"uppercase","typography_font_size_mobile":{"unit":"px","size":30},"sub_title":"SHOP NOW","align":"center","sub_title_color":"#999999","subtitle_typography_typography":"custom","subtitle_typography_font_family":"Poppins","subtitle_typography_font_size":{"unit":"px","size":12,"sizes":[]},"subtitle_typography_font_weight":"600","subtitle_typography_line_height":{"unit":"px","size":32,"sizes":[]},"subtitle_typography_letter_spacing":{"unit":"px","size":0,"sizes":[]},"_margin_tablet":{"unit":"px","top":"0","right":"0","bottom":"20","left":"0","isLinked":false},"_animation":"opal-move-up","animation_duration":"fast","_margin":{"unit":"px","top":"0","right":"0","bottom":"30","left":"0","isLinked":false}},"elements":[],"widgetType":"heading"},{"id":"c624e21","elType":"widget","settings":{"limit":3,"enable_carousel":"yes","navigation":"none","_animation":"opal-move-up","animation_duration":"fast","categories":["smartic-category"]},"elements":[],"widgetType":"smartic-products"}],"isInner":false}],"isInner":false}]]]></wp:meta_value>
  </wp:postmeta>
  <wp:postmeta>
    <wp:meta_key>_elementor_page_settings</wp:meta_key>
    <wp:meta_value><![CDATA[a:1:{s:10:"hide_title";s:3:"yes";}]]></wp:meta_value>
  </wp:postmeta>
  <wp:postmeta>
    <wp:meta_key>_elementor_controls_usage</wp:meta_key>
    <wp:meta_value><![CDATA[a:10:{s:17:"smartic-revslider";a:3:{s:5:"count";i:2;s:15:"control_percent";i:0;s:8:"controls";a:1:{s:7:"content";a:1:{s:10:"rev_slider";a:1:{s:9:"rev_alias";i:2;}}}}s:6:"column";a:3:{s:5:"count";i:17;s:15:"control_percent";i:0;s:8:"controls";a:3:{s:6:"layout";a:1:{s:6:"layout";a:5:{s:21:"space_between_widgets";i:17;s:12:"_inline_size";i:13;s:19:"_inline_size_tablet";i:10;s:16:"content_position";i:1;s:5:"align";i:1;}}s:8:"advanced";a:1:{s:16:"section_advanced";a:5:{s:13:"margin_tablet";i:2;s:13:"margin_mobile";i:3;s:14:"padding_tablet";i:5;s:14:"padding_mobile";i:4;s:7:"padding";i:3;}}s:5:"style";a:1:{s:13:"section_style";a:6:{s:21:"background_background";i:5;s:16:"background_color";i:1;s:19:"background_position";i:3;s:17:"background_repeat";i:3;s:16:"background_image";i:3;s:15:"background_size";i:2;}}}}s:7:"section";a:3:{s:5:"count";i:11;s:15:"control_percent";i:1;s:8:"controls";a:3:{s:6:"layout";a:2:{s:14:"section_layout";a:4:{s:15:"stretch_section";i:5;s:6:"layout";i:4;s:3:"gap";i:11;s:16:"content_position";i:6;}s:17:"section_structure";a:1:{s:9:"structure";i:6;}}s:8:"advanced";a:1:{s:16:"section_advanced";a:7:{s:6:"margin";i:6;s:7:"z_index";i:1;s:13:"margin_tablet";i:2;s:13:"margin_mobile";i:2;s:7:"padding";i:3;s:14:"padding_tablet";i:3;s:14:"padding_mobile";i:3;}}s:5:"style";a:2:{s:18:"section_background";a:7:{s:21:"background_background";i:3;s:16:"background_image";i:1;s:19:"background_position";i:4;s:17:"background_repeat";i:4;s:15:"background_size";i:2;s:16:"background_color";i:1;s:18:"background_color_b";i:1;}s:26:"section_background_overlay";a:7:{s:29:"background_overlay_background";i:1;s:24:"background_overlay_color";i:1;s:26:"background_overlay_opacity";i:2;s:27:"background_overlay_position";i:1;s:25:"background_overlay_repeat";i:1;s:23:"background_overlay_xpos";i:1;s:23:"background_overlay_ypos";i:1;}}}}s:5:"image";a:3:{s:5:"count";i:2;s:15:"control_percent";i:3;s:8:"controls";a:3:{s:7:"content";a:1:{s:13:"section_image";a:3:{s:5:"image";i:2;s:10:"image_size";i:2;s:5:"align";i:2;}}s:5:"style";a:1:{s:19:"section_style_image";a:1:{s:26:"css_filters_hover_contrast";i:2;}}s:8:"advanced";a:3:{s:15:"section_effects";a:2:{s:10:"_animation";i:2;s:18:"animation_duration";i:2;}s:14:"_section_style";a:3:{s:7:"_margin";i:1;s:14:"_margin_tablet";i:1;s:14:"_margin_mobile";i:1;}s:19:"_section_responsive";a:1:{s:11:"hide_mobile";i:1;}}}}s:11:"text-editor";a:3:{s:5:"count";i:13;s:15:"control_percent";i:4;s:8:"controls";a:3:{s:7:"content";a:1:{s:14:"section_editor";a:1:{s:6:"editor";i:13;}}s:5:"style";a:1:{s:13:"section_style";a:13:{s:5:"align";i:7;s:10:"text_color";i:13;s:21:"typography_typography";i:13;s:22:"typography_font_family";i:10;s:20:"typography_font_size";i:11;s:22:"typography_font_weight";i:8;s:25:"typography_text_transform";i:6;s:22:"typography_line_height";i:11;s:25:"typography_letter_spacing";i:6;s:12:"align_mobile";i:4;s:34:"texteditor_shadow_text_shadow_type";i:1;s:29:"texteditor_shadow_text_shadow";i:1;s:29:"typography_line_height_mobile";i:1;}}s:8:"advanced";a:2:{s:14:"_section_style";a:7:{s:7:"_margin";i:7;s:14:"_margin_tablet";i:4;s:8:"_padding";i:6;s:14:"_margin_mobile";i:1;s:15:"_padding_tablet";i:1;s:8:"_z_index";i:1;s:15:"_padding_mobile";i:2;}s:15:"section_effects";a:2:{s:10:"_animation";i:8;s:18:"animation_duration";i:8;}}}}s:7:"heading";a:3:{s:5:"count";i:8;s:15:"control_percent";i:5;s:8:"controls";a:3:{s:7:"content";a:1:{s:13:"section_title";a:3:{s:5:"title";i:8;s:12:"align_mobile";i:2;s:5:"align";i:3;}}s:5:"style";a:1:{s:19:"section_title_style";a:11:{s:11:"title_color";i:8;s:21:"typography_typography";i:8;s:22:"typography_font_family";i:8;s:20:"typography_font_size";i:8;s:22:"typography_font_weight";i:8;s:25:"typography_text_transform";i:7;s:27:"typography_font_size_mobile";i:8;s:27:"typography_font_size_tablet";i:5;s:22:"typography_line_height";i:3;s:29:"typography_line_height_mobile";i:2;s:29:"typography_line_height_tablet";i:1;}}s:8:"advanced";a:3:{s:14:"_section_style";a:6:{s:7:"_margin";i:5;s:14:"_margin_tablet";i:3;s:14:"_margin_mobile";i:2;s:8:"_z_index";i:1;s:8:"_padding";i:2;s:15:"_padding_mobile";i:1;}s:15:"section_effects";a:2:{s:10:"_animation";i:8;s:18:"animation_duration";i:8;}s:15:"_section_border";a:3:{s:14:"_border_border";i:2;s:13:"_border_width";i:2;s:13:"_border_color";i:2;}}}}s:6:"button";a:3:{s:5:"count";i:1;s:15:"control_percent";i:5;s:8:"controls";a:3:{s:7:"content";a:1:{s:14:"section_button";a:2:{s:4:"text";i:1;s:12:"align_mobile";i:1;}}s:5:"style";a:1:{s:13:"section_style";a:16:{s:21:"typography_typography";i:1;s:20:"typography_font_size";i:1;s:22:"typography_font_weight";i:1;s:25:"typography_text_transform";i:1;s:22:"typography_line_height";i:1;s:17:"button_text_color";i:1;s:16:"background_color";i:1;s:11:"hover_color";i:1;s:25:"button_hover_border_color";i:1;s:13:"border_border";i:1;s:12:"border_width";i:1;s:12:"border_color";i:1;s:13:"border_radius";i:1;s:12:"text_padding";i:1;s:25:"typography_letter_spacing";i:1;s:22:"typography_font_family";i:1;}}s:8:"advanced";a:1:{s:15:"section_effects";a:2:{s:10:"_animation";i:1;s:18:"animation_duration";i:1;}}}}s:19:"smartic-video-popup";a:3:{s:5:"count";i:1;s:15:"control_percent";i:4;s:8:"controls";a:2:{s:7:"content";a:1:{s:14:"section_videos";a:2:{s:10:"video_link";i:1;s:9:"icon_font";i:1;}}s:5:"style";a:2:{s:19:"section_video_style";a:11:{s:10:"video_size";i:1;s:11:"video_color";i:1;s:11:"video_width";i:1;s:12:"video_height";i:1;s:22:"video_background_color";i:1;s:28:"video_hover_background_color";i:1;s:24:"video_hover_border_color";i:1;s:19:"border_video_border";i:1;s:18:"border_video_width";i:1;s:18:"border_video_color";i:1;s:19:"video_border_radius";i:1;}s:19:"section_video_title";a:1:{s:11:"title_color";i:1;}}}}s:20:"smartic-testimonials";a:3:{s:5:"count";i:1;s:15:"control_percent";i:6;s:8:"controls";a:3:{s:7:"content";a:3:{s:19:"section_testimonial";a:3:{s:17:"testimonial_style";i:1;s:12:"testimonials";i:1;s:6:"column";i:1;}s:24:"section_carousel_options";a:2:{s:15:"enable_carousel";i:1;s:10:"navigation";i:1;}s:15:"carousel_arrows";a:15:{s:15:"next_horizontal";i:1;s:21:"next_horizontal_value";i:1;s:15:"prev_horizontal";i:1;s:21:"prev_horizontal_value";i:1;s:13:"next_vertical";i:1;s:26:"next_vertical_value_tablet";i:1;s:13:"prev_vertical";i:1;s:26:"prev_vertical_value_tablet";i:1;s:9:"icon_size";i:1;s:25:"carousel_arrow_color_icon";i:1;s:31:"carousel_arrow_color_background";i:1;s:19:"next_vertical_value";i:1;s:28:"next_horizontal_value_tablet";i:1;s:19:"prev_vertical_value";i:1;s:28:"prev_horizontal_value_tablet";i:1;}}s:5:"style";a:2:{s:33:"section_style_testimonial_wrapper";a:1:{s:24:"testimonial_wrapper_with";i:1;}s:32:"section_style_testimonial_rating";a:1:{s:26:"testimonial_rating_spacing";i:1;}}s:8:"advanced";a:1:{s:17:"_section_position";a:3:{s:14:"_element_width";i:1;s:21:"_element_custom_width";i:1;s:21:"_element_width_tablet";i:1;}}}}s:16:"smartic-products";a:3:{s:5:"count";i:1;s:15:"control_percent";i:2;s:8:"controls";a:2:{s:7:"content";a:2:{s:15:"section_setting";a:3:{s:5:"limit";i:1;s:10:"categories";i:1;s:3:"tag";i:1;}s:24:"section_carousel_options";a:2:{s:15:"enable_carousel";i:1;s:10:"navigation";i:1;}}s:8:"advanced";a:1:{s:15:"section_effects";a:2:{s:10:"_animation";i:1;s:18:"animation_duration";i:1;}}}}}]]></wp:meta_value>
  </wp:postmeta>
  <wp:postmeta>
    <wp:meta_key>_elementor_page_assets</wp:meta_key>
    <wp:meta_value><![CDATA[a:1:{s:6:"styles";a:20:{i:0;s:12:"e-animations";i:1;s:12:"e-animations";i:2;s:12:"e-animations";i:3;s:12:"e-animations";i:4;s:12:"e-animations";i:5;s:12:"e-animations";i:6;s:12:"e-animations";i:7;s:12:"e-animations";i:8;s:12:"e-animations";i:9;s:12:"e-animations";i:10;s:12:"e-animations";i:11;s:12:"e-animations";i:12;s:12:"e-animations";i:13;s:12:"e-animations";i:14;s:12:"e-animations";i:15;s:12:"e-animations";i:16;s:12:"e-animations";i:17;s:12:"e-animations";i:18;s:12:"e-animations";i:19;s:12:"e-animations";}}]]></wp:meta_value>
  </wp:postmeta>
</item>
<item>
  <title><![CDATA[home-19_niches_19_banner1.jpg]]></title>
  <link>https://demo2wpopal.b-cdn.net/smartic/home-31/home-19_niches_19_banner1-jpg/</link>
  <pubDate>Mon, 12 Apr 2021 08:00:52 +0000</pubDate>
  <dc:creator>admin</dc:creator>
  <guid isPermaLink="false">https://demo2wpopal.b-cdn.net/smartic/wp-content/uploads/2021/04/home-19_niches_19_banner1.jpg</guid>
  <description/>
  <content:encoded><![CDATA[]]></content:encoded>
  <excerpt:encoded><![CDATA[]]></excerpt:encoded>
  <wp:post_id>13062</wp:post_id>
  <wp:post_date>2021-04-12 08:00:52</wp:post_date>
  <wp:post_date_gmt>2021-04-12 08:00:52</wp:post_date_gmt>
  <wp:post_modified>2021-04-19 09:36:07</wp:post_modified>
  <wp:post_modified_gmt>2021-04-19 09:36:07</wp:post_modified_gmt>
  <wp:comment_status>open</wp:comment_status>
  <wp:ping_status>closed</wp:ping_status>
  <wp:post_name>home-19_niches_19_banner1-jpg</wp:post_name>
  <wp:status>inherit</wp:status>
  <wp:post_parent>11399</wp:post_parent>
  <wp:menu_order>0</wp:menu_order>
  <wp:post_type>attachment</wp:post_type>
  <wp:post_password/>
  <wp:is_sticky>0</wp:is_sticky>
  <wp:attachment_url>https://demo2wpopal.b-cdn.net/smartic/wp-content/uploads/2021/04/home-19_niches_19_banner1.jpg</wp:attachment_url>
  <wp:postmeta>
    <wp:meta_key>_wp_attached_file</wp:meta_key>
    <wp:meta_value><![CDATA[2021/04/home-19_niches_19_banner1.jpg]]></wp:meta_value>
  </wp:postmeta>
  <wp:postmeta>
    <wp:meta_key>_wp_attachment_metadata</wp:meta_key>
    <wp:meta_value><![CDATA[a:6:{s:5:"width";i:520;s:6:"height";i:630;s:4:"file";s:37:"2021/04/home-19_niches_19_banner1.jpg";s:8:"filesize";i:39149;s:5:"sizes";a:8:{s:6:"medium";a:5:{s:4:"file";s:37:"home-19_niches_19_banner1-248x300.jpg";s:5:"width";i:248;s:6:"height";i:300;s:9:"mime-type";s:10:"image/jpeg";s:8:"filesize";i:11599;}s:9:"thumbnail";a:5:{s:4:"file";s:37:"home-19_niches_19_banner1-150x150.jpg";s:5:"width";i:150;s:6:"height";i:150;s:9:"mime-type";s:10:"image/jpeg";s:8:"filesize";i:5020;}s:14:"post-thumbnail";a:5:{s:4:"file";s:37:"home-19_niches_19_banner1-520x565.jpg";s:5:"width";i:520;s:6:"height";i:565;s:9:"mime-type";s:10:"image/jpeg";s:8:"filesize";i:36598;}s:17:"smartic-post-grid";a:5:{s:4:"file";s:37:"home-19_niches_19_banner1-500x330.jpg";s:5:"width";i:500;s:6:"height";i:330;s:9:"mime-type";s:10:"image/jpeg";s:8:"filesize";i:16675;}s:21:"woocommerce_thumbnail";a:6:{s:4:"file";s:37:"home-19_niches_19_banner1-500x606.jpg";s:5:"width";i:500;s:6:"height";i:606;s:9:"mime-type";s:10:"image/jpeg";s:8:"filesize";i:32716;s:9:"uncropped";b:1;}s:29:"woocommerce_gallery_thumbnail";a:5:{s:4:"file";s:37:"home-19_niches_19_banner1-100x100.jpg";s:5:"width";i:100;s:6:"height";i:100;s:9:"mime-type";s:10:"image/jpeg";s:8:"filesize";i:3055;}s:29:"variation_swatches_image_size";a:5:{s:4:"file";s:35:"home-19_niches_19_banner1-50x50.jpg";s:5:"width";i:50;s:6:"height";i:50;s:9:"mime-type";s:10:"image/jpeg";s:8:"filesize";i:1510;}s:31:"variation_swatches_tooltip_size";a:5:{s:4:"file";s:37:"home-19_niches_19_banner1-100x100.jpg";s:5:"width";i:100;s:6:"height";i:100;s:9:"mime-type";s:10:"image/jpeg";s:8:"filesize";i:3055;}}s:10:"image_meta";a:12:{s:8:"aperture";s:1:"0";s:6:"credit";s:0:"";s:6:"camera";s:0:"";s:7:"caption";s:0:"";s:17:"created_timestamp";s:1:"0";s:9:"copyright";s:0:"";s:12:"focal_length";s:1:"0";s:3:"iso";s:1:"0";s:13:"shutter_speed";s:1:"0";s:5:"title";s:0:"";s:11:"orientation";s:1:"0";s:8:"keywords";a:0:{}}}]]></wp:meta_value>
  </wp:postmeta>
  <wp:postmeta>
    <wp:meta_key>_elementor_source_image_hash</wp:meta_key>
    <wp:meta_value><![CDATA[c0da97ae1381025f5574ae649d9e9fdd0448c399]]></wp:meta_value>
  </wp:postmeta>
</item>
<item>
  <title><![CDATA[home-19_niches_19_bg1.jpg]]></title>
  <link>https://demo2wpopal.b-cdn.net/smartic/home-31/home-19_niches_19_bg1-jpg/</link>
  <pubDate>Mon, 12 Apr 2021 08:00:52 +0000</pubDate>
  <dc:creator>admin</dc:creator>
  <guid isPermaLink="false">https://demo2wpopal.b-cdn.net/smartic/wp-content/uploads/2021/04/home-19_niches_19_bg1.jpg</guid>
  <description/>
  <content:encoded><![CDATA[]]></content:encoded>
  <excerpt:encoded><![CDATA[]]></excerpt:encoded>
  <wp:post_id>13064</wp:post_id>
  <wp:post_date>2021-04-12 08:00:52</wp:post_date>
  <wp:post_date_gmt>2021-04-12 08:00:52</wp:post_date_gmt>
  <wp:post_modified>2021-04-19 09:36:07</wp:post_modified>
  <wp:post_modified_gmt>2021-04-19 09:36:07</wp:post_modified_gmt>
  <wp:comment_status>open</wp:comment_status>
  <wp:ping_status>closed</wp:ping_status>
  <wp:post_name>home-19_niches_19_bg1-jpg</wp:post_name>
  <wp:status>inherit</wp:status>
  <wp:post_parent>11399</wp:post_parent>
  <wp:menu_order>0</wp:menu_order>
  <wp:post_type>attachment</wp:post_type>
  <wp:post_password/>
  <wp:is_sticky>0</wp:is_sticky>
  <wp:attachment_url>https://demo2wpopal.b-cdn.net/smartic/wp-content/uploads/2021/04/home-19_niches_19_bg1.jpg</wp:attachment_url>
  <wp:postmeta>
    <wp:meta_key>_wp_attached_file</wp:meta_key>
    <wp:meta_value><![CDATA[2021/04/home-19_niches_19_bg1.jpg]]></wp:meta_value>
  </wp:postmeta>
  <wp:postmeta>
    <wp:meta_key>_wp_attachment_metadata</wp:meta_key>
    <wp:meta_value><![CDATA[a:6:{s:5:"width";i:1920;s:6:"height";i:600;s:4:"file";s:33:"2021/04/home-19_niches_19_bg1.jpg";s:8:"filesize";i:89071;s:5:"sizes";a:12:{s:6:"medium";a:5:{s:4:"file";s:32:"home-19_niches_19_bg1-300x94.jpg";s:5:"width";i:300;s:6:"height";i:94;s:9:"mime-type";s:10:"image/jpeg";s:8:"filesize";i:4374;}s:5:"large";a:5:{s:4:"file";s:34:"home-19_niches_19_bg1-1024x320.jpg";s:5:"width";i:1024;s:6:"height";i:320;s:9:"mime-type";s:10:"image/jpeg";s:8:"filesize";i:26083;}s:9:"thumbnail";a:5:{s:4:"file";s:33:"home-19_niches_19_bg1-150x150.jpg";s:5:"width";i:150;s:6:"height";i:150;s:9:"mime-type";s:10:"image/jpeg";s:8:"filesize";i:4039;}s:12:"medium_large";a:5:{s:4:"file";s:33:"home-19_niches_19_bg1-768x240.jpg";s:5:"width";i:768;s:6:"height";i:240;s:9:"mime-type";s:10:"image/jpeg";s:8:"filesize";i:16176;}s:9:"1536x1536";a:5:{s:4:"file";s:34:"home-19_niches_19_bg1-1536x480.jpg";s:5:"width";i:1536;s:6:"height";i:480;s:9:"mime-type";s:10:"image/jpeg";s:8:"filesize";i:53750;}s:14:"post-thumbnail";a:5:{s:4:"file";s:34:"home-19_niches_19_bg1-1000x565.jpg";s:5:"width";i:1000;s:6:"height";i:565;s:9:"mime-type";s:10:"image/jpeg";s:8:"filesize";i:47894;}s:17:"smartic-post-grid";a:5:{s:4:"file";s:33:"home-19_niches_19_bg1-500x330.jpg";s:5:"width";i:500;s:6:"height";i:330;s:9:"mime-type";s:10:"image/jpeg";s:8:"filesize";i:17274;}s:21:"woocommerce_thumbnail";a:6:{s:4:"file";s:33:"home-19_niches_19_bg1-500x156.jpg";s:5:"width";i:500;s:6:"height";i:156;s:9:"mime-type";s:10:"image/jpeg";s:8:"filesize";i:8744;s:9:"uncropped";b:1;}s:18:"woocommerce_single";a:5:{s:4:"file";s:33:"home-19_niches_19_bg1-800x250.jpg";s:5:"width";i:800;s:6:"height";i:250;s:9:"mime-type";s:10:"image/jpeg";s:8:"filesize";i:17724;}s:29:"woocommerce_gallery_thumbnail";a:5:{s:4:"file";s:33:"home-19_niches_19_bg1-100x100.jpg";s:5:"width";i:100;s:6:"height";i:100;s:9:"mime-type";s:10:"image/jpeg";s:8:"filesize";i:2566;}s:29:"variation_swatches_image_size";a:5:{s:4:"file";s:31:"home-19_niches_19_bg1-50x50.jpg";s:5:"width";i:50;s:6:"height";i:50;s:9:"mime-type";s:10:"image/jpeg";s:8:"filesize";i:1390;}s:31:"variation_swatches_tooltip_size";a:5:{s:4:"file";s:33:"home-19_niches_19_bg1-100x100.jpg";s:5:"width";i:100;s:6:"height";i:100;s:9:"mime-type";s:10:"image/jpeg";s:8:"filesize";i:2566;}}s:10:"image_meta";a:12:{s:8:"aperture";s:1:"0";s:6:"credit";s:0:"";s:6:"camera";s:0:"";s:7:"caption";s:0:"";s:17:"created_timestamp";s:1:"0";s:9:"copyright";s:0:"";s:12:"focal_length";s:1:"0";s:3:"iso";s:1:"0";s:13:"shutter_speed";s:1:"0";s:5:"title";s:0:"";s:11:"orientation";s:1:"0";s:8:"keywords";a:0:{}}}]]></wp:meta_value>
  </wp:postmeta>
  <wp:postmeta>
    <wp:meta_key>_elementor_source_image_hash</wp:meta_key>
    <wp:meta_value><![CDATA[12a1a58abf7dd5427e3d7d05b99e5984ee0e935f]]></wp:meta_value>
  </wp:postmeta>
</item>
<item>
  <title><![CDATA[home-19_niches_19_bg_video.jpg]]></title>
  <link>https://demo2wpopal.b-cdn.net/smartic/home-31/home-19_niches_19_bg_video-jpg/</link>
  <pubDate>Mon, 12 Apr 2021 08:00:52 +0000</pubDate>
  <dc:creator>admin</dc:creator>
  <guid isPermaLink="false">https://demo2wpopal.b-cdn.net/smartic/wp-content/uploads/2021/04/home-19_niches_19_bg_video.jpg</guid>
  <description/>
  <content:encoded><![CDATA[]]></content:encoded>
  <excerpt:encoded><![CDATA[]]></excerpt:encoded>
  <wp:post_id>13065</wp:post_id>
  <wp:post_date>2021-04-12 08:00:52</wp:post_date>
  <wp:post_date_gmt>2021-04-12 08:00:52</wp:post_date_gmt>
  <wp:post_modified>2021-04-19 09:36:07</wp:post_modified>
  <wp:post_modified_gmt>2021-04-19 09:36:07</wp:post_modified_gmt>
  <wp:comment_status>open</wp:comment_status>
  <wp:ping_status>closed</wp:ping_status>
  <wp:post_name>home-19_niches_19_bg_video-jpg</wp:post_name>
  <wp:status>inherit</wp:status>
  <wp:post_parent>11399</wp:post_parent>
  <wp:menu_order>0</wp:menu_order>
  <wp:post_type>attachment</wp:post_type>
  <wp:post_password/>
  <wp:is_sticky>0</wp:is_sticky>
  <wp:attachment_url>https://demo2wpopal.b-cdn.net/smartic/wp-content/uploads/2021/04/home-19_niches_19_bg_video.jpg</wp:attachment_url>
  <wp:postmeta>
    <wp:meta_key>_wp_attached_file</wp:meta_key>
    <wp:meta_value><![CDATA[2021/04/home-19_niches_19_bg_video.jpg]]></wp:meta_value>
  </wp:postmeta>
  <wp:postmeta>
    <wp:meta_key>_wp_attachment_metadata</wp:meta_key>
    <wp:meta_value><![CDATA[a:6:{s:5:"width";i:960;s:6:"height";i:600;s:4:"file";s:38:"2021/04/home-19_niches_19_bg_video.jpg";s:8:"filesize";i:14625;s:5:"sizes";a:10:{s:6:"medium";a:5:{s:4:"file";s:38:"home-19_niches_19_bg_video-300x188.jpg";s:5:"width";i:300;s:6:"height";i:188;s:9:"mime-type";s:10:"image/jpeg";s:8:"filesize";i:3084;}s:9:"thumbnail";a:5:{s:4:"file";s:38:"home-19_niches_19_bg_video-150x150.jpg";s:5:"width";i:150;s:6:"height";i:150;s:9:"mime-type";s:10:"image/jpeg";s:8:"filesize";i:2158;}s:12:"medium_large";a:5:{s:4:"file";s:38:"home-19_niches_19_bg_video-768x480.jpg";s:5:"width";i:768;s:6:"height";i:480;s:9:"mime-type";s:10:"image/jpeg";s:8:"filesize";i:12696;}s:14:"post-thumbnail";a:5:{s:4:"file";s:38:"home-19_niches_19_bg_video-960x565.jpg";s:5:"width";i:960;s:6:"height";i:565;s:9:"mime-type";s:10:"image/jpeg";s:8:"filesize";i:19893;}s:17:"smartic-post-grid";a:5:{s:4:"file";s:38:"home-19_niches_19_bg_video-500x330.jpg";s:5:"width";i:500;s:6:"height";i:330;s:9:"mime-type";s:10:"image/jpeg";s:8:"filesize";i:6801;}s:21:"woocommerce_thumbnail";a:6:{s:4:"file";s:38:"home-19_niches_19_bg_video-500x313.jpg";s:5:"width";i:500;s:6:"height";i:313;s:9:"mime-type";s:10:"image/jpeg";s:8:"filesize";i:6378;s:9:"uncropped";b:1;}s:18:"woocommerce_single";a:5:{s:4:"file";s:38:"home-19_niches_19_bg_video-800x500.jpg";s:5:"width";i:800;s:6:"height";i:500;s:9:"mime-type";s:10:"image/jpeg";s:8:"filesize";i:13813;}s:29:"woocommerce_gallery_thumbnail";a:5:{s:4:"file";s:38:"home-19_niches_19_bg_video-100x100.jpg";s:5:"width";i:100;s:6:"height";i:100;s:9:"mime-type";s:10:"image/jpeg";s:8:"filesize";i:1485;}s:29:"variation_swatches_image_size";a:5:{s:4:"file";s:36:"home-19_niches_19_bg_video-50x50.jpg";s:5:"width";i:50;s:6:"height";i:50;s:9:"mime-type";s:10:"image/jpeg";s:8:"filesize";i:966;}s:31:"variation_swatches_tooltip_size";a:5:{s:4:"file";s:38:"home-19_niches_19_bg_video-100x100.jpg";s:5:"width";i:100;s:6:"height";i:100;s:9:"mime-type";s:10:"image/jpeg";s:8:"filesize";i:1485;}}s:10:"image_meta";a:12:{s:8:"aperture";s:1:"0";s:6:"credit";s:0:"";s:6:"camera";s:0:"";s:7:"caption";s:0:"";s:17:"created_timestamp";s:1:"0";s:9:"copyright";s:0:"";s:12:"focal_length";s:1:"0";s:3:"iso";s:1:"0";s:13:"shutter_speed";s:1:"0";s:5:"title";s:0:"";s:11:"orientation";s:1:"0";s:8:"keywords";a:0:{}}}]]></wp:meta_value>
  </wp:postmeta>
  <wp:postmeta>
    <wp:meta_key>_elementor_source_image_hash</wp:meta_key>
    <wp:meta_value><![CDATA[7b1762f4e4c99ba1170e5b6f9b0aaeef55a3518e]]></wp:meta_value>
  </wp:postmeta>
</item>
<item>
  <title><![CDATA[home-19_niches_19_bg3.jpg]]></title>
  <link>https://demo2wpopal.b-cdn.net/smartic/home-31/home-19_niches_19_bg3-jpg/</link>
  <pubDate>Mon, 12 Apr 2021 08:00:53 +0000</pubDate>
  <dc:creator>admin</dc:creator>
  <guid isPermaLink="false">https://demo2wpopal.b-cdn.net/smartic/wp-content/uploads/2021/04/home-19_niches_19_bg3.jpg</guid>
  <description/>
  <content:encoded><![CDATA[]]></content:encoded>
  <excerpt:encoded><![CDATA[]]></excerpt:encoded>
  <wp:post_id>13066</wp:post_id>
  <wp:post_date>2021-04-12 08:00:53</wp:post_date>
  <wp:post_date_gmt>2021-04-12 08:00:53</wp:post_date_gmt>
  <wp:post_modified>2021-04-19 09:36:07</wp:post_modified>
  <wp:post_modified_gmt>2021-04-19 09:36:07</wp:post_modified_gmt>
  <wp:comment_status>open</wp:comment_status>
  <wp:ping_status>closed</wp:ping_status>
  <wp:post_name>home-19_niches_19_bg3-jpg</wp:post_name>
  <wp:status>inherit</wp:status>
  <wp:post_parent>11399</wp:post_parent>
  <wp:menu_order>0</wp:menu_order>
  <wp:post_type>attachment</wp:post_type>
  <wp:post_password/>
  <wp:is_sticky>0</wp:is_sticky>
  <wp:attachment_url>https://demo2wpopal.b-cdn.net/smartic/wp-content/uploads/2021/04/home-19_niches_19_bg3.jpg</wp:attachment_url>
  <wp:postmeta>
    <wp:meta_key>_wp_attached_file</wp:meta_key>
    <wp:meta_value><![CDATA[2021/04/home-19_niches_19_bg3.jpg]]></wp:meta_value>
  </wp:postmeta>
  <wp:postmeta>
    <wp:meta_key>_wp_attachment_metadata</wp:meta_key>
    <wp:meta_value><![CDATA[a:6:{s:5:"width";i:960;s:6:"height";i:600;s:4:"file";s:33:"2021/04/home-19_niches_19_bg3.jpg";s:8:"filesize";i:21515;s:5:"sizes";a:10:{s:6:"medium";a:5:{s:4:"file";s:33:"home-19_niches_19_bg3-300x188.jpg";s:5:"width";i:300;s:6:"height";i:188;s:9:"mime-type";s:10:"image/jpeg";s:8:"filesize";i:4328;}s:9:"thumbnail";a:5:{s:4:"file";s:33:"home-19_niches_19_bg3-150x150.jpg";s:5:"width";i:150;s:6:"height";i:150;s:9:"mime-type";s:10:"image/jpeg";s:8:"filesize";i:2405;}s:12:"medium_large";a:5:{s:4:"file";s:33:"home-19_niches_19_bg3-768x480.jpg";s:5:"width";i:768;s:6:"height";i:480;s:9:"mime-type";s:10:"image/jpeg";s:8:"filesize";i:16623;}s:14:"post-thumbnail";a:5:{s:4:"file";s:33:"home-19_niches_19_bg3-960x565.jpg";s:5:"width";i:960;s:6:"height";i:565;s:9:"mime-type";s:10:"image/jpeg";s:8:"filesize";i:24343;}s:17:"smartic-post-grid";a:5:{s:4:"file";s:33:"home-19_niches_19_bg3-500x330.jpg";s:5:"width";i:500;s:6:"height";i:330;s:9:"mime-type";s:10:"image/jpeg";s:8:"filesize";i:8866;}s:21:"woocommerce_thumbnail";a:6:{s:4:"file";s:33:"home-19_niches_19_bg3-500x313.jpg";s:5:"width";i:500;s:6:"height";i:313;s:9:"mime-type";s:10:"image/jpeg";s:8:"filesize";i:8739;s:9:"uncropped";b:1;}s:18:"woocommerce_single";a:5:{s:4:"file";s:33:"home-19_niches_19_bg3-800x500.jpg";s:5:"width";i:800;s:6:"height";i:500;s:9:"mime-type";s:10:"image/jpeg";s:8:"filesize";i:17928;}s:29:"woocommerce_gallery_thumbnail";a:5:{s:4:"file";s:33:"home-19_niches_19_bg3-100x100.jpg";s:5:"width";i:100;s:6:"height";i:100;s:9:"mime-type";s:10:"image/jpeg";s:8:"filesize";i:1642;}s:29:"variation_swatches_image_size";a:5:{s:4:"file";s:31:"home-19_niches_19_bg3-50x50.jpg";s:5:"width";i:50;s:6:"height";i:50;s:9:"mime-type";s:10:"image/jpeg";s:8:"filesize";i:1065;}s:31:"variation_swatches_tooltip_size";a:5:{s:4:"file";s:33:"home-19_niches_19_bg3-100x100.jpg";s:5:"width";i:100;s:6:"height";i:100;s:9:"mime-type";s:10:"image/jpeg";s:8:"filesize";i:1642;}}s:10:"image_meta";a:12:{s:8:"aperture";s:1:"0";s:6:"credit";s:0:"";s:6:"camera";s:0:"";s:7:"caption";s:0:"";s:17:"created_timestamp";s:1:"0";s:9:"copyright";s:0:"";s:12:"focal_length";s:1:"0";s:3:"iso";s:1:"0";s:13:"shutter_speed";s:1:"0";s:5:"title";s:0:"";s:11:"orientation";s:1:"0";s:8:"keywords";a:0:{}}}]]></wp:meta_value>
  </wp:postmeta>
  <wp:postmeta>
    <wp:meta_key>_elementor_source_image_hash</wp:meta_key>
    <wp:meta_value><![CDATA[230fdc75dbdfe942e0c72a272d91a9548dadcbb6]]></wp:meta_value>
  </wp:postmeta>
</item>
<item>
  <title><![CDATA[home-19_niches_19_bg4.jpg]]></title>
  <link>https://demo2wpopal.b-cdn.net/smartic/home-31/home-19_niches_19_bg4-jpg/</link>
  <pubDate>Mon, 12 Apr 2021 08:00:53 +0000</pubDate>
  <dc:creator>admin</dc:creator>
  <guid isPermaLink="false">https://demo2wpopal.b-cdn.net/smartic/wp-content/uploads/2021/04/home-19_niches_19_bg4.jpg</guid>
  <description/>
  <content:encoded><![CDATA[]]></content:encoded>
  <excerpt:encoded><![CDATA[]]></excerpt:encoded>
  <wp:post_id>13067</wp:post_id>
  <wp:post_date>2021-04-12 08:00:53</wp:post_date>
  <wp:post_date_gmt>2021-04-12 08:00:53</wp:post_date_gmt>
  <wp:post_modified>2021-04-19 09:36:07</wp:post_modified>
  <wp:post_modified_gmt>2021-04-19 09:36:07</wp:post_modified_gmt>
  <wp:comment_status>open</wp:comment_status>
  <wp:ping_status>closed</wp:ping_status>
  <wp:post_name>home-19_niches_19_bg4-jpg</wp:post_name>
  <wp:status>inherit</wp:status>
  <wp:post_parent>11399</wp:post_parent>
  <wp:menu_order>0</wp:menu_order>
  <wp:post_type>attachment</wp:post_type>
  <wp:post_password/>
  <wp:is_sticky>0</wp:is_sticky>
  <wp:attachment_url>https://demo2wpopal.b-cdn.net/smartic/wp-content/uploads/2021/04/home-19_niches_19_bg4.jpg</wp:attachment_url>
  <wp:postmeta>
    <wp:meta_key>_wp_attached_file</wp:meta_key>
    <wp:meta_value><![CDATA[2021/04/home-19_niches_19_bg4.jpg]]></wp:meta_value>
  </wp:postmeta>
  <wp:postmeta>
    <wp:meta_key>_wp_attachment_metadata</wp:meta_key>
    <wp:meta_value><![CDATA[a:6:{s:5:"width";i:960;s:6:"height";i:600;s:4:"file";s:33:"2021/04/home-19_niches_19_bg4.jpg";s:8:"filesize";i:46406;s:5:"sizes";a:10:{s:6:"medium";a:5:{s:4:"file";s:33:"home-19_niches_19_bg4-300x188.jpg";s:5:"width";i:300;s:6:"height";i:188;s:9:"mime-type";s:10:"image/jpeg";s:8:"filesize";i:8017;}s:9:"thumbnail";a:5:{s:4:"file";s:33:"home-19_niches_19_bg4-150x150.jpg";s:5:"width";i:150;s:6:"height";i:150;s:9:"mime-type";s:10:"image/jpeg";s:8:"filesize";i:3642;}s:12:"medium_large";a:5:{s:4:"file";s:33:"home-19_niches_19_bg4-768x480.jpg";s:5:"width";i:768;s:6:"height";i:480;s:9:"mime-type";s:10:"image/jpeg";s:8:"filesize";i:32108;}s:14:"post-thumbnail";a:5:{s:4:"file";s:33:"home-19_niches_19_bg4-960x565.jpg";s:5:"width";i:960;s:6:"height";i:565;s:9:"mime-type";s:10:"image/jpeg";s:8:"filesize";i:47607;}s:17:"smartic-post-grid";a:5:{s:4:"file";s:33:"home-19_niches_19_bg4-500x330.jpg";s:5:"width";i:500;s:6:"height";i:330;s:9:"mime-type";s:10:"image/jpeg";s:8:"filesize";i:17487;}s:21:"woocommerce_thumbnail";a:6:{s:4:"file";s:33:"home-19_niches_19_bg4-500x313.jpg";s:5:"width";i:500;s:6:"height";i:313;s:9:"mime-type";s:10:"image/jpeg";s:8:"filesize";i:16967;s:9:"uncropped";b:1;}s:18:"woocommerce_single";a:5:{s:4:"file";s:33:"home-19_niches_19_bg4-800x500.jpg";s:5:"width";i:800;s:6:"height";i:500;s:9:"mime-type";s:10:"image/jpeg";s:8:"filesize";i:34654;}s:29:"woocommerce_gallery_thumbnail";a:5:{s:4:"file";s:33:"home-19_niches_19_bg4-100x100.jpg";s:5:"width";i:100;s:6:"height";i:100;s:9:"mime-type";s:10:"image/jpeg";s:8:"filesize";i:2296;}s:29:"variation_swatches_image_size";a:5:{s:4:"file";s:31:"home-19_niches_19_bg4-50x50.jpg";s:5:"width";i:50;s:6:"height";i:50;s:9:"mime-type";s:10:"image/jpeg";s:8:"filesize";i:1268;}s:31:"variation_swatches_tooltip_size";a:5:{s:4:"file";s:33:"home-19_niches_19_bg4-100x100.jpg";s:5:"width";i:100;s:6:"height";i:100;s:9:"mime-type";s:10:"image/jpeg";s:8:"filesize";i:2296;}}s:10:"image_meta";a:12:{s:8:"aperture";s:1:"0";s:6:"credit";s:0:"";s:6:"camera";s:0:"";s:7:"caption";s:0:"";s:17:"created_timestamp";s:1:"0";s:9:"copyright";s:0:"";s:12:"focal_length";s:1:"0";s:3:"iso";s:1:"0";s:13:"shutter_speed";s:1:"0";s:5:"title";s:0:"";s:11:"orientation";s:1:"0";s:8:"keywords";a:0:{}}}]]></wp:meta_value>
  </wp:postmeta>
  <wp:postmeta>
    <wp:meta_key>_elementor_source_image_hash</wp:meta_key>
    <wp:meta_value><![CDATA[15d50c76af8b6e9acbed18086df29cbc1f849b8d]]></wp:meta_value>
  </wp:postmeta>
</item>
<item>
  <title><![CDATA[home31_img1]]></title>
  <link>https://demo2wpopal.b-cdn.net/smartic/home-31/home31_img1/</link>
  <pubDate>Fri, 16 Apr 2021 01:15:25 +0000</pubDate>
  <dc:creator>admin</dc:creator>
  <guid isPermaLink="false">https://demo2wpopal.b-cdn.net/smartic/wp-content/uploads/2021/04/home31_img1.jpg</guid>
  <description/>
  <content:encoded><![CDATA[]]></content:encoded>
  <excerpt:encoded><![CDATA[]]></excerpt:encoded>
  <wp:post_id>15374</wp:post_id>
  <wp:post_date>2021-04-16 01:15:25</wp:post_date>
  <wp:post_date_gmt>2021-04-16 01:15:25</wp:post_date_gmt>
  <wp:post_modified>2021-04-16 01:15:25</wp:post_modified>
  <wp:post_modified_gmt>2021-04-16 01:15:25</wp:post_modified_gmt>
  <wp:comment_status>open</wp:comment_status>
  <wp:ping_status>closed</wp:ping_status>
  <wp:post_name>home31_img1</wp:post_name>
  <wp:status>inherit</wp:status>
  <wp:post_parent>11399</wp:post_parent>
  <wp:menu_order>0</wp:menu_order>
  <wp:post_type>attachment</wp:post_type>
  <wp:post_password/>
  <wp:is_sticky>0</wp:is_sticky>
  <wp:attachment_url>https://demo2wpopal.b-cdn.net/smartic/wp-content/uploads/2021/04/home31_img1.jpg</wp:attachment_url>
  <wp:postmeta>
    <wp:meta_key>_wp_attached_file</wp:meta_key>
    <wp:meta_value><![CDATA[2021/04/home31_img1.jpg]]></wp:meta_value>
  </wp:postmeta>
  <wp:postmeta>
    <wp:meta_key>_wp_attachment_metadata</wp:meta_key>
    <wp:meta_value><![CDATA[a:6:{s:5:"width";i:630;s:6:"height";i:370;s:4:"file";s:23:"2021/04/home31_img1.jpg";s:8:"filesize";i:33581;s:5:"sizes";a:7:{s:6:"medium";a:5:{s:4:"file";s:23:"home31_img1-300x176.jpg";s:5:"width";i:300;s:6:"height";i:176;s:9:"mime-type";s:10:"image/jpeg";s:8:"filesize";i:6658;}s:9:"thumbnail";a:5:{s:4:"file";s:23:"home31_img1-150x150.jpg";s:5:"width";i:150;s:6:"height";i:150;s:9:"mime-type";s:10:"image/jpeg";s:8:"filesize";i:4177;}s:17:"smartic-post-grid";a:5:{s:4:"file";s:23:"home31_img1-500x330.jpg";s:5:"width";i:500;s:6:"height";i:330;s:9:"mime-type";s:10:"image/jpeg";s:8:"filesize";i:16058;}s:21:"woocommerce_thumbnail";a:6:{s:4:"file";s:23:"home31_img1-500x294.jpg";s:5:"width";i:500;s:6:"height";i:294;s:9:"mime-type";s:10:"image/jpeg";s:8:"filesize";i:14047;s:9:"uncropped";b:1;}s:29:"woocommerce_gallery_thumbnail";a:5:{s:4:"file";s:23:"home31_img1-100x100.jpg";s:5:"width";i:100;s:6:"height";i:100;s:9:"mime-type";s:10:"image/jpeg";s:8:"filesize";i:2579;}s:29:"variation_swatches_image_size";a:5:{s:4:"file";s:21:"home31_img1-50x50.jpg";s:5:"width";i:50;s:6:"height";i:50;s:9:"mime-type";s:10:"image/jpeg";s:8:"filesize";i:1368;}s:31:"variation_swatches_tooltip_size";a:5:{s:4:"file";s:23:"home31_img1-100x100.jpg";s:5:"width";i:100;s:6:"height";i:100;s:9:"mime-type";s:10:"image/jpeg";s:8:"filesize";i:2579;}}s:10:"image_meta";a:12:{s:8:"aperture";s:1:"0";s:6:"credit";s:0:"";s:6:"camera";s:0:"";s:7:"caption";s:0:"";s:17:"created_timestamp";s:1:"0";s:9:"copyright";s:0:"";s:12:"focal_length";s:1:"0";s:3:"iso";s:1:"0";s:13:"shutter_speed";s:1:"0";s:5:"title";s:0:"";s:11:"orientation";s:1:"0";s:8:"keywords";a:0:{}}}]]></wp:meta_value>
  </wp:postmeta>
</item>
<item>
  <title><![CDATA[layout_headfone1.jpg]]></title>
  <link>https://demo2wpopal.b-cdn.net/smartic/home-31/layout-headfone1-jpg/</link>
  <pubDate>Fri, 16 Apr 2021 01:20:34 +0000</pubDate>
  <dc:creator>admin</dc:creator>
  <guid isPermaLink="false">https://demo2wpopal.b-cdn.net/smartic/wp-content/uploads/revslider/layout_headfone1.jpg</guid>
  <description/>
  <content:encoded><![CDATA[]]></content:encoded>
  <excerpt:encoded><![CDATA[]]></excerpt:encoded>
  <wp:post_id>15381</wp:post_id>
  <wp:post_date>2021-04-16 01:20:34</wp:post_date>
  <wp:post_date_gmt>2021-04-16 01:20:34</wp:post_date_gmt>
  <wp:post_modified>2021-04-19 09:36:07</wp:post_modified>
  <wp:post_modified_gmt>2021-04-19 09:36:07</wp:post_modified_gmt>
  <wp:comment_status>closed</wp:comment_status>
  <wp:ping_status>closed</wp:ping_status>
  <wp:post_name>layout-headfone1-jpg</wp:post_name>
  <wp:status>inherit</wp:status>
  <wp:post_parent>11399</wp:post_parent>
  <wp:menu_order>0</wp:menu_order>
  <wp:post_type>attachment</wp:post_type>
  <wp:post_password/>
  <wp:is_sticky>0</wp:is_sticky>
  <wp:attachment_url>https://demo2wpopal.b-cdn.net/smartic/wp-content/uploads/revslider/layout_headfone1.jpg</wp:attachment_url>
  <wp:postmeta>
    <wp:meta_key>_wp_attached_file</wp:meta_key>
    <wp:meta_value><![CDATA[revslider/layout_headfone1.jpg]]></wp:meta_value>
  </wp:postmeta>
  <wp:postmeta>
    <wp:meta_key>_wp_attachment_metadata</wp:meta_key>
    <wp:meta_value><![CDATA[a:6:{s:5:"width";i:1920;s:6:"height";i:700;s:4:"file";s:30:"revslider/layout_headfone1.jpg";s:8:"filesize";i:66508;s:5:"sizes";a:12:{s:6:"medium";a:5:{s:4:"file";s:28:"layout_headfone1-300x109.jpg";s:5:"width";i:300;s:6:"height";i:109;s:9:"mime-type";s:10:"image/jpeg";s:8:"filesize";i:3655;}s:5:"large";a:5:{s:4:"file";s:29:"layout_headfone1-1024x373.jpg";s:5:"width";i:1024;s:6:"height";i:373;s:9:"mime-type";s:10:"image/jpeg";s:8:"filesize";i:22747;}s:9:"thumbnail";a:5:{s:4:"file";s:28:"layout_headfone1-150x150.jpg";s:5:"width";i:150;s:6:"height";i:150;s:9:"mime-type";s:10:"image/jpeg";s:8:"filesize";i:2668;}s:12:"medium_large";a:5:{s:4:"file";s:28:"layout_headfone1-768x280.jpg";s:5:"width";i:768;s:6:"height";i:280;s:9:"mime-type";s:10:"image/jpeg";s:8:"filesize";i:14189;}s:9:"1536x1536";a:5:{s:4:"file";s:29:"layout_headfone1-1536x560.jpg";s:5:"width";i:1536;s:6:"height";i:560;s:9:"mime-type";s:10:"image/jpeg";s:8:"filesize";i:44955;}s:14:"post-thumbnail";a:5:{s:4:"file";s:29:"layout_headfone1-1000x565.jpg";s:5:"width";i:1000;s:6:"height";i:565;s:9:"mime-type";s:10:"image/jpeg";s:8:"filesize";i:38062;}s:17:"smartic-post-grid";a:5:{s:4:"file";s:28:"layout_headfone1-500x330.jpg";s:5:"width";i:500;s:6:"height";i:330;s:9:"mime-type";s:10:"image/jpeg";s:8:"filesize";i:13125;}s:21:"woocommerce_thumbnail";a:6:{s:4:"file";s:28:"layout_headfone1-500x182.jpg";s:5:"width";i:500;s:6:"height";i:182;s:9:"mime-type";s:10:"image/jpeg";s:8:"filesize";i:7438;s:9:"uncropped";b:1;}s:18:"woocommerce_single";a:5:{s:4:"file";s:28:"layout_headfone1-800x292.jpg";s:5:"width";i:800;s:6:"height";i:292;s:9:"mime-type";s:10:"image/jpeg";s:8:"filesize";i:15323;}s:29:"woocommerce_gallery_thumbnail";a:5:{s:4:"file";s:28:"layout_headfone1-100x100.jpg";s:5:"width";i:100;s:6:"height";i:100;s:9:"mime-type";s:10:"image/jpeg";s:8:"filesize";i:1835;}s:29:"variation_swatches_image_size";a:5:{s:4:"file";s:26:"layout_headfone1-50x50.jpg";s:5:"width";i:50;s:6:"height";i:50;s:9:"mime-type";s:10:"image/jpeg";s:8:"filesize";i:1113;}s:31:"variation_swatches_tooltip_size";a:5:{s:4:"file";s:28:"layout_headfone1-100x100.jpg";s:5:"width";i:100;s:6:"height";i:100;s:9:"mime-type";s:10:"image/jpeg";s:8:"filesize";i:1835;}}s:10:"image_meta";a:12:{s:8:"aperture";s:1:"0";s:6:"credit";s:0:"";s:6:"camera";s:0:"";s:7:"caption";s:0:"";s:17:"created_timestamp";s:1:"0";s:9:"copyright";s:0:"";s:12:"focal_length";s:1:"0";s:3:"iso";s:1:"0";s:13:"shutter_speed";s:1:"0";s:5:"title";s:0:"";s:11:"orientation";s:1:"0";s:8:"keywords";a:0:{}}}]]></wp:meta_value>
  </wp:postmeta>
</item>
<item>
  <title><![CDATA[layout_headfone2.jpg]]></title>
  <link>https://demo2wpopal.b-cdn.net/smartic/home-31/layout-headfone2-jpg/</link>
  <pubDate>Fri, 16 Apr 2021 01:20:37 +0000</pubDate>
  <dc:creator>admin</dc:creator>
  <guid isPermaLink="false">https://demo2wpopal.b-cdn.net/smartic/wp-content/uploads/revslider/layout_headfone2.jpg</guid>
  <description/>
  <content:encoded><![CDATA[]]></content:encoded>
  <excerpt:encoded><![CDATA[]]></excerpt:encoded>
  <wp:post_id>15382</wp:post_id>
  <wp:post_date>2021-04-16 01:20:37</wp:post_date>
  <wp:post_date_gmt>2021-04-16 01:20:37</wp:post_date_gmt>
  <wp:post_modified>2021-04-19 09:36:07</wp:post_modified>
  <wp:post_modified_gmt>2021-04-19 09:36:07</wp:post_modified_gmt>
  <wp:comment_status>closed</wp:comment_status>
  <wp:ping_status>closed</wp:ping_status>
  <wp:post_name>layout-headfone2-jpg</wp:post_name>
  <wp:status>inherit</wp:status>
  <wp:post_parent>11399</wp:post_parent>
  <wp:menu_order>0</wp:menu_order>
  <wp:post_type>attachment</wp:post_type>
  <wp:post_password/>
  <wp:is_sticky>0</wp:is_sticky>
  <wp:attachment_url>https://demo2wpopal.b-cdn.net/smartic/wp-content/uploads/revslider/layout_headfone2.jpg</wp:attachment_url>
  <wp:postmeta>
    <wp:meta_key>_wp_attached_file</wp:meta_key>
    <wp:meta_value><![CDATA[revslider/layout_headfone2.jpg]]></wp:meta_value>
  </wp:postmeta>
  <wp:postmeta>
    <wp:meta_key>_wp_attachment_metadata</wp:meta_key>
    <wp:meta_value><![CDATA[a:6:{s:5:"width";i:1920;s:6:"height";i:700;s:4:"file";s:30:"revslider/layout_headfone2.jpg";s:8:"filesize";i:65653;s:5:"sizes";a:12:{s:6:"medium";a:5:{s:4:"file";s:28:"layout_headfone2-300x109.jpg";s:5:"width";i:300;s:6:"height";i:109;s:9:"mime-type";s:10:"image/jpeg";s:8:"filesize";i:3865;}s:5:"large";a:5:{s:4:"file";s:29:"layout_headfone2-1024x373.jpg";s:5:"width";i:1024;s:6:"height";i:373;s:9:"mime-type";s:10:"image/jpeg";s:8:"filesize";i:22668;}s:9:"thumbnail";a:5:{s:4:"file";s:28:"layout_headfone2-150x150.jpg";s:5:"width";i:150;s:6:"height";i:150;s:9:"mime-type";s:10:"image/jpeg";s:8:"filesize";i:3151;}s:12:"medium_large";a:5:{s:4:"file";s:28:"layout_headfone2-768x280.jpg";s:5:"width";i:768;s:6:"height";i:280;s:9:"mime-type";s:10:"image/jpeg";s:8:"filesize";i:14266;}s:9:"1536x1536";a:5:{s:4:"file";s:29:"layout_headfone2-1536x560.jpg";s:5:"width";i:1536;s:6:"height";i:560;s:9:"mime-type";s:10:"image/jpeg";s:8:"filesize";i:44665;}s:14:"post-thumbnail";a:5:{s:4:"file";s:29:"layout_headfone2-1000x565.jpg";s:5:"width";i:1000;s:6:"height";i:565;s:9:"mime-type";s:10:"image/jpeg";s:8:"filesize";i:37668;}s:17:"smartic-post-grid";a:5:{s:4:"file";s:28:"layout_headfone2-500x330.jpg";s:5:"width";i:500;s:6:"height";i:330;s:9:"mime-type";s:10:"image/jpeg";s:8:"filesize";i:14493;}s:21:"woocommerce_thumbnail";a:6:{s:4:"file";s:28:"layout_headfone2-500x182.jpg";s:5:"width";i:500;s:6:"height";i:182;s:9:"mime-type";s:10:"image/jpeg";s:8:"filesize";i:7719;s:9:"uncropped";b:1;}s:18:"woocommerce_single";a:5:{s:4:"file";s:28:"layout_headfone2-800x292.jpg";s:5:"width";i:800;s:6:"height";i:292;s:9:"mime-type";s:10:"image/jpeg";s:8:"filesize";i:15572;}s:29:"woocommerce_gallery_thumbnail";a:5:{s:4:"file";s:28:"layout_headfone2-100x100.jpg";s:5:"width";i:100;s:6:"height";i:100;s:9:"mime-type";s:10:"image/jpeg";s:8:"filesize";i:2122;}s:29:"variation_swatches_image_size";a:5:{s:4:"file";s:26:"layout_headfone2-50x50.jpg";s:5:"width";i:50;s:6:"height";i:50;s:9:"mime-type";s:10:"image/jpeg";s:8:"filesize";i:1275;}s:31:"variation_swatches_tooltip_size";a:5:{s:4:"file";s:28:"layout_headfone2-100x100.jpg";s:5:"width";i:100;s:6:"height";i:100;s:9:"mime-type";s:10:"image/jpeg";s:8:"filesize";i:2122;}}s:10:"image_meta";a:12:{s:8:"aperture";s:1:"0";s:6:"credit";s:0:"";s:6:"camera";s:0:"";s:7:"caption";s:0:"";s:17:"created_timestamp";s:1:"0";s:9:"copyright";s:0:"";s:12:"focal_length";s:1:"0";s:3:"iso";s:1:"0";s:13:"shutter_speed";s:1:"0";s:5:"title";s:0:"";s:11:"orientation";s:1:"0";s:8:"keywords";a:0:{}}}]]></wp:meta_value>
  </wp:postmeta>
</item>
<item>
  <title><![CDATA[layout_headfone3.jpg]]></title>
  <link>https://demo2wpopal.b-cdn.net/smartic/home-31/layout-headfone3-jpg/</link>
  <pubDate>Fri, 16 Apr 2021 01:20:40 +0000</pubDate>
  <dc:creator>admin</dc:creator>
  <guid isPermaLink="false">https://demo2wpopal.b-cdn.net/smartic/wp-content/uploads/revslider/layout_headfone3.jpg</guid>
  <description/>
  <content:encoded><![CDATA[]]></content:encoded>
  <excerpt:encoded><![CDATA[]]></excerpt:encoded>
  <wp:post_id>15383</wp:post_id>
  <wp:post_date>2021-04-16 01:20:40</wp:post_date>
  <wp:post_date_gmt>2021-04-16 01:20:40</wp:post_date_gmt>
  <wp:post_modified>2021-04-19 09:36:07</wp:post_modified>
  <wp:post_modified_gmt>2021-04-19 09:36:07</wp:post_modified_gmt>
  <wp:comment_status>closed</wp:comment_status>
  <wp:ping_status>closed</wp:ping_status>
  <wp:post_name>layout-headfone3-jpg</wp:post_name>
  <wp:status>inherit</wp:status>
  <wp:post_parent>11399</wp:post_parent>
  <wp:menu_order>0</wp:menu_order>
  <wp:post_type>attachment</wp:post_type>
  <wp:post_password/>
  <wp:is_sticky>0</wp:is_sticky>
  <wp:attachment_url>https://demo2wpopal.b-cdn.net/smartic/wp-content/uploads/revslider/layout_headfone3.jpg</wp:attachment_url>
  <wp:postmeta>
    <wp:meta_key>_wp_attached_file</wp:meta_key>
    <wp:meta_value><![CDATA[revslider/layout_headfone3.jpg]]></wp:meta_value>
  </wp:postmeta>
  <wp:postmeta>
    <wp:meta_key>_wp_attachment_metadata</wp:meta_key>
    <wp:meta_value><![CDATA[a:6:{s:5:"width";i:1920;s:6:"height";i:700;s:4:"file";s:30:"revslider/layout_headfone3.jpg";s:8:"filesize";i:73574;s:5:"sizes";a:12:{s:6:"medium";a:5:{s:4:"file";s:28:"layout_headfone3-300x109.jpg";s:5:"width";i:300;s:6:"height";i:109;s:9:"mime-type";s:10:"image/jpeg";s:8:"filesize";i:4137;}s:5:"large";a:5:{s:4:"file";s:29:"layout_headfone3-1024x373.jpg";s:5:"width";i:1024;s:6:"height";i:373;s:9:"mime-type";s:10:"image/jpeg";s:8:"filesize";i:24969;}s:9:"thumbnail";a:5:{s:4:"file";s:28:"layout_headfone3-150x150.jpg";s:5:"width";i:150;s:6:"height";i:150;s:9:"mime-type";s:10:"image/jpeg";s:8:"filesize";i:3757;}s:12:"medium_large";a:5:{s:4:"file";s:28:"layout_headfone3-768x280.jpg";s:5:"width";i:768;s:6:"height";i:280;s:9:"mime-type";s:10:"image/jpeg";s:8:"filesize";i:15780;}s:9:"1536x1536";a:5:{s:4:"file";s:29:"layout_headfone3-1536x560.jpg";s:5:"width";i:1536;s:6:"height";i:560;s:9:"mime-type";s:10:"image/jpeg";s:8:"filesize";i:48700;}s:14:"post-thumbnail";a:5:{s:4:"file";s:29:"layout_headfone3-1000x565.jpg";s:5:"width";i:1000;s:6:"height";i:565;s:9:"mime-type";s:10:"image/jpeg";s:8:"filesize";i:40713;}s:17:"smartic-post-grid";a:5:{s:4:"file";s:28:"layout_headfone3-500x330.jpg";s:5:"width";i:500;s:6:"height";i:330;s:9:"mime-type";s:10:"image/jpeg";s:8:"filesize";i:15994;}s:21:"woocommerce_thumbnail";a:6:{s:4:"file";s:28:"layout_headfone3-500x182.jpg";s:5:"width";i:500;s:6:"height";i:182;s:9:"mime-type";s:10:"image/jpeg";s:8:"filesize";i:8348;s:9:"uncropped";b:1;}s:18:"woocommerce_single";a:5:{s:4:"file";s:28:"layout_headfone3-800x292.jpg";s:5:"width";i:800;s:6:"height";i:292;s:9:"mime-type";s:10:"image/jpeg";s:8:"filesize";i:17073;}s:29:"woocommerce_gallery_thumbnail";a:5:{s:4:"file";s:28:"layout_headfone3-100x100.jpg";s:5:"width";i:100;s:6:"height";i:100;s:9:"mime-type";s:10:"image/jpeg";s:8:"filesize";i:2336;}s:29:"variation_swatches_image_size";a:5:{s:4:"file";s:26:"layout_headfone3-50x50.jpg";s:5:"width";i:50;s:6:"height";i:50;s:9:"mime-type";s:10:"image/jpeg";s:8:"filesize";i:1278;}s:31:"variation_swatches_tooltip_size";a:5:{s:4:"file";s:28:"layout_headfone3-100x100.jpg";s:5:"width";i:100;s:6:"height";i:100;s:9:"mime-type";s:10:"image/jpeg";s:8:"filesize";i:2336;}}s:10:"image_meta";a:12:{s:8:"aperture";s:1:"0";s:6:"credit";s:0:"";s:6:"camera";s:0:"";s:7:"caption";s:0:"";s:17:"created_timestamp";s:1:"0";s:9:"copyright";s:0:"";s:12:"focal_length";s:1:"0";s:3:"iso";s:1:"0";s:13:"shutter_speed";s:1:"0";s:5:"title";s:0:"";s:11:"orientation";s:1:"0";s:8:"keywords";a:0:{}}}]]></wp:meta_value>
  </wp:postmeta>
</item>
<item>
  <title><![CDATA[layout_headfone4.jpg]]></title>
  <link>https://demo2wpopal.b-cdn.net/smartic/home-31/layout-headfone4-jpg/</link>
  <pubDate>Fri, 16 Apr 2021 01:20:42 +0000</pubDate>
  <dc:creator>admin</dc:creator>
  <guid isPermaLink="false">https://demo2wpopal.b-cdn.net/smartic/wp-content/uploads/revslider/layout_headfone4.jpg</guid>
  <description/>
  <content:encoded><![CDATA[]]></content:encoded>
  <excerpt:encoded><![CDATA[]]></excerpt:encoded>
  <wp:post_id>15384</wp:post_id>
  <wp:post_date>2021-04-16 01:20:42</wp:post_date>
  <wp:post_date_gmt>2021-04-16 01:20:42</wp:post_date_gmt>
  <wp:post_modified>2021-04-19 09:36:07</wp:post_modified>
  <wp:post_modified_gmt>2021-04-19 09:36:07</wp:post_modified_gmt>
  <wp:comment_status>closed</wp:comment_status>
  <wp:ping_status>closed</wp:ping_status>
  <wp:post_name>layout-headfone4-jpg</wp:post_name>
  <wp:status>inherit</wp:status>
  <wp:post_parent>11399</wp:post_parent>
  <wp:menu_order>0</wp:menu_order>
  <wp:post_type>attachment</wp:post_type>
  <wp:post_password/>
  <wp:is_sticky>0</wp:is_sticky>
  <wp:attachment_url>https://demo2wpopal.b-cdn.net/smartic/wp-content/uploads/revslider/layout_headfone4.jpg</wp:attachment_url>
  <wp:postmeta>
    <wp:meta_key>_wp_attached_file</wp:meta_key>
    <wp:meta_value><![CDATA[revslider/layout_headfone4.jpg]]></wp:meta_value>
  </wp:postmeta>
  <wp:postmeta>
    <wp:meta_key>_wp_attachment_metadata</wp:meta_key>
    <wp:meta_value><![CDATA[a:6:{s:5:"width";i:1920;s:6:"height";i:700;s:4:"file";s:30:"revslider/layout_headfone4.jpg";s:8:"filesize";i:46786;s:5:"sizes";a:12:{s:6:"medium";a:5:{s:4:"file";s:28:"layout_headfone4-300x109.jpg";s:5:"width";i:300;s:6:"height";i:109;s:9:"mime-type";s:10:"image/jpeg";s:8:"filesize";i:3898;}s:5:"large";a:5:{s:4:"file";s:29:"layout_headfone4-1024x373.jpg";s:5:"width";i:1024;s:6:"height";i:373;s:9:"mime-type";s:10:"image/jpeg";s:8:"filesize";i:20728;}s:9:"thumbnail";a:5:{s:4:"file";s:28:"layout_headfone4-150x150.jpg";s:5:"width";i:150;s:6:"height";i:150;s:9:"mime-type";s:10:"image/jpeg";s:8:"filesize";i:4075;}s:12:"medium_large";a:5:{s:4:"file";s:28:"layout_headfone4-768x280.jpg";s:5:"width";i:768;s:6:"height";i:280;s:9:"mime-type";s:10:"image/jpeg";s:8:"filesize";i:13518;}s:9:"1536x1536";a:5:{s:4:"file";s:29:"layout_headfone4-1536x560.jpg";s:5:"width";i:1536;s:6:"height";i:560;s:9:"mime-type";s:10:"image/jpeg";s:8:"filesize";i:38312;}s:14:"post-thumbnail";a:5:{s:4:"file";s:29:"layout_headfone4-1000x565.jpg";s:5:"width";i:1000;s:6:"height";i:565;s:9:"mime-type";s:10:"image/jpeg";s:8:"filesize";i:33686;}s:17:"smartic-post-grid";a:5:{s:4:"file";s:28:"layout_headfone4-500x330.jpg";s:5:"width";i:500;s:6:"height";i:330;s:9:"mime-type";s:10:"image/jpeg";s:8:"filesize";i:14038;}s:21:"woocommerce_thumbnail";a:6:{s:4:"file";s:28:"layout_headfone4-500x182.jpg";s:5:"width";i:500;s:6:"height";i:182;s:9:"mime-type";s:10:"image/jpeg";s:8:"filesize";i:7614;s:9:"uncropped";b:1;}s:18:"woocommerce_single";a:5:{s:4:"file";s:28:"layout_headfone4-800x292.jpg";s:5:"width";i:800;s:6:"height";i:292;s:9:"mime-type";s:10:"image/jpeg";s:8:"filesize";i:14758;}s:29:"woocommerce_gallery_thumbnail";a:5:{s:4:"file";s:28:"layout_headfone4-100x100.jpg";s:5:"width";i:100;s:6:"height";i:100;s:9:"mime-type";s:10:"image/jpeg";s:8:"filesize";i:2678;}s:29:"variation_swatches_image_size";a:5:{s:4:"file";s:26:"layout_headfone4-50x50.jpg";s:5:"width";i:50;s:6:"height";i:50;s:9:"mime-type";s:10:"image/jpeg";s:8:"filesize";i:1437;}s:31:"variation_swatches_tooltip_size";a:5:{s:4:"file";s:28:"layout_headfone4-100x100.jpg";s:5:"width";i:100;s:6:"height";i:100;s:9:"mime-type";s:10:"image/jpeg";s:8:"filesize";i:2678;}}s:10:"image_meta";a:12:{s:8:"aperture";s:1:"0";s:6:"credit";s:0:"";s:6:"camera";s:0:"";s:7:"caption";s:0:"";s:17:"created_timestamp";s:1:"0";s:9:"copyright";s:0:"";s:12:"focal_length";s:1:"0";s:3:"iso";s:1:"0";s:13:"shutter_speed";s:1:"0";s:5:"title";s:0:"";s:11:"orientation";s:1:"0";s:8:"keywords";a:0:{}}}]]></wp:meta_value>
  </wp:postmeta>
</item>
  </channel>
</rss>
